gid,visteam,hometeam,site,date,number,starttime,daynight,innings,tiebreaker,usedh,htbf,timeofgame,attendance,fieldcond,precip,sky,temp,winddir,windspeed,oscorer,forfeit,suspend,umphome,ump1b,ump2b,ump3b,umplf,umprf,wp,lp,save,gametype,vruns,hruns,wteam,lteam,line,batteries,lineups,box,pbp,season
ANA199704020,BOS,ANA,ANA01,19970402,0,7:38PM,night,,,true,,227,30874,dry,none,night,52,fromcf,15,munse701,,,kaisk901,brinj901,cousd901,welkt901,,,mahop001,perct001,sloch001,regular,6,5,BOS,ANA,y,both,y,y,y,1997
ANA199704030,BOS,ANA,ANA01,19970403,0,7:38PM,night,,,true,,127,17323,dry,none,night,58,ltor,15,munse701,,,brinj901,cousd901,welkt901,kaisk901,,,dickj001,waket001,,regular,0,2,ANA,BOS,y,both,y,y,y,1997
ANA199704040,CLE,ANA,ANA01,19970404,0,7:06PM,night,,,true,,252,17758,dry,none,night,63,tocf,4,munse701,,,roe-r901,merrd901,scotd901,phild901,,,holtm001,shuep001,,regular,6,8,ANA,CLE,y,both,y,y,y,1997
ANA199704050,CLE,ANA,ANA01,19970405,0,7:05PM,night,,,true,,189,23913,dry,none,night,62,tocf,8,munse701,,,merrd901,scotd901,phild901,roe-r901,,,ogeac001,hases001,shuep001,regular,7,5,CLE,ANA,y,both,y,y,y,1997
ANA199704060,CLE,ANA,ANA01,19970406,0,5:05PM,night,,,true,,204,29363,dry,none,night,65,ltor,8,munse701,,,scotd901,phild901,roe-r901,merrd901,,,klins002,perct001,jackm001,regular,10,8,CLE,ANA,y,both,y,y,y,1997
ANA199704070,NYA,ANA,ANA01,19970407,0,7:05PM,night,,,true,,204,16514,dry,none,night,68,tolf,5,munse701,,,fordd901,reilm901,younl901,garcr901,,,petta001,langm001,rivem002,regular,5,3,NYA,ANA,y,both,y,y,y,1997
ANA199704080,NYA,ANA,ANA01,19970408,0,7:05PM,night,,,true,,258,17202,dry,none,night,68,tocf,5,munse701,,,reilm901,younl901,garcr901,fordd901,,,jamem001,nelsj001,,regular,9,10,ANA,NYA,y,both,y,y,y,1997
ANA199704090,NYA,ANA,ANA01,19970409,0,7:35PM,night,,,true,,172,19242,dry,none,night,60,tocf,12,munse701,,,younl901,garcr901,fordd901,reilm901,,,welld001,watsa001,,regular,12,5,NYA,ANA,y,both,y,y,y,1997
CLE199704110,ANA,CLE,CLE08,19970411,0,1:05PM,day,,,true,,192,42643,dry,none,cloudy,51,tolf,8,,,,evanj901,meric901,craft901,mccol901,,,ogeac001,gubim001,,regular,3,15,CLE,ANA,y,both,y,y,y,1997
CLE199704130,ANA,CLE,CLE08,19970413,0,1:05PM,day,,,true,,209,41218,dry,none,overcast,40,torf,24,,,,craft901,meric901,evanj901,mccol901,,,langm001,mcdoj001,,regular,8,3,ANA,CLE,y,both,y,y,y,1997
NYA199704140,ANA,NYA,NYC16,19970414,0,7:35PM,night,,,true,,160,15082,dry,none,night,54,ltor,12,,,,hirsj901,onorb901,mckej901,hendt901,,,dickj001,rogek001,,regular,5,1,ANA,NYA,y,both,y,y,y,1997
NYA199704150,ANA,NYA,NYC16,19970415,0,7:35PM,night,,,true,,229,16944,dry,none,night,56,rtol,9,,,,onorb901,mckej901,hendt901,hirsj901,,,hases001,rivem002,jamem001,regular,6,5,ANA,NYA,y,both,y,y,y,1997
MIN199704160,ANA,MIN,MIN03,19970416,0,7:07PM,night,,,true,,159,11517,dry,none,dome,67,unknown,0,,,,cedeg901,cobld901,mcclt901,johnm901,,,rober001,watsa001,aguir001,regular,2,4,MIN,ANA,y,both,y,y,y,1997
MIN199704170,ANA,MIN,MIN03,19970417,0,12:15PM,day,,,true,,204,11646,unknown,unknown,dome,0,unknown,-1,,,,cobld901,mcclt901,johnm901,cedeg901,,,swing001,jamem001,,regular,3,4,MIN,ANA,y,both,y,y,y,1997
KCA199704190,ANA,KCA,KAN06,19970419,0,7:06PM,night,,,true,,161,18888,wet,showers,night,68,fromcf,0,,,,roe-r901,merrd901,scotd901,phild901,,,appik001,langm001,,regular,3,7,KCA,ANA,y,both,y,y,y,1997
KCA199704200,ANA,KCA,KAN06,19970420,0,1:04PM,day,,,true,,145,17176,wet,none,night,59,fromrf,12,,,,merrd901,scotd901,phild901,roe-r901,,,dickj001,ruscg001,,regular,11,1,ANA,KCA,y,both,y,y,y,1997
ANA199704210,TOR,ANA,ANA01,19970421,0,7:06PM,night,,,true,,244,13413,dry,none,night,70,rtol,5,munse701,,,clara901,morrd901,barrt901,koscg901,,,delur001,spolp001,,regular,4,5,ANA,TOR,y,both,y,y,y,1997
ANA199704220,TOR,ANA,ANA01,19970422,0,7:05PM,night,,,true,,164,13353,dry,none,night,70,tocf,8,munse701,,,morrd901,barrt901,koscg901,clara901,,,quanp001,jamem001,plesd001,regular,7,6,TOR,ANA,y,both,y,y,y,1997
ANA199704230,TOR,ANA,ANA01,19970423,0,7:40PM,night,,,true,,193,13117,dry,none,night,70,torf,9,munse701,,,barrt901,koscg901,clara901,morrd901,,,delur001,spolp001,,regular,4,5,ANA,TOR,y,both,y,y,y,1997
ANA199704250,DET,ANA,ANA01,19970425,0,7:07PM,night,,,true,,169,30464,dry,none,night,75,tocf,5,munse701,,,merrd901,scotd901,phild901,roe-r901,,,dickj001,liraf001,,regular,3,8,ANA,DET,y,both,y,y,y,1997
ANA199704260,DET,ANA,ANA01,19970426,0,7:05PM,night,,,true,,138,30872,dry,none,night,76,torf,9,munse701,,,scotd901,phild901,roe-r901,merrd901,,,moehb001,finlc001,,regular,2,0,DET,ANA,y,both,y,y,y,1997
ANA199704270,DET,ANA,ANA01,19970427,0,1:06PM,day,,,true,,186,16409,dry,none,sunny,78,rtol,10,munse701,,,barrt901,roe-r901,merrd901,scotd901,,,jamem001,myerm001,,regular,5,6,ANA,DET,y,both,y,y,y,1997
BOS199704290,ANA,BOS,BOS07,19970429,0,6:07PM,night,,,true,,229,19347,dry,none,night,67,ltor,13,,,,onorb901,mckej901,hendt901,hirsj901,,,holtm001,henrb001,jamem001,regular,5,4,ANA,BOS,y,both,y,y,y,1997
BOS199704300,ANA,BOS,BOS07,19970430,0,6:07PM,night,,,true,,156,20322,dry,none,night,74,tolf,20,,,,mckej901,hendt901,hirsj901,onorb901,,,hammc001,dickj001,,regular,2,11,BOS,ANA,y,both,y,y,y,1997
CHA199705031,ANA,CHA,CHI12,19970503,1,2:36PM,day,,,true,,165,0,dry,none,unknown,53,torf,24,,,,clara901,morrd901,barnl901,koscg901,,,watsa001,baldj002,delur001,regular,3,2,ANA,CHA,y,both,y,y,y,1997
CHA199705032,ANA,CHA,CHI12,19970503,2,6:00PM,night,,,true,,157,24004,damp,showers,night,41,tocf,21,,,,morrd901,barnl901,koscg901,clara901,,,drabd001,sprid001,hernr001,regular,2,4,CHA,ANA,y,both,y,y,y,1997
CHA199705040,ANA,CHA,CHI12,19970504,0,1:05PM,day,,,true,,180,22181,wet,none,sunny,59,rtol,14,,,,barnl901,koscg901,clara901,morrd901,,,navaj001,harrp001,hernr001,regular,2,4,CHA,ANA,y,both,y,y,y,1997
BAL199705050,ANA,BAL,BAL12,19970505,0,7:36PM,night,,,true,,180,41296,dry,none,cloudy,73,rtol,10,,,,cobld901,mcclt901,culbf901,cedeg901,,,dickj001,kamis001,jamem001,regular,7,2,ANA,BAL,y,both,y,y,y,1997
BAL199705060,ANA,BAL,BAL12,19970506,0,7:37PM,night,,,true,,163,37150,dry,none,cloudy,67,ltor,25,,,,mcclt901,culbf901,cedeg901,cobld901,,,erics001,finlc001,myerr001,regular,4,8,BAL,ANA,y,both,y,y,y,1997
BAL199705070,ANA,BAL,BAL12,19970507,0,7:37PM,night,,,true,,163,43858,dry,none,night,65,ltor,19,,,,culbf901,cedeg901,cobld901,mcclt901,,,key-j001,watsa001,myerr001,regular,0,3,BAL,ANA,y,both,y,y,y,1997
MIL199705090,ANA,MIL,MIL05,19970509,0,7:07PM,night,,,true,,180,12135,dry,none,night,53,torf,20,,,,welkt901,kaisk901,brinj901,cousd901,,,eldrc001,hases001,joned001,regular,4,5,MIL,ANA,y,both,y,y,y,1997
MIL199705100,ANA,MIL,MIL05,19970510,0,1:07PM,day,,,true,,218,15240,dry,none,sunny,56,tolf,6,,,,kaisk901,brinj901,cousd901,welkt901,,,joned001,delur001,,regular,3,4,MIL,ANA,y,both,y,y,y,1997
MIL199705110,ANA,MIL,MIL05,19970511,0,1:05PM,day,,,true,,175,17411,dry,none,sunny,66,fromrf,26,,,,brinj901,cousd901,welkt901,kaisk901,,,mcdob001,finlc001,joned001,regular,2,5,MIL,ANA,y,both,y,y,y,1997
ANA199705120,CHA,ANA,ANA01,19970512,0,7:05PM,night,,,true,,224,14540,dry,none,night,69,rtol,5,munse701,,,cedeg901,cobld901,mcclt901,culbf901,,,delur001,levia001,,regular,8,16,ANA,CHA,y,both,y,y,y,1997
ANA199705130,CHA,ANA,ANA01,19970513,0,7:05PM,night,,,true,,198,14806,dry,none,night,73,tocf,8,munse701,,,cobld901,mcclt901,culbf901,cedeg901,,,langm001,baldj002,jamem001,regular,7,8,ANA,CHA,y,both,y,y,y,1997
ANA199705140,BAL,ANA,ANA01,19970514,0,7:35PM,night,,,true,,175,15780,dry,none,night,71,ltor,5,munse701,,,meric901,evanj901,mccol901,craft901,,,sprid001,bosks001,holtm001,regular,5,6,ANA,BAL,y,both,y,y,y,1997
ANA199705150,BAL,ANA,ANA01,19970515,0,7:06PM,night,,,true,,178,15966,unknown,none,night,79,rtol,5,munse701,,,evanj901,mccol901,craft901,meric901,,,dickj001,kamis001,jamem001,regular,2,3,ANA,BAL,y,both,y,y,y,1997
ANA199705160,MIL,ANA,ANA01,19970516,0,7:05PM,night,,,true,,166,26033,dry,none,night,73,ltor,8,munse701,,,denkd901,shulj901,reedr901,tscht901,,,finlc001,mcdob001,,regular,1,5,ANA,MIL,y,both,y,y,y,1997
ANA199705170,MIL,ANA,ANA01,19970517,0,7:06PM,night,,,true,,192,34922,dry,none,night,69,ltor,8,munse701,,,shulj901,reedr901,tscht901,denkd901,,,perct001,fettm001,,regular,5,6,ANA,MIL,y,both,y,y,y,1997
ANA199705180,MIL,ANA,ANA01,19970518,0,1:05PM,day,,,true,,146,16665,dry,none,cloudy,78,torf,5,munse701,,,reedr901,tscht901,denkd901,shulj901,,,sprid001,mercj001,jamem001,regular,4,5,ANA,MIL,y,both,y,y,y,1997
ANA199705190,SEA,ANA,ANA01,19970519,0,7:05PM,night,,,true,,188,17279,dry,none,night,71,tolf,5,munse701,,,garcr901,fordd901,reilm901,younl901,,,moyej001,langm001,,regular,13,4,SEA,ANA,y,both,y,y,y,1997
ANA199705200,SEA,ANA,ANA01,19970520,0,7:05PM,night,,,true,,207,17492,dry,none,night,71,ltor,5,munse701,,,fordd901,reilm901,younl901,garcr901,,,delur001,manzj001,perct001,regular,9,11,ANA,SEA,y,both,y,y,y,1997
ANA199705210,SEA,ANA,ANA01,19970521,0,7:35PM,night,,,true,,198,20295,dry,none,night,70,ltor,8,munse701,,,reilm901,younl901,garcr901,fordd901,,,finlc001,martd001,,regular,3,18,ANA,SEA,y,both,y,y,y,1997
TOR199705230,ANA,TOR,TOR02,19970523,0,7:35PM,night,,,true,,193,30209,unknown,unknown,dome,0,unknown,-1,,,,reedr901,culbf901,cedeg901,cobld901,,,sprid001,guzmj003,,regular,12,2,ANA,TOR,y,both,y,y,y,1997
TOR199705240,ANA,TOR,TOR02,19970524,0,1:05PM,day,,,true,,155,28351,dry,none,sunny,64,tolf,15,,,,culbf901,cedeg901,cobld901,reedr901,,,watsa001,willw001,perct001,regular,3,1,ANA,TOR,y,both,y,y,y,1997
TOR199705250,ANA,TOR,TOR02,19970525,0,1:05PM,day,,,true,,221,28180,unknown,unknown,dome,0,unknown,-1,,,,cedeg901,cobld901,reedr901,culbf901,,,timlm001,delur001,,regular,3,4,TOR,ANA,y,both,y,y,y,1997
DET199705260,ANA,DET,DET04,19970526,0,1:05PM,day,,,true,,161,12562,dry,none,sunny,54,fromrf,14,,,,denkd901,shulj901,reedr901,tscht901,,,olivo001,finlc001,,regular,0,6,DET,ANA,y,both,y,y,y,1997
DET199705270,ANA,DET,DET04,19970527,0,7:05PM,night,,,true,,162,8042,dry,none,night,65,fromrf,16,,,,shulj901,reedr901,tscht901,denkd901,,,thomj003,perim001,myerm001,regular,2,6,DET,ANA,y,both,y,y,y,1997
OAK199705280,ANA,OAK,OAK01,19970528,0,7:39PM,night,,,true,,197,8148,dry,none,night,74,tocf,17,,,,mckej901,hirsj901,onorb901,joycj901,,,perct001,mohlm001,,regular,14,10,ANA,OAK,y,both,y,y,y,1997
OAK199705290,ANA,OAK,OAK01,19970529,0,12:18PM,day,,,true,,156,10335,dry,none,cloudy,76,torf,12,,,,hirsj901,onorb901,joycj901,mckej901,,,watsa001,wengd001,,regular,7,1,ANA,OAK,y,both,y,y,y,1997
ANA199705300,MIN,ANA,ANA01,19970530,0,7:05PM,night,,,true,,169,28922,dry,none,night,78,tolf,5,munse701,,,kaisk901,brinj901,cousd901,welkt901,,,tewkb001,dickj001,aguir001,regular,4,3,MIN,ANA,y,both,y,y,y,1997
ANA199705310,MIN,ANA,ANA01,19970531,0,7:05PM,night,,,true,,177,19147,dry,none,night,75,rtol,8,munse701,,,brinj901,cousd901,welkt901,kaisk901,,,finlc001,aldrs001,perct001,regular,3,5,ANA,MIN,y,both,y,y,y,1997
ANA199706010,MIN,ANA,ANA01,19970601,0,1:05PM,day,,,true,,232,23875,dry,none,sunny,85,rtol,8,munse701,,,cousd901,welkt901,kaisk901,brinj901,,,swing001,hases001,aguir001,regular,5,4,MIN,ANA,y,both,y,y,y,1997
ANA199706030,KCA,ANA,ANA01,19970603,0,7:05PM,night,,,true,,156,14492,dry,none,night,0,unknown,-1,munse701,,,hendt901,hirsj901,hicke901,mckej901,,,belct001,sprid001,pichh001,regular,5,2,KCA,ANA,y,both,y,y,y,1997
ANA199706040,KCA,ANA,ANA01,19970604,0,7:36PM,night,,,true,,159,13220,dry,none,night,73,tolf,5,munse701,,,hirsj901,hicke901,mckej901,hendt901,,,watsa001,ruscg001,,regular,3,7,ANA,KCA,y,both,y,y,y,1997
MIN199706050,ANA,MIN,MIN03,19970605,0,7:05PM,night,,,true,,161,10503,dry,none,dome,0,unknown,-1,,,,barnl901,koscg901,clara901,morrd901,,,dickj001,tewkb001,perct001,regular,3,0,ANA,MIN,y,both,y,y,y,1997
MIN199706060,ANA,MIN,MIN03,19970606,0,7:05PM,night,,,true,,197,21045,dry,none,dome,68,unknown,0,,,,koscg901,clara901,morrd901,barnl901,,,swing001,harrp001,aguir001,regular,7,9,MIN,ANA,y,both,y,y,y,1997
MIN199706070,ANA,MIN,MIN03,19970607,0,7:06PM,night,,,true,,156,16395,dry,none,dome,0,unknown,-1,,,,clara901,morrd901,barnl901,koscg901,,,radkb001,perim001,,regular,1,6,MIN,ANA,y,both,y,y,y,1997
MIN199706080,ANA,MIN,MIN03,19970608,0,2:05PM,day,,,true,,166,15356,unknown,unknown,dome,0,unknown,-1,,,,morrd901,barnl901,koscg901,clara901,,,sprid001,tromm001,perct001,regular,8,6,ANA,MIN,y,both,y,y,y,1997
KCA199706090,ANA,KCA,KAN06,19970609,0,7:04PM,night,,,true,,177,15876,dry,none,night,73,fromcf,18,,,,phild901,roe-r901,merrd901,scotd901,,,watsa001,ruscg001,,regular,12,5,ANA,KCA,y,both,y,y,y,1997
KCA199706100,ANA,KCA,KAN06,19970610,0,7:05PM,night,,,true,,172,14774,dry,none,night,75,rtol,15,,,,roe-r901,merrd901,scotd901,phild901,,,dickj001,appik001,,regular,6,2,ANA,KCA,y,both,y,y,y,1997
KCA199706110,ANA,KCA,KAN06,19970611,0,1:05PM,day,,,true,,167,15274,dry,none,cloudy,75,fromcf,1,,,,merrd901,scotd901,phild901,roe-r901,,,rosaj001,finlc001,,regular,1,6,KCA,ANA,y,both,y,y,y,1997
ANA199706120,SDN,ANA,ANA01,19970612,0,7:05PM,night,,,true,,191,22164,dry,none,night,65,fromlf,5,munse701,,,craft901,meric901,evanj901,mccol901,,,jamem001,murrh001,,regular,4,8,ANA,SDN,y,both,y,y,y,1997
ANA199706130,SDN,ANA,ANA01,19970613,0,7:05PM,night,,,true,,303,24664,dry,none,night,68,ltor,8,munse701,,,meric901,evanj901,mccol901,craft901,,,bochd001,hases001,worrt002,regular,8,7,SDN,ANA,y,both,y,y,y,1997
ANA199706140,SFN,ANA,ANA01,19970614,0,7:05PM,night,,,true,,201,27875,dry,none,night,69,ltor,3,munse701,,,evanj901,mccol901,craft901,meric901,,,roa-j001,watsa001,,regular,10,3,SFN,ANA,y,both,y,y,y,1997
ANA199706150,SFN,ANA,ANA01,19970615,0,1:05PM,day,,,true,,208,30404,dry,none,cloudy,75,ltor,7,munse701,,,mccol901,craft901,meric901,evanj901,,,vanlb001,dickj001,beckr001,regular,4,1,SFN,ANA,y,both,y,y,y,1997
LAN199706170,ANA,LAN,LOS03,19970617,0,7:05PM,night,,,false,,175,41428,dry,none,night,74,ltor,9,,,,demud901,danlk901,darlg901,nelsj901,,,halld002,perct001,,regular,3,4,LAN,ANA,y,both,y,y,y,1997
LAN199706180,ANA,LAN,LOS03,19970618,0,7:35PM,night,,,false,,190,45953,dry,none,night,73,ltor,6,,,,danlk901,darlg901,nelsj901,demud901,,,dreid001,holtm001,worrt001,regular,5,7,LAN,ANA,y,both,y,y,y,1997
ANA199706190,OAK,ANA,ANA01,19970619,0,7:05PM,night,,,true,,213,17034,dry,none,night,76,ltor,7,munse701,,,everm901,tscht901,denkd901,shulj901,,,jamem001,taylb001,,regular,3,4,ANA,OAK,y,both,y,y,y,1997
ANA199706200,OAK,ANA,ANA01,19970620,0,7:05PM,night,,,true,,138,19503,dry,none,night,71,tolf,8,munse701,,,tscht901,denkd901,shulj901,everm901,,,grosk001,wengd001,perct001,regular,2,5,ANA,OAK,y,both,y,y,y,1997
ANA199706210,OAK,ANA,ANA01,19970621,0,7:05PM,night,,,true,,202,24481,dry,none,night,71,ltor,5,munse701,,,denkd901,shulj901,everm901,tscht901,,,delur001,priea001,perct001,regular,3,5,ANA,OAK,y,both,y,y,y,1997
ANA199706220,OAK,ANA,ANA01,19970622,0,1:05PM,day,,,true,,196,23389,dry,none,sunny,80,ltor,4,munse701,,,shulj901,everm901,tscht901,denkd901,,,harrp001,smala001,perct001,regular,6,7,ANA,OAK,y,both,y,y,y,1997
TEX199706230,ANA,TEX,ARL02,19970623,0,7:36PM,night,,,true,,196,41984,dry,none,night,78,ltor,12,,,,tscht901,denkd901,reedr901,shulj901,,,watsa001,olivd001,delur001,regular,1,0,ANA,TEX,y,both,y,y,y,1997
TEX199706240,ANA,TEX,ARL02,19970624,0,7:36PM,night,,,true,,221,36914,dry,none,night,88,fromcf,15,,,,denkd901,reedr901,(none),shulj901,,,delur001,hernx001,perct001,regular,7,6,ANA,TEX,y,both,y,y,y,1997
TEX199706250,ANA,TEX,ARL02,19970625,0,1:36PM,day,,,true,,198,42863,dry,none,sunny,92,fromcf,8,,,,reedr901,shulj901,everm901,denkd901,,,gunde001,holtm001,,regular,4,5,TEX,ANA,y,both,y,y,y,1997
SEA199706260,ANA,SEA,SEA02,19970626,0,7:06PM,night,,,true,,171,31248,dry,none,dome,0,unknown,-1,,,,cedeg901,mcclt901,johnm901,cobld901,,,moyej001,dickj001,charn001,regular,3,6,SEA,ANA,y,both,y,y,y,1997
SEA199706270,ANA,SEA,SEA02,19970627,0,7:07PM,night,,,true,,162,32247,dry,none,dome,0,unknown,-1,,,,mcclt901,johnm901,cobld901,cedeg901,,,fassj001,finlc001,,regular,1,8,SEA,ANA,y,both,y,y,y,1997
SEA199706280,ANA,SEA,SEA02,19970628,0,7:07PM,night,,,true,,166,38750,dry,none,dome,68,tocf,2,,,,johnm901,cobld901,cedeg901,mcclt901,,,watsa001,lowed001,,regular,6,1,ANA,SEA,y,both,y,y,y,1997
SEA199706290,ANA,SEA,SEA02,19970629,0,1:35PM,day,,,true,,175,42760,unknown,unknown,dome,0,unknown,-1,,,,cobld901,cedeg901,mcclt901,johnm901,,,ayalb002,delur001,,regular,2,3,SEA,ANA,y,both,y,y,y,1997
COL199706300,ANA,COL,DEN02,19970630,0,7:07PM,night,,,false,,212,48359,dry,none,night,94,fromcf,14,,,,barrm901,pullf901,grege901,davib902,,,dipoj001,grosk001,,regular,7,11,COL,ANA,y,both,y,y,y,1997
COL199707010,ANA,COL,DEN02,19970701,0,1:05PM,day,,,false,,173,48235,dry,none,sunny,82,fromlf,8,,,,pullf901,grege901,davib902,barrm901,,,finlc001,burkj002,perct001,regular,4,1,ANA,COL,y,both,y,y,y,1997
ANA199707020,LAN,ANA,ANA01,19970702,0,7:36PM,night,,,true,,218,34507,dry,none,night,80,ltor,3,munse701,,,johnm901,culbf901,cedeg901,mcclt901,,,radis001,perct001,worrt001,regular,5,4,LAN,ANA,y,both,y,y,y,1997
ANA199707030,LAN,ANA,ANA01,19970703,0,7:05PM,night,,,true,,213,35295,dry,none,night,85,ltor,5,munse701,,,culbf901,cedeg901,mcclt901,johnm901,,,nomoh001,watsa001,,regular,8,2,LAN,ANA,y,both,y,y,y,1997
ANA199707040,SEA,ANA,ANA01,19970704,0,7:08PM,night,,,true,,170,34839,dry,none,night,80,ltor,7,munse701,,,cedeg901,mcclt901,johnm901,culbf901,,,johnr005,sprid001,,regular,7,3,SEA,ANA,y,both,y,y,y,1997
ANA199707050,SEA,ANA,ANA01,19970705,0,7:05PM,night,,,true,,197,26301,dry,none,night,78,ltor,6,munse701,,,mcclt901,johnm901,culbf901,cedeg901,,,perct001,charn001,,regular,4,5,ANA,SEA,y,both,y,y,y,1997
ANA199707060,SEA,ANA,ANA01,19970706,0,5:06PM,night,,,true,,163,22916,dry,none,sunny,78,ltor,6,munse701,,,johnm901,culbf901,cedeg901,mcclt901,,,finlc001,fassj001,,regular,0,8,ANA,SEA,y,both,y,y,y,1997
OAK199707100,ANA,OAK,OAK01,19970710,0,12:18PM,day,,,true,,168,10827,dry,none,cloudy,70,torf,10,,,,onorb901,fordd901,reilm901,younl901,,,watsa001,rigbb001,delur001,regular,8,4,ANA,OAK,y,both,y,y,y,1997
OAK199707110,ANA,OAK,OAK01,19970711,0,7:36PM,night,,,true,,184,12586,dry,none,night,64,ltor,12,,,,fordd901,reilm901,younl901,onorb901,,,dickj001,karss001,,regular,14,4,ANA,OAK,y,both,y,y,y,1997
OAK199707120,ANA,OAK,OAK01,19970712,0,1:08PM,day,,,true,,194,22093,dry,none,sunny,73,torf,6,,,,reilm901,younl901,onorb901,fordd901,,,finlc001,priea001,perct001,regular,6,3,ANA,OAK,y,both,y,y,y,1997
OAK199707130,ANA,OAK,OAK01,19970713,0,1:15PM,day,,,true,,199,15164,dry,none,sunny,86,fromcf,15,,,,younl901,onorb901,fordd901,reilm901,,,hases001,oquim001,perct001,regular,5,3,ANA,OAK,y,both,y,y,y,1997
ANA199707140,TEX,ANA,ANA01,19970714,0,7:05PM,night,,,true,,181,17272,dry,none,night,82,ltor,4,munse701,,,shulj901,dimur901,denkd901,reedr901,,,grosk001,wettj001,,regular,5,6,ANA,TEX,y,both,y,y,y,1997
ANA199707150,TEX,ANA,ANA01,19970715,0,7:05PM,night,,,true,,170,18197,dry,none,night,77,ltor,8,munse701,,,dimur901,denkd901,reedr901,shulj901,,,dickj001,hillk001,,regular,2,6,ANA,TEX,y,both,y,y,y,1997
ANA199707160,DET,ANA,ANA01,19970716,0,7:35PM,night,,,true,,170,16570,dry,none,night,80,tolf,7,munse701,,,fordd901,reilm901,onorb901,garcr901,,,finlc001,moehb001,perct001,regular,3,5,ANA,DET,y,both,y,y,y,1997
ANA199707170,DET,ANA,ANA01,19970717,0,7:05PM,night,,,true,,164,19246,dry,none,night,77,ltor,5,munse701,,,reilm901,onorb901,garcr901,fordd901,,,sprid001,liraf001,,regular,4,9,ANA,DET,y,both,y,y,y,1997
ANA199707180,TOR,ANA,ANA01,19970718,0,7:05PM,night,,,true,,158,26087,dry,none,night,75,tolf,3,munse701,,,everm901,barrt901,hicke901,hirsj901,,,willw001,watsa001,escok001,regular,2,1,TOR,ANA,y,both,y,y,y,1997
ANA199707190,TOR,ANA,ANA01,19970719,0,7:05PM,night,,,true,,198,28288,dry,none,night,0,tolf,5,munse701,,,barrt901,hicke901,hirsj901,everm901,,,perct001,timlm001,,regular,4,5,ANA,TOR,y,both,y,y,y,1997
ANA199707200,TOR,ANA,ANA01,19970720,0,1:06PM,day,,,true,,189,19671,dry,none,sunny,78,tolf,8,munse701,,,hirsj901,everm901,barrt901,hicke901,,,finlc001,andul001,,regular,5,9,ANA,TOR,y,both,y,y,y,1997
NYA199707220,ANA,NYA,NYC16,19970722,0,7:35PM,night,,,true,,165,25816,dry,none,night,78,rtol,6,,,,morrd901,barnl901,koscg901,clara901,,,coned001,sprid001,,regular,2,9,NYA,ANA,y,both,y,y,y,1997
NYA199707230,ANA,NYA,NYC16,19970723,0,1:07PM,day,,,true,,187,26750,dry,none,overcast,72,rtol,7,,,,barnl901,koscg901,clara901,morrd901,,,nelsj001,hases001,,regular,4,5,NYA,ANA,y,both,y,y,y,1997
BOS199707251,ANA,BOS,BOS07,19970725,1,1:07PM,day,,,true,,195,20427,dry,none,overcast,69,fromlf,19,,,,roe-r901,merrd901,diazl901,scotd901,,,finlc001,gordt001,,regular,5,4,ANA,BOS,y,both,y,y,y,1997
BOS199707252,ANA,BOS,BOS07,19970725,2,7:05PM,night,,,true,,215,24631,wet,none,cloudy,69,fromlf,14,,,,merrd901,diazl901,scotd901,roe-r901,,,holtm001,waket001,perct001,regular,8,5,ANA,BOS,y,both,y,y,y,1997
BOS199707260,ANA,BOS,BOS07,19970726,0,5:08PM,night,,,true,,202,32148,dry,none,sunny,90,unknown,0,,,,diazl901,phild901,roe-r901,scotd901,,,henrb001,perct001,,regular,6,7,BOS,ANA,y,both,y,y,y,1997
BOS199707270,ANA,BOS,BOS07,19970727,0,1:05PM,day,,,true,,174,28454,dry,none,overcast,88,fromrf,12,,,,phild901,roe-r901,scotd901,diazl901,,,mahar001,jamem001,,regular,5,6,BOS,ANA,y,both,y,y,y,1997
CLE199707281,ANA,CLE,CLE08,19970728,1,4:05PM,day,,,true,,157,43033,dry,none,cloudy,82,ltor,12,,,,fordd901,younl901,fostm901,garcr901,,,sprid001,colob001,,regular,2,0,ANA,CLE,y,both,y,y,y,1997
CLE199707282,ANA,CLE,CLE08,19970728,2,7:06PM,night,,,true,,240,42857,dry,none,night,79,tocf,9,,,,reilm901,fostm901,garcr901,younl901,,,harrp001,weatd001,holtm001,regular,10,7,ANA,CLE,y,both,y,y,y,1997
CLE199707290,ANA,CLE,CLE08,19970729,0,7:05PM,night,,,true,,151,42975,dry,none,night,71,fromrf,15,,,,fostm901,garcr901,fordd901,reilm901,,,finlc001,clart001,,regular,7,2,ANA,CLE,y,both,y,y,y,1997
CLE199707300,ANA,CLE,CLE08,19970730,0,7:36PM,night,,,true,,189,42898,dry,none,night,71,fromrf,14,,,,younl901,fordd901,reilm901,fostm901,,,hillk001,nagyc001,jamem001,regular,5,2,ANA,CLE,y,both,y,y,y,1997
ANA199707310,CHA,ANA,ANA01,19970731,0,7:05PM,night,,,true,,226,23297,dry,none,night,79,ltor,7,munse701,,,roe-r901,onorb901,scotd901,merrd901,,,castc002,holtm001,karcm001,regular,14,12,CHA,ANA,y,both,y,y,y,1997
ANA199708010,CHA,ANA,ANA01,19970801,0,7:05PM,night,,,true,,170,20953,dry,none,night,75,ltor,3,munse701,,,scotd901,onorb901,merrd901,roe-r901,,,watsa001,eyres001,,regular,1,9,ANA,CHA,y,both,y,y,y,1997
ANA199708020,CHA,ANA,ANA01,19970802,0,7:05PM,night,,,true,,167,28139,dry,none,night,86,ltor,4,munse701,,,onorb901,merrd901,roe-r901,scotd901,,,sprid001,clemc001,perct001,regular,2,5,ANA,CHA,y,both,y,y,y,1997
ANA199708030,CHA,ANA,ANA01,19970803,0,5:07PM,night,,,true,,150,25041,dry,none,sunny,84,ltor,9,munse701,,,merrd901,roe-r901,scotd901,onorb901,,,finlc001,baldj002,perct001,regular,1,4,ANA,CHA,y,both,y,y,y,1997
ANA199708040,MIL,ANA,ANA01,19970804,0,7:05PM,night,,,true,,165,16426,dry,none,night,82,fromlf,6,munse701,,,dimur901,tscht901,culbf901,shulj901,,,karls001,hillk001,fettm001,regular,5,2,MIL,ANA,y,both,y,y,y,1997
ANA199708050,MIL,ANA,ANA01,19970805,0,7:05PM,night,,,true,,167,20268,dry,none,night,90,rtol,3,munse701,,,tscht901,reedr901,culbf901,dimur901,,,dickj001,florb001,perct001,regular,5,6,ANA,MIL,y,both,y,y,y,1997
ANA199708060,MIL,ANA,ANA01,19970806,0,1:07PM,day,,,true,,202,25227,dry,none,sunny,95,tolf,7,munse701,,,reedr901,culbf901,dimur901,tscht901,,,watsa001,eldrc001,perct001,regular,6,8,ANA,MIL,y,both,y,y,y,1997
ANA199708080,BAL,ANA,ANA01,19970808,0,7:05PM,night,,,true,,190,24944,dry,none,night,75,ltor,5,munse701,,,hicke901,welkt901,cousd901,kaisk901,,,mussm001,sprid001,myerr001,regular,6,2,BAL,ANA,y,both,y,y,y,1997
ANA199708090,BAL,ANA,ANA01,19970809,0,7:05PM,night,,,true,,185,32207,dry,none,night,73,fromrf,6,munse701,,,welkt901,cousd901,kaisk901,hicke901,,,finlc001,rhoda001,perct001,regular,3,4,ANA,BAL,y,both,y,y,y,1997
ANA199708100,BAL,ANA,ANA01,19970810,0,5:05PM,night,,,true,,213,34060,dry,none,cloudy,75,fromrf,6,munse701,,,cousd901,kaisk901,hicke901,welkt901,,,benia001,jamem001,myerr001,regular,4,3,BAL,ANA,y,both,y,y,y,1997
CHA199708120,ANA,CHA,CHI12,19970812,0,7:05PM,night,,,true,,184,16975,damp,showers,night,75,fromlf,7,,,,mccol901,craft901,meric901,barrt901,,,navaj001,dickj001,castt001,regular,5,8,CHA,ANA,y,both,y,y,y,1997
CHA199708130,ANA,CHA,CHI12,19970813,0,7:05PM,night,,,true,,168,21237,dry,none,night,73,torf,10,,,,craft901,meric901,barrt901,mccol901,,,eyres001,watsa001,karcm001,regular,2,5,CHA,ANA,y,both,y,y,y,1997
MIL199708140,ANA,MIL,MIL05,19970814,0,1:06PM,day,,,true,,143,22412,dry,none,overcast,69,rtol,13,,,,welkt901,cousd901,brinj901,hicke901,,,sprid001,mercj001,,regular,5,1,ANA,MIL,y,both,y,y,y,1997
MIL199708150,ANA,MIL,MIL05,19970815,0,7:07PM,night,,,true,,205,21874,dry,none,night,81,rtol,15,,,,cousd901,brinj901,hicke901,welkt901,,,finlc001,florb001,perct001,regular,5,3,ANA,MIL,y,both,y,y,y,1997
BAL199708160,ANA,BAL,BAL12,19970816,0,7:07PM,night,,,true,,205,47815,dry,none,sunny,97,tolf,9,,,,brinj901,hicke901,welkt901,cousd901,,,rhoda001,may-d002,myerr001,regular,9,10,BAL,ANA,y,both,y,y,y,1997
BAL199708170,ANA,BAL,BAL12,19970817,0,1:35PM,day,,,true,,227,47340,dry,none,sunny,97,tocf,6,,,,hicke901,welkt901,cousd901,brinj901,,,benia001,hases001,,regular,4,5,BAL,ANA,y,both,y,y,y,1997
BAL199708180,ANA,BAL,BAL12,19970818,0,7:35PM,night,,,true,,201,47804,dry,none,night,83,torf,6,,,,barnl901,cousd901,brinj901,hicke901,,,milla001,sprid001,,regular,1,2,BAL,ANA,y,both,y,y,y,1997
ANA199708190,NYA,ANA,ANA01,19970819,0,7:05PM,night,,,true,,180,22596,dry,none,night,75,ltor,7,munse701,,,hirsj901,millb901,joycj901,clara901,,,dickj001,welld001,,regular,4,12,ANA,NYA,y,both,y,y,y,1997
ANA199708201,NYA,ANA,ANA01,19970820,1,4:05PM,day,,,true,,184,0,dry,none,night,88,tolf,8,munse701,,,millb901,joycj901,clara901,hirsj901,,,goodd001,hillk001,mendr001,regular,7,3,NYA,ANA,y,both,y,y,y,1997
ANA199708202,NYA,ANA,ANA01,19970820,2,7:50PM,night,,,true,,204,32343,dry,none,night,80,ltor,5,munse701,,,joycj901,clara901,hirsj901,millb901,,,irabh001,langm001,rivem002,regular,8,5,NYA,ANA,y,both,y,y,y,1997
ANA199708210,NYA,ANA,ANA01,19970821,0,7:05PM,night,,,true,,251,27102,dry,none,night,75,fromcf,7,munse701,,,clara901,hirsj901,millb901,joycj901,,,stanm003,harrp001,nelsj001,regular,4,3,NYA,ANA,y,both,y,y,y,1997
ANA199708220,BOS,ANA,ANA01,19970822,0,7:05PM,night,,,true,,205,24977,dry,none,night,80,tolf,7,munse701,,,koscg901,barnl901,hendt901,morrd901,,,watsa001,sabeb001,perct001,regular,5,8,ANA,BOS,y,both,y,y,y,1997
ANA199708230,BOS,ANA,ANA01,19970823,0,1:05PM,day,,,true,,169,20994,dry,none,sunny,85,ltor,8,munse701,,,barnl901,hendt901,morrd901,koscg901,,,dickj001,selea001,,regular,1,6,ANA,BOS,y,both,y,y,y,1997
ANA199708240,BOS,ANA,ANA01,19970824,0,1:06PM,day,,,true,,156,20733,dry,none,sunny,84,tolf,12,munse701,,,hendt901,morrd901,koscg901,barnl901,,,waket001,hillk001,gordt001,regular,3,2,BOS,ANA,y,both,y,y,y,1997
ANA199708260,CLE,ANA,ANA01,19970826,0,7:05PM,night,,,true,,187,21012,dry,none,night,84,ltor,8,munse701,,,reilm901,younl901,garcr901,fordd901,,,may-d002,plune001,,regular,7,8,ANA,CLE,y,both,y,y,y,1997
ANA199708270,CLE,ANA,ANA01,19970827,0,7:35PM,night,,,true,,183,20140,dry,none,night,80,ltor,4,munse701,,,younl901,garcr901,fordd901,reilm901,,,wrigj002,watsa001,,regular,10,4,CLE,ANA,y,both,y,y,y,1997
SDN199708280,ANA,SDN,SAN01,19970828,0,2:06PM,day,,,false,,161,18203,dry,none,sunny,79,ltor,10,,,,marsr901,riekr901,nauep901,kellj901,,,menhp001,dickj001,,regular,2,9,SDN,ANA,y,both,y,y,y,1997
SDN199708290,ANA,SDN,SAN01,19970829,0,7:06PM,night,,,false,,157,60230,dry,none,night,73,torf,7,,,,riekr901,nauep901,kellj901,marsr901,,,hillk001,smitp001,perct001,regular,3,1,ANA,SDN,y,both,y,y,y,1997
SFN199708300,ANA,SFN,SFO02,19970830,0,1:08PM,day,,,false,,163,26200,dry,none,sunny,71,torf,15,,,,hohnb901,rapue901,davig901,tatat901,,,estes001,sprid001,,regular,3,7,SFN,ANA,y,both,y,y,y,1997
SFN199708310,ANA,SFN,SFO02,19970831,0,1:07PM,day,,,false,,195,24751,dry,none,cloudy,66,torf,20,,,,potts901,holbs901,tatat901,hohnb901,,,may-d002,alvaw001,perct001,regular,7,4,ANA,SFN,y,both,y,y,y,1997
ANA199709010,COL,ANA,ANA01,19970901,0,7:05PM,night,,,true,,175,19614,dry,none,night,77,ltor,6,munse701,,,roe-r901,merrd901,scotd901,phild901,,,thomj005,watsa001,dipoj001,regular,4,1,COL,ANA,y,both,y,y,y,1997
ANA199709020,COL,ANA,ANA01,19970902,0,7:05PM,night,,,true,,181,18266,dry,none,night,84,tolf,3,munse701,,,merrd901,scotd901,phild901,roe-r901,,,astap001,dickj001,munom001,regular,7,2,COL,ANA,y,both,y,y,y,1997
DET199709040,ANA,DET,DET04,19970904,0,7:06PM,night,,,true,,222,9445,dry,none,night,71,torf,7,,,,koscg901,barnl901,morrd901,everm901,,,jonet003,harrp001,,regular,4,5,DET,ANA,y,both,y,y,y,1997
DET199709050,ANA,DET,DET04,19970905,0,7:04PM,night,,,true,,145,16016,wet,showers,night,71,torf,14,,,,barnl901,morrd901,everm901,koscg901,,,thomj003,sprid001,,regular,1,6,DET,ANA,y,both,y,y,y,1997
DET199709060,ANA,DET,DET04,19970906,0,1:07PM,day,,,true,,174,16294,dry,none,sunny,73,torf,13,,,,morrd901,everm901,koscg901,barnl901,,,moehb001,watsa001,jonet003,regular,5,7,DET,ANA,y,both,y,y,y,1997
DET199709070,ANA,DET,DET04,19970907,0,1:04PM,day,,,true,,302,25602,dry,none,cloudy,73,fromrf,5,,,,everm901,koscg901,barnl901,morrd901,,,hases001,dishg001,,regular,5,4,ANA,DET,y,both,y,y,y,1997
TOR199709080,ANA,TOR,TOR02,19970908,0,7:35PM,night,,,true,,210,25775,dry,none,night,70,tolf,8,,,,mccol901,craft901,meric901,evanj901,,,plesd001,jamem001,escok001,regular,10,12,TOR,ANA,y,both,y,y,y,1997
TOR199709090,ANA,TOR,TOR02,19970909,0,7:37PM,night,,,true,,149,25674,dry,none,dome,72,unknown,0,,,,craft901,meric901,evanj901,mccol901,,,carpc002,hillk001,,regular,0,2,TOR,ANA,y,both,y,y,y,1997
ANA199709110,KCA,ANA,ANA01,19970911,0,7:06PM,night,,,true,,176,14790,dry,none,night,73,ltor,5,munse701,,,cobld901,mcclt901,cedeg901,johnm901,,,appik001,sprid001,montj002,regular,4,2,KCA,ANA,y,both,y,y,y,1997
ANA199709120,KCA,ANA,ANA01,19970912,0,7:05PM,night,,,true,,193,25259,dry,none,night,71,ltor,4,munse701,,,mcclt901,cedeg901,johnm901,cobld901,,,harrp001,boner001,perct001,regular,5,8,ANA,KCA,y,both,y,y,y,1997
ANA199709130,KCA,ANA,ANA01,19970913,0,1:05PM,day,,,true,,300,16552,dry,none,sunny,81,tolf,8,munse701,,,cedeg901,johnm901,cobld901,mcclt901,,,olsog001,delur001,bevib001,regular,3,1,KCA,ANA,y,both,y,y,y,1997
ANA199709140,KCA,ANA,ANA01,19970914,0,1:06PM,day,,,true,,186,15955,dry,none,overcast,84,ltor,5,munse701,,,johnm901,cobld901,mcclt901,cedeg901,,,jamem001,servs001,perct001,regular,2,3,ANA,KCA,y,both,y,y,y,1997
ANA199709150,MIN,ANA,ANA01,19970915,0,7:05PM,night,,,true,,200,13696,dry,none,night,74,tocf,3,munse701,,,younl901,garcr901,clara901,fordd901,,,harrp001,tromm001,,regular,5,8,ANA,MIN,y,both,y,y,y,1997
ANA199709160,MIN,ANA,ANA01,19970916,0,7:05PM,night,,,true,,204,14075,dry,none,night,80,ltor,4,munse701,,,garcr901,clara901,fordd901,younl901,,,radkb001,hases001,,regular,9,3,MIN,ANA,y,both,y,y,y,1997
ANA199709170,OAK,ANA,ANA01,19970917,0,7:35PM,night,,,true,,199,16800,dry,none,night,76,ltor,7,munse701,,,clara901,fordd901,younl901,garcr901,,,watsa001,ludwe001,,regular,4,8,ANA,OAK,y,both,y,y,y,1997
ANA199709180,OAK,ANA,ANA01,19970918,0,3:05PM,day,,,true,,195,26689,dry,none,sunny,83,rtol,5,munse701,,,fordd901,younl901,garcr901,clara901,,,telgd001,dickj001,,regular,7,3,OAK,ANA,y,both,y,y,y,1997
TEX199709190,ANA,TEX,ARL02,19970919,0,7:36PM,night,,,true,,156,31809,dry,none,sunny,89,torf,15,,,,morrd901,koscg901,onorb901,barnl901,,,hillk001,wittb001,,regular,7,1,ANA,TEX,y,both,y,y,y,1997
TEX199709200,ANA,TEX,ARL02,19970920,0,7:35PM,night,,,true,,192,38902,dry,none,cloudy,85,torf,10,,,,koscg901,onorb901,barnl901,morrd901,,,sprid001,hellr001,perct001,regular,7,6,ANA,TEX,y,both,y,y,y,1997
TEX199709210,ANA,TEX,ARL02,19970921,0,2:05PM,day,,,true,,194,35308,dry,none,sunny,82,torf,9,,,,onorb901,barnl901,morrd901,koscg901,,,harrp001,pavlr001,perct001,regular,4,1,ANA,TEX,y,both,y,y,y,1997
SEA199709230,ANA,SEA,SEA02,19970923,0,7:07PM,night,,,true,,181,52884,dry,none,dome,72,tocf,2,,,,mckej901,hirsj901,hendt901,joycj901,,,johnr005,watsa001,sloch001,regular,3,4,SEA,ANA,y,both,y,y,y,1997
SEA199709240,ANA,SEA,SEA02,19970924,0,7:36PM,night,,,true,,171,41975,dry,none,dome,72,tocf,2,,,,hirsj901,hendt901,joycj901,mckej901,,,hillk001,liraf001,,regular,9,3,ANA,SEA,y,both,y,y,y,1997
ANA199709250,TEX,ANA,ANA01,19970925,0,9:05PM,night,,,true,,195,21292,wet,none,overcast,79,rtol,5,munse701,,,hendt901,joycj901,mckej901,hirsj901,,,wittb001,dickj001,wettj001,regular,8,5,TEX,ANA,y,both,y,y,y,1997
ANA199709260,TEX,ANA,ANA01,19970926,0,9:05PM,night,,,true,,165,17167,dry,none,sunny,73,tolf,9,munse701,,,joycj901,mckej901,hirsj901,hendt901,,,hellr001,holtm001,,regular,8,4,TEX,ANA,y,both,y,y,y,1997
ANA199709270,TEX,ANA,ANA01,19970927,0,7:05PM,night,,,true,,196,21676,dry,none,night,78,torf,5,munse701,,,mckej901,hirsj901,hendt901,joycj901,,,perct001,santj001,,regular,7,8,ANA,TEX,y,both,y,y,y,1997
ANA199709280,TEX,ANA,ANA01,19970928,0,1:05PM,day,,,true,,128,20458,dry,none,sunny,81,tolf,10,munse701,,,hirsj901,hendt901,joycj901,mckej901,,,burkj001,watsa001,,regular,4,0,TEX,ANA,y,both,y,y,y,1997
ANA199804010,NYA,ANA,ANA01,19980401,0,8:31PM,night,,,true,,172,43311,dry,none,cloudy,50,rtol,2,munse701,,,evanj901,mccol901,johnm901,meric901,,,finlc001,petta001,perct001,regular,1,4,ANA,NYA,y,both,y,y,y,1998
ANA199804020,NYA,ANA,ANA01,19980402,0,7:05PM,night,,,true,,199,29899,dry,none,night,59,ltor,2,munse701,,,mccol901,johnm901,meric901,evanj901,,,hillk001,welld001,,regular,2,10,ANA,NYA,y,both,y,y,y,1998
ANA199804030,CLE,ANA,ANA01,19980403,0,7:07PM,night,,,true,,153,26240,wet,drizzle,overcast,50,tocf,8,munse701,,,welkt901,cedeg901,brinj901,cousd901,,,burbd001,mcdoj001,,regular,6,2,CLE,ANA,y,both,y,y,y,1998
ANA199804040,CLE,ANA,ANA01,19980404,0,7:06PM,night,,,true,,172,34834,wet,drizzle,overcast,50,tolf,5,munse701,,,cedeg901,brinj901,cousd901,welkt901,,,colob001,watsa001,,regular,11,0,CLE,ANA,y,both,y,y,y,1998
ANA199804050,CLE,ANA,ANA01,19980405,0,1:07PM,day,,,true,,172,35628,dry,none,cloudy,57,tolf,7,munse701,,,brinj901,cousd901,welkt901,cedeg901,,,nagyc001,dickj001,jackm001,regular,6,4,CLE,ANA,y,both,y,y,y,1998
ANA199804060,BOS,ANA,ANA01,19980406,0,7:05PM,night,,,true,,197,21352,dry,none,cloudy,60,tolf,6,munse701,,,barrt901,roe-r901,merrd901,scotd901,,,holtm001,gordt001,,regular,1,2,ANA,BOS,y,both,y,y,y,1998
ANA199804070,BOS,ANA,ANA01,19980407,0,7:07PM,night,,,true,,135,19926,dry,none,cloudy,64,tocf,5,munse701,,,roe-r901,merrd901,scotd901,phild901,,,hillk001,waket001,,regular,1,6,ANA,BOS,y,both,y,y,y,1998
ANA199804080,BOS,ANA,ANA01,19980408,0,7:36PM,night,,,true,,144,24450,dry,none,cloudy,64,tolf,7,munse701,,,merrd901,scotd901,phild901,roe-r901,,,mcdoj001,lowed001,perct001,regular,1,2,ANA,BOS,y,both,y,y,y,1998
CLE199804100,ANA,CLE,CLE08,19980410,0,1:11PM,day,,,true,,240,42707,dry,none,sunny,43,rtol,18,,,,brinj901,cousd901,welkt901,cedeg901,,,plune001,perct001,,regular,5,8,CLE,ANA,y,both,y,y,y,1998
CLE199804110,ANA,CLE,CLE08,19980411,0,1:09PM,day,,,true,,163,42802,dry,none,sunny,46,fromlf,6,,,,cousd901,welkt901,cedeg901,brinj901,,,nagyc001,dickj001,jackm001,regular,5,8,CLE,ANA,y,both,y,y,y,1998
CLE199804120,ANA,CLE,CLE08,19980412,0,1:07PM,day,,,true,,171,42555,dry,none,sunny,68,fromlf,6,,,,welkt901,cedeg901,brinj901,cousd901,,,finlc001,wrigj002,,regular,12,1,ANA,CLE,y,both,y,y,y,1998
NYA199804150,ANA,NYA,NYC17,19980415,0,12:06PM,day,,,true,,173,40743,dry,none,overcast,50,torf,9,,,,mckej901,clara901,joycj901,craft901,,,welld001,hillk001,nelsj001,regular,3,6,NYA,ANA,y,both,y,y,y,1998
ANA199804160,TBA,ANA,ANA01,19980416,0,7:06PM,night,,,true,,182,22906,dry,none,night,62,ltor,2,munse701,,,denkd901,reedr901,tscht901,shulj901,,,saunt001,holtm001,hernr001,regular,6,5,TBA,ANA,y,both,y,y,y,1998
ANA199804170,TBA,ANA,ANA01,19980417,0,7:05PM,night,,,true,,158,31516,dry,none,night,68,torf,7,munse701,,,reedr901,tscht901,shulj901,denkd901,,,finlc001,gorer001,,regular,0,5,ANA,TBA,y,both,y,y,y,1998
ANA199804180,TBA,ANA,ANA01,19980418,0,7:07PM,night,,,true,,165,37878,dry,none,night,69,fromlf,3,munse701,,,tscht901,shulj901,denkd901,reedr901,,,alvaw001,dickj001,,regular,8,1,TBA,ANA,y,both,y,y,y,1998
ANA199804190,TBA,ANA,ANA01,19980419,0,1:06PM,day,,,true,,179,34580,dry,none,sunny,79,ltor,5,munse701,,,shulj901,denkd901,reedr901,tscht901,,,arror001,watsa001,,regular,6,0,TBA,ANA,y,both,y,y,y,1998
ANA199804200,BAL,ANA,ANA01,19980420,0,7:07PM,night,,,true,,190,19217,dry,none,night,80,tolf,8,munse701,,,barnl901,koscg901,kaisk901,hicke901,,,hillk001,drabd001,perct001,regular,3,4,ANA,BAL,y,both,y,y,y,1998
ANA199804210,BAL,ANA,ANA01,19980421,0,7:05PM,night,,,true,,197,20968,dry,none,night,75,rtol,7,munse701,,,koscg901,kaisk901,hicke901,barnl901,,,rhoda001,mcdoj001,,regular,8,3,BAL,ANA,y,both,y,y,y,1998
ANA199804220,BAL,ANA,ANA01,19980422,0,7:35PM,night,,,true,,188,22739,dry,none,overcast,62,ltor,7,munse701,,,kaisk901,hicke901,barnl901,koscg901,,,holtm001,matht001,perct001,regular,6,7,ANA,BAL,y,both,y,y,y,1998
TBA199804240,ANA,TBA,STP01,19980424,0,7:05PM,night,,,true,,161,27767,dry,none,dome,72,unknown,0,,,,fostm901,younl901,cobld901,fordd901,,,watsa001,alvaw001,,regular,10,3,ANA,TBA,y,both,y,y,y,1998
TBA199804250,ANA,TBA,STP01,19980425,0,7:06PM,night,,,true,,156,33395,dry,none,dome,72,unknown,0,,,,younl901,cobld901,fordd901,fostm901,,,hillk001,arror001,,regular,7,1,ANA,TBA,y,both,y,y,y,1998
TBA199804260,ANA,TBA,STP01,19980426,0,8:05PM,night,,,true,,167,26882,dry,none,dome,72,unknown,0,,,,cobld901,fordd901,fostm901,younl901,,,olivo001,sprid001,perct001,regular,2,1,ANA,TBA,y,both,y,y,y,1998
BAL199804270,ANA,BAL,BAL12,19980427,0,7:06PM,night,,,true,,153,42961,dry,none,night,63,rtol,12,,,,brinj901,cousd901,welkt901,cedeg901,,,finlc001,erics001,perct001,regular,3,1,ANA,BAL,y,both,y,y,y,1998
BAL199804280,ANA,BAL,BAL12,19980428,0,7:06PM,night,,,true,,192,41877,dry,none,night,68,tocf,6,,,,cousd901,welkt901,cedeg901,brinj901,,,dickj001,rodrn001,perct001,regular,6,5,ANA,BAL,y,both,y,y,y,1998
BOS199804290,ANA,BOS,BOS07,19980429,0,6:05PM,night,,,true,,175,21557,dry,none,night,76,torf,11,,,,denkd901,reedr901,onorb901,barrt901,,,waket001,watsa001,gordt001,regular,4,8,BOS,ANA,y,both,y,y,y,1998
BOS199804300,ANA,BOS,BOS07,19980430,0,6:05PM,night,,,true,,157,21526,dry,none,night,82,tocf,12,,,,reedr901,onorb901,barrt901,denkd901,,,hillk001,checr001,,regular,7,2,ANA,BOS,y,both,y,y,y,1998
ANA199805010,CHA,ANA,ANA01,19980501,0,7:06PM,night,,,true,,175,36485,dry,none,night,68,tocf,5,munse701,,,clara901,joycj901,craft901,mckej901,,,hases001,baldj002,,regular,1,7,ANA,CHA,y,both,y,y,y,1998
ANA199805020,CHA,ANA,ANA01,19980502,0,7:06PM,night,,,true,,182,37500,wet,showers,overcast,69,ltor,5,munse701,,,joycj901,craft901,mckej901,clara901,,,delur001,sirom001,perct001,regular,3,5,ANA,CHA,y,both,y,y,y,1998
ANA199805030,CHA,ANA,ANA01,19980503,0,5:07PM,night,,,true,,200,34920,dry,none,cloudy,70,tolf,7,munse701,,,craft901,mckej901,joycj901,clara901,,,berej002,dickj001,,regular,12,1,CHA,ANA,y,both,y,y,y,1998
ANA199805040,CHA,ANA,ANA01,19980504,0,7:06PM,night,,,true,,172,15997,dry,none,overcast,68,ltor,5,munse701,,,mckej901,clara901,joycj901,craft901,,,castt001,delur001,karcm001,regular,6,5,CHA,ANA,y,both,y,y,y,1998
ANA199805050,TOR,ANA,ANA01,19980505,0,7:07PM,night,,,true,,238,17271,dry,none,cloudy,60,tolf,5,munse701,,,fordd901,cobld901,hendt901,younl901,,,plesd001,perct001,myerr001,regular,13,11,TOR,ANA,y,both,y,y,y,1998
ANA199805060,TOR,ANA,ANA01,19980506,0,7:35PM,night,,,true,,200,17392,dry,none,cloudy,65,ltor,3,munse701,,,fordd901,hendt901,cobld901,younl901,,,escok001,hases001,myerr001,regular,6,5,TOR,ANA,y,both,y,y,y,1998
ANA199805080,DET,ANA,ANA01,19980508,0,7:05PM,night,,,true,,155,31064,dry,none,cloudy,64,ltor,5,munse701,,,mcclt901,hirsj901,reilm901,garcr901,,,watsa001,moehb001,perct001,regular,3,5,ANA,DET,y,both,y,y,y,1998
ANA199805090,DET,ANA,ANA01,19980509,0,7:05PM,night,,,true,,172,42409,dry,none,cloudy,66,rtol,7,munse701,,,hirsj901,garcr901,reilm901,mcclt901,,,castf001,finlc001,,regular,7,3,DET,ANA,y,both,y,y,y,1998
ANA199805100,DET,ANA,ANA01,19980510,0,5:06PM,night,,,true,,180,20354,dry,none,cloudy,67,rtol,7,munse701,,,garcr901,reilm901,hirsj901,mcclt901,,,hillk001,worrt002,perct001,regular,2,4,ANA,DET,y,both,y,y,y,1998
CHA199805120,ANA,CHA,CHI12,19980512,0,7:07PM,night,,,true,,160,13050,dry,none,cloudy,75,fromrf,15,,,,clara901,craft901,mckej901,joycj901,,,castc002,olivo001,,regular,2,5,CHA,ANA,y,both,y,y,y,1998
CHA199805130,ANA,CHA,CHI12,19980513,0,7:07PM,night,,,true,,204,13498,dry,none,night,63,fromlf,8,,,,craft901,mckej901,clara901,joycj901,,,watsa001,sirom001,,regular,8,3,ANA,CHA,y,both,y,y,y,1998
TOR199805140,ANA,TOR,TOR02,19980514,0,7:06PM,night,,,true,,188,25606,dry,none,night,72,tocf,9,,,,hirsj901,garcr901,reilm901,mcclt901,,,myerr001,delur001,,regular,4,5,TOR,ANA,y,both,y,y,y,1998
TOR199805150,ANA,TOR,TOR02,19980515,0,7:08PM,night,,,true,,152,26644,dry,none,night,77,tolf,10,,,,brinj901,cousd901,welkt901,cedeg901,,,hentp001,hillk001,,regular,1,9,TOR,ANA,y,both,y,y,y,1998
DET199805160,ANA,DET,DET04,19980516,0,1:05PM,day,,,true,,178,18320,dry,none,cloudy,80,torf,16,,,,kaisk901,hicke901,barnl901,koscg901,,,dickj001,worrt002,perct001,regular,8,6,ANA,DET,y,both,y,y,y,1998
DET199805170,ANA,DET,DET04,19980517,0,1:06PM,day,,,true,,172,13476,dry,none,sunny,76,torf,11,,,,hicke901,barnl901,koscg901,kaisk901,,,florb001,delur001,jonet003,regular,3,4,DET,ANA,y,both,y,y,y,1998
DET199805180,ANA,DET,DET04,19980518,0,7:06PM,night,,,true,,170,10236,dry,none,cloudy,88,torf,14,,,,barnl901,koscg901,kaisk901,hicke901,,,moehb001,watsa001,,regular,2,11,DET,ANA,y,both,y,y,y,1998
ANA199805190,OAK,ANA,ANA01,19980519,0,7:05PM,night,,,true,,206,17275,dry,none,night,69,ltor,4,munse701,,,phild901,roe-r901,merrd901,scotd901,,,hases001,taylb001,,regular,3,4,ANA,OAK,y,both,y,y,y,1998
ANA199805200,OAK,ANA,ANA01,19980520,0,7:37PM,night,,,true,,168,17160,dry,none,night,67,rtol,4,munse701,,,roe-r901,merrd901,scotd901,phild901,,,hillk001,oquim001,perct001,regular,4,5,ANA,OAK,y,both,y,y,y,1998
ANA199805210,OAK,ANA,ANA01,19980521,0,7:05PM,night,,,true,,159,20075,dry,none,night,81,fromlf,2,munse701,,,merrd901,scotd901,phild901,roe-r901,,,dickj001,steib002,,regular,2,12,ANA,OAK,y,both,y,y,y,1998
ANA199805220,MIN,ANA,ANA01,19980522,0,7:05PM,night,,,true,,152,34363,dry,none,night,68,ltor,3,munse701,,,meric901,evanj901,mccol901,johnm901,,,olivo001,tewkb001,,regular,3,10,ANA,MIN,y,both,y,y,y,1998
ANA199805230,MIN,ANA,ANA01,19980523,0,7:06PM,night,,,true,,211,31036,dry,none,night,69,fromlf,2,munse701,,,evanj901,mccol901,johnm901,meric901,,,hawkl001,watsa001,swing001,regular,9,5,MIN,ANA,y,both,y,y,y,1998
ANA199805240,MIN,ANA,ANA01,19980524,0,5:04PM,night,,,true,,179,24728,dry,none,cloudy,75,ltor,7,munse701,,,mccol901,johnm901,meric901,evanj901,,,radkb001,finlc001,,regular,9,1,MIN,ANA,y,both,y,y,y,1998
ANA199805250,KCA,ANA,ANA01,19980525,0,5:06PM,night,,,true,,150,21065,dry,none,overcast,70,rtol,5,munse701,,,merrd901,scotd901,phild901,roe-r901,,,belct001,hillk001,montj002,regular,6,4,KCA,ANA,y,both,y,y,y,1998
ANA199805270,KCA,ANA,ANA01,19980527,0,7:36PM,night,,,true,,139,17810,dry,none,night,70,ltor,3,munse701,,,scotd901,phild901,roe-r901,merrd901,,,rosaj001,olivo001,,regular,4,0,KCA,ANA,y,both,y,y,y,1998
MIN199805290,ANA,MIN,MIN03,19980529,0,7:05PM,night,,,true,,165,14633,dry,none,dome,72,unknown,0,,,,evanj901,mccol901,johnm901,meric901,,,finlc001,hawkl001,perct001,regular,3,1,ANA,MIN,y,both,y,y,y,1998
MIN199805300,ANA,MIN,MIN03,19980530,0,7:06PM,night,,,true,,166,16827,dry,none,dome,72,unknown,0,,,,mccol901,johnm901,meric901,evanj901,,,radkb001,hillk001,,regular,1,8,MIN,ANA,y,both,y,y,y,1998
MIN199805310,ANA,MIN,MIN03,19980531,0,1:07PM,day,,,true,,169,11285,dry,none,dome,72,unknown,0,,,,johnm901,meric901,mccol901,evanj901,,,dickj001,swing001,perct001,regular,6,5,ANA,MIN,y,both,y,y,y,1998
KCA199806010,ANA,KCA,KAN06,19980601,0,7:06PM,night,,,true,,192,14502,dry,none,cloudy,86,ltor,5,,,,reedr901,tscht901,denkd901,fostm901,,,hases001,pichh001,perct001,regular,6,3,ANA,KCA,y,both,y,y,y,1998
KCA199806020,ANA,KCA,KAN06,19980602,0,7:04PM,night,,,true,,212,12020,dry,none,night,86,fromlf,7,,,,tscht901,denkd901,fostm901,reedr901,,,washj001,hanec001,perct001,regular,7,5,ANA,KCA,y,both,y,y,y,1998
SEA199806030,ANA,SEA,SEA02,19980603,0,7:35PM,night,,,true,,183,24944,dry,none,dome,72,unknown,0,,,,mcclt901,hirsj901,hicke901,reilm901,,,finlc001,johnr005,,regular,8,1,ANA,SEA,y,both,y,y,y,1998
SEA199806040,ANA,SEA,SEA02,19980604,0,7:07PM,night,,,true,,184,23709,dry,none,dome,72,unknown,0,,,,hirsj901,hicke901,reilm901,mcclt901,,,hillk001,clouk001,hases001,regular,6,2,ANA,SEA,y,both,y,y,y,1998
ANA199806050,COL,ANA,ANA01,19980605,0,7:06PM,night,,,true,,177,39621,dry,none,night,70,ltor,3,munse701,,,barnl901,koscg901,onorb901,morrd901,,,dickj001,joneb004,,regular,0,5,ANA,COL,y,both,y,y,y,1998
ANA199806060,COL,ANA,ANA01,19980606,0,7:05PM,night,,,true,,150,38671,dry,none,cloudy,66,ltor,3,munse701,,,koscg901,onorb901,morrd901,barnl901,,,olivo001,kiled001,perct001,regular,1,2,ANA,COL,y,both,y,y,y,1998
ANA199806070,COL,ANA,ANA01,19980607,0,5:05PM,night,,,true,,188,42493,dry,none,cloudy,68,rtol,5,munse701,,,onorb901,morrd901,barnl901,koscg901,,,cadag001,dipoj001,,regular,5,6,ANA,COL,y,both,y,y,y,1998
ARI199806090,ANA,ARI,PHO01,19980609,0,7:06PM,night,,,false,,200,43074,dry,none,night,90,ltor,7,,,,poncl901,ripps901,darlg901,wintm901,,,finlc001,sodoc001,perct001,regular,10,8,ANA,ARI,y,both,y,y,y,1998
ARI199806100,ANA,ARI,PHO01,19980610,0,7:06PM,night,,,false,,140,40819,dry,none,night,89,fromlf,14,,,,ripps901,darlg901,wintm901,poncl901,,,daalo001,hillk001,,regular,2,10,ARI,ANA,y,both,y,y,y,1998
ARI199806110,ANA,ARI,PHO01,19980611,0,7:07PM,night,,,false,,148,41954,dry,none,cloudy,91,ltor,6,,,,darlg901,wintm901,poncl901,ripps901,,,dickj001,wolcb001,perct001,regular,10,5,ANA,ARI,y,both,y,y,y,1998
TEX199806120,ANA,TEX,ARL02,19980612,0,7:35PM,night,,,true,,152,35505,dry,none,cloudy,95,fromrf,13,,,,reedr901,fostm901,tscht901,shulj901,,,olivo001,burkj001,cadag001,regular,5,1,ANA,TEX,y,both,y,y,y,1998
TEX199806130,ANA,TEX,ARL02,19980613,0,7:36PM,night,,,true,,188,46289,dry,none,night,92,fromrf,15,,,,fostm901,tscht901,shulj901,reedr901,,,washj001,selea001,,regular,18,6,ANA,TEX,y,both,y,y,y,1998
TEX199806140,ANA,TEX,ARL02,19980614,0,7:05PM,night,,,true,,145,36648,dry,none,cloudy,94,tolf,9,,,,tscht901,shulj901,reedr901,fostm901,,,hellr001,finlc001,wettj001,regular,2,4,TEX,ANA,y,both,y,y,y,1998
TEX199806150,ANA,TEX,ARL02,19980615,0,7:36PM,night,,,true,,182,43380,dry,none,night,87,ltor,13,,,,fordd901,hendt901,cobld901,barrt901,,,spars001,wittb001,perct001,regular,8,5,ANA,TEX,y,both,y,y,y,1998
ANA199806160,SEA,ANA,ANA01,19980616,0,7:06PM,night,,,true,,153,23123,dry,none,cloudy,69,ltor,8,munse701,,,mckej901,culbf901,clara901,joycj901,,,dickj001,swifb001,perct001,regular,2,3,ANA,SEA,y,both,y,y,y,1998
ANA199806170,SEA,ANA,ANA01,19980617,0,7:37PM,night,,,true,,151,24800,dry,none,night,72,rtol,5,munse701,,,culbf901,joycj901,everm901,mckej901,,,olivo001,fassj001,perct001,regular,2,4,ANA,SEA,y,both,y,y,y,1998
ANA199806180,SEA,ANA,ANA01,19980618,0,7:08PM,night,,,true,,181,30268,dry,none,night,74,tolf,4,munse701,,,joycj901,everm901,mckej901,culbf901,,,washj001,spolp001,delur001,regular,5,11,ANA,SEA,y,both,y,y,y,1998
ANA199806190,TEX,ANA,ANA01,19980619,0,7:05PM,night,,,true,,174,38866,dry,none,night,74,ltor,6,munse701,,,craft901,younl901,hicke901,kaisk901,,,hellr001,finlc001,,regular,7,3,TEX,ANA,y,both,y,y,y,1998
ANA199806200,TEX,ANA,ANA01,19980620,0,1:08PM,day,,,true,,200,31671,dry,none,sunny,78,ltor,4,munse701,,,younl901,hicke901,kaisk901,craft901,,,spars001,vanpt001,,regular,3,8,ANA,TEX,y,both,y,y,y,1998
ANA199806210,TEX,ANA,ANA01,19980621,0,5:05PM,night,,,true,,181,32914,dry,none,night,74,ltor,4,munse701,,,hicke901,kaisk901,younl901,craft901,,,dickj001,perim001,perct001,regular,7,10,ANA,TEX,y,both,y,y,y,1998
ANA199806220,LAN,ANA,ANA01,19980622,0,7:05PM,night,,,true,,178,43491,dry,none,night,73,ltor,6,munse701,,,barrt901,everm901,hendt901,cobld901,,,perct001,mcmig001,,regular,5,6,ANA,LAN,y,both,y,y,y,1998
ANA199806230,LAN,ANA,ANA01,19980623,0,7:05PM,night,,,true,,192,43719,dry,none,night,73,ltor,6,munse701,,,everm901,hendt901,cobld901,barrt901,,,harrp001,brunw001,delur001,regular,4,6,ANA,LAN,y,both,y,y,y,1998
LAN199806240,ANA,LAN,LOS03,19980624,0,7:39PM,night,,,false,,210,46822,dry,none,night,71,ltor,11,,,,hallt901,crawj901,davib902,gormb901,,,osuna002,cadag001,,regular,5,6,LAN,ANA,y,both,y,y,y,1998
LAN199806250,ANA,LAN,LOS03,19980625,0,7:07PM,night,,,false,,177,38254,dry,none,night,70,ltor,10,,,,crawj901,davib902,gormb901,hallt901,,,spars001,reyed001,perct001,regular,3,2,ANA,LAN,y,both,y,y,y,1998
SDN199806260,ANA,SDN,SAN01,19980626,0,7:05PM,night,,,false,,176,40621,dry,none,night,70,torf,5,,,,herna901,bonig901,wegnm901,hohnb901,,,browk001,dickj001,hofft001,regular,3,6,SDN,ANA,y,both,y,y,y,1998
SDN199806270,ANA,SDN,SAN01,19980627,0,1:07PM,day,,,false,,145,31948,dry,none,sunny,74,torf,12,,,,bonig901,wegnm901,hohnb901,herna901,,,hitcs001,olivo001,,regular,1,5,SDN,ANA,y,both,y,y,y,1998
SDN199806280,ANA,SDN,SAN01,19980628,0,1:07PM,day,,,false,,165,41547,dry,none,sunny,79,tocf,10,,,,wegnm901,hohnb901,herna901,bonig901,,,washj001,hamij002,,regular,11,3,ANA,SDN,y,both,y,y,y,1998
ANA199806300,SFN,ANA,ANA01,19980630,0,7:07PM,night,,,true,,183,25629,dry,none,night,76,ltor,5,munse701,,,johnm901,meric901,mccol901,evanj901,,,finlc001,estes001,perct001,regular,3,4,ANA,SFN,y,both,y,y,y,1998
ANA199807010,SFN,ANA,ANA01,19980701,0,7:37PM,night,,,true,,209,24299,dry,none,night,76,ltor,5,munse701,,,meric901,evanj901,mccol901,johnm901,,,nen-r001,cadag001,,regular,6,3,SFN,ANA,y,both,y,y,y,1998
ANA199807020,SFN,ANA,ANA01,19980702,0,7:06PM,night,,,true,,178,33272,dry,none,night,76,rtol,7,munse701,,,evanj901,mccol901,johnm901,meric901,,,ruetk001,dickj001,,regular,7,4,SFN,ANA,y,both,y,y,y,1998
ANA199807030,OAK,ANA,ANA01,19980703,0,7:35PM,night,,,true,,198,39636,dry,none,night,70,ltor,8,munse701,,,hendt901,younl901,cobld901,barrt901,,,candt001,olivo001,,regular,10,6,OAK,ANA,y,both,y,y,y,1998
ANA199807040,OAK,ANA,ANA01,19980704,0,6:07PM,night,,,true,,178,43571,dry,none,night,75,rtol,10,munse701,,,younl901,cobld901,barrt901,hendt901,,,oquim001,washj001,taylb001,regular,8,3,OAK,ANA,y,both,y,y,y,1998
ANA199807050,OAK,ANA,ANA01,19980705,0,1:05PM,day,,,true,,195,23208,dry,none,sunny,79,ltor,3,munse701,,,cobld901,barrt901,hendt901,younl901,,,fettm001,perct001,taylb001,regular,5,4,OAK,ANA,y,both,y,y,y,1998
SEA199807090,ANA,SEA,SEA02,19980709,0,7:06PM,night,,,true,,191,24210,dry,none,dome,72,unknown,0,,,,barnl901,koscg901,culbf901,scotd901,,,fassj001,olivo001,timlm001,regular,6,8,SEA,ANA,y,both,y,y,y,1998
SEA199807100,ANA,SEA,SEA02,19980710,0,7:07PM,night,,,true,,235,28689,dry,none,dome,72,unknown,0,,,,koscg901,culbf901,scotd901,barnl901,,,perct001,ayalb002,,regular,5,3,ANA,SEA,y,both,y,y,y,1998
SEA199807110,ANA,SEA,SEA02,19980711,0,1:07PM,day,,,true,,153,35788,dry,none,dome,72,unknown,0,,,,culbf901,scotd901,barnl901,koscg901,,,johnr005,spars001,,regular,0,2,SEA,ANA,y,both,y,y,y,1998
SEA199807120,ANA,SEA,SEA02,19980712,0,1:35PM,day,,,true,,164,32797,dry,none,dome,72,unknown,0,,,,scotd901,barnl901,koscg901,culbf901,,,dickj001,swifb001,perct001,regular,8,5,ANA,SEA,y,both,y,y,y,1998
OAK199807130,ANA,OAK,OAK01,19980713,0,7:05PM,night,,,true,,149,8401,dry,none,night,64,torf,12,,,,barnl901,koscg901,culbf901,barrt901,,,oquim001,washj001,taylb001,regular,2,5,OAK,ANA,y,both,y,y,y,1998
OAK199807140,ANA,OAK,OAK01,19980714,0,12:16PM,day,,,true,,181,10231,dry,none,sunny,64,torf,10,,,,koscg901,culbf901,barrt901,barnl901,,,rogek001,olivo001,,regular,2,6,OAK,ANA,y,both,y,y,y,1998
ANA199807150,TBA,ANA,ANA01,19980715,0,7:36PM,night,,,true,,187,19681,dry,none,night,77,rtol,8,munse701,,,hirsj901,garcr901,reilm901,mcclt901,,,hases001,alvaw001,perct001,regular,2,4,ANA,TBA,y,both,y,y,y,1998
ANA199807160,TBA,ANA,ANA01,19980716,0,7:05PM,night,,,true,,164,24085,dry,none,night,85,ltor,3,munse701,,,garcr901,reilm901,mcclt901,hirsj901,,,arror001,spars001,,regular,8,1,TBA,ANA,y,both,y,y,y,1998
ANA199807170,BAL,ANA,ANA01,19980717,0,7:07PM,night,,,true,,210,34618,dry,none,night,86,ltor,6,munse701,,,cousd901,kaisk901,cedeg901,onorb901,,,drabd001,dickj001,benia001,regular,4,1,BAL,ANA,y,both,y,y,y,1998
ANA199807180,BAL,ANA,ANA01,19980718,0,7:07PM,night,,,true,,218,37806,dry,none,cloudy,78,ltor,3,munse701,,,kaisk901,cedeg901,onorb901,cousd901,,,washj001,rodrn001,,regular,3,8,ANA,BAL,y,both,y,y,y,1998
ANA199807190,BAL,ANA,ANA01,19980719,0,5:05PM,night,,,true,,198,38840,dry,none,cloudy,84,ltor,8,munse701,,,cedeg901,onorb901,cousd901,kaisk901,,,orosj001,perct001,,regular,7,4,BAL,ANA,y,both,y,y,y,1998
MIN199807210,ANA,MIN,MIN03,19980721,0,7:05PM,night,,,true,,181,11869,dry,none,dome,72,unknown,0,,,,younl901,onorb901,cobld901,hendt901,,,hawkl001,watsa001,aguir001,regular,2,4,MIN,ANA,y,both,y,y,y,1998
MIN199807220,ANA,MIN,MIN03,19980722,0,7:06PM,night,,,true,,188,10484,dry,none,dome,72,unknown,0,,,,onorb901,cobld901,hendt901,younl901,,,hases001,swing001,perct001,regular,5,3,ANA,MIN,y,both,y,y,y,1998
MIN199807230,ANA,MIN,MIN03,19980723,0,12:16PM,day,,,true,,196,18059,dry,none,dome,72,unknown,0,,,,cobld901,hendt901,younl901,onorb901,,,harrp001,carrh001,perct001,regular,6,5,ANA,MIN,y,both,y,y,y,1998
KCA199807240,ANA,KCA,KAN06,19980724,0,7:06PM,night,,,true,,163,18151,dry,none,night,73,rtol,15,,,,welkt901,cousd901,barrt901,cedeg901,,,pichh001,finlc001,montj002,regular,3,4,KCA,ANA,y,both,y,y,y,1998
KCA199807250,ANA,KCA,KAN06,19980725,0,7:07PM,night,,,true,,172,28428,dry,none,cloudy,70,fromcf,12,,,,cousd901,barrt901,cedeg901,welkt901,,,harrp001,belct001,holtm001,regular,6,5,ANA,KCA,y,both,y,y,y,1998
KCA199807260,ANA,KCA,KAN06,19980726,0,2:09PM,day,,,true,,167,20702,dry,none,cloudy,67,fromrf,10,,,,barrt901,cedeg901,welkt901,cousd901,,,rosaj001,olivo001,,regular,4,9,KCA,ANA,y,both,y,y,y,1998
KCA199807270,ANA,KCA,KAN06,19980727,0,7:06PM,night,,,true,,158,17252,dry,none,cloudy,72,ltor,10,,,,cedeg901,welkt901,barrt901,everm901,,,watsa001,rappp001,hases001,regular,6,1,ANA,KCA,y,both,y,y,y,1998
ANA199807280,NYA,ANA,ANA01,19980728,0,7:07PM,night,,,true,,177,36241,dry,none,night,85,ltor,6,munse701,,,joycj901,mckej901,clara901,craft901,,,coned001,dickj001,,regular,9,3,NYA,ANA,y,both,y,y,y,1998
ANA199807290,NYA,ANA,ANA01,19980729,0,7:37PM,night,,,true,,188,38829,dry,none,night,77,ltor,2,munse701,,,mckej901,clara901,craft901,joycj901,,,spars001,herno001,,regular,5,10,ANA,NYA,y,both,y,y,y,1998
ANA199807300,NYA,ANA,ANA01,19980730,0,7:06PM,night,,,true,,235,42915,dry,none,night,76,ltor,3,munse701,,,clara901,craft901,dimur901,joycj901,,,mendr001,delur001,rivem002,regular,3,0,NYA,ANA,y,both,y,y,y,1998
ANA199807310,BOS,ANA,ANA01,19980731,0,7:07PM,night,,,true,,172,43390,dry,none,night,76,ltor,8,munse701,,,culbf901,shulj901,reedr901,tscht901,,,sabeb001,olivo001,gordt001,regular,7,2,BOS,ANA,y,both,y,y,y,1998
ANA199808010,BOS,ANA,ANA01,19980801,0,1:14PM,day,,,true,,183,29893,dry,none,sunny,85,ltor,2,munse701,,,shulj901,reedr901,tscht901,culbf901,,,martp001,watsa001,lowed001,regular,11,3,BOS,ANA,y,both,y,y,y,1998
ANA199808020,BOS,ANA,ANA01,19980802,0,5:05PM,night,,,true,,189,35763,dry,none,night,88,fromlf,6,munse701,,,reedr901,tscht901,culbf901,shulj901,,,waket001,dickj001,gordt001,regular,8,7,BOS,ANA,y,both,y,y,y,1998
ANA199808030,CLE,ANA,ANA01,19980803,0,7:07PM,night,,,true,,158,25339,dry,none,night,81,ltor,4,munse701,,,barrt901,cedeg901,cousd901,brinj901,,,spars001,wrigj002,,regular,4,11,ANA,CLE,y,both,y,y,y,1998
ANA199808040,CLE,ANA,ANA01,19980804,0,7:07PM,night,,,true,,161,29916,dry,none,night,82,ltor,7,munse701,,,cedeg901,cousd901,brinj901,barrt901,,,hases001,joned001,perct001,regular,4,5,ANA,CLE,y,both,y,y,y,1998
ANA199808050,CLE,ANA,ANA01,19980805,0,1:06PM,day,,,true,,190,43104,dry,none,sunny,88,ltor,8,munse701,,,cousd901,brinj901,barrt901,cedeg901,,,shuep001,perct001,assep001,regular,6,5,CLE,ANA,y,both,y,y,y,1998
CHA199808081,ANA,CHA,CHI12,19980808,1,3:07PM,day,,,true,,154,0,dry,none,cloudy,81,fromrf,8,,,,craft901,joycj901,clara901,mckej901,,,sirom001,dickj001,simab001,regular,5,7,CHA,ANA,y,both,y,y,y,1998
CHA199808082,ANA,CHA,CHI12,19980808,2,6:09PM,night,,,true,,176,24073,dry,none,cloudy,80,tolf,9,,,,joycj901,clara901,mckej901,craft901,,,bradc001,hases001,,regular,3,4,CHA,ANA,y,both,y,y,y,1998
CHA199808090,ANA,CHA,CHI12,19980809,0,1:06PM,day,,,true,,176,16805,dry,none,overcast,83,ltor,5,,,,clara901,mckej901,craft901,joycj901,,,finlc001,baldj002,,regular,9,0,ANA,CHA,y,both,y,y,y,1998
DET199808100,ANA,DET,DET04,19980810,0,7:05PM,night,,,true,,161,15928,dry,none,cloudy,84,fromlf,6,,,,barnl901,kaisk901,morrd901,millb901,,,olivo001,castf001,,regular,6,2,ANA,DET,y,both,y,y,y,1998
DET199808110,ANA,DET,DET04,19980811,0,7:06PM,night,,,true,,218,13010,dry,none,cloudy,77,fromlf,10,,,,kaisk901,morrd901,millb901,barnl901,,,fettm001,runys001,perct001,regular,5,4,ANA,DET,y,both,y,y,y,1998
DET199808120,ANA,DET,DET04,19980812,0,7:06PM,night,,,true,,148,12485,dry,none,night,78,rtol,9,,,,morrd901,millb901,barnl901,kaisk901,,,spars001,greis001,perct001,regular,3,2,ANA,DET,y,both,y,y,y,1998
TOR199808130,ANA,TOR,TOR02,19980813,0,7:05PM,night,,,true,,185,26481,dry,none,night,79,tolf,8,,,,mccol901,coope901,everm901,evanj901,,,rislb001,hases001,plesd001,regular,3,4,TOR,ANA,y,both,y,y,y,1998
TOR199808140,ANA,TOR,TOR02,19980814,0,7:07PM,night,,,true,,186,27276,dry,none,night,75,tolf,5,,,,coope901,everm901,mccol901,evanj901,,,watsa001,hentp001,perct001,regular,7,5,ANA,TOR,y,both,y,y,y,1998
TOR199808150,ANA,TOR,TOR02,19980815,0,4:07PM,day,,,true,,245,30379,dry,none,dome,72,unknown,0,,,,everm901,evanj901,mccol901,coope901,,,delur001,sincs001,,regular,6,3,ANA,TOR,y,both,y,y,y,1998
TOR199808160,ANA,TOR,TOR02,19980816,0,1:06PM,day,,,true,,152,29259,dry,none,sunny,78,fromrf,7,,,,evanj901,mccol901,coope901,everm901,,,carpc002,judej001,quanp001,regular,4,6,TOR,ANA,y,both,y,y,y,1998
ANA199808170,CHA,ANA,ANA01,19980817,0,7:07PM,night,,,true,,141,22174,dry,none,night,73,ltor,7,munse701,,,scotd901,barrt901,roe-r901,merrd901,,,spars001,parqj001,,regular,2,7,ANA,CHA,y,both,y,y,y,1998
ANA199808180,CHA,ANA,ANA01,19980818,0,7:06PM,night,,,true,,200,26160,dry,none,night,77,ltor,7,munse701,,,barrt901,roe-r901,merrd901,scotd901,,,snydj001,finlc001,simab001,regular,4,3,CHA,ANA,y,both,y,y,y,1998
ANA199808190,DET,ANA,ANA01,19980819,0,7:36PM,night,,,true,,133,21841,dry,none,night,76,ltor,4,munse701,,,roe-r901,merrd901,scotd901,barrt901,,,mcdoj001,thomj003,perct001,regular,0,2,ANA,DET,y,both,y,y,y,1998
ANA199808200,DET,ANA,ANA01,19980820,0,7:05PM,night,,,true,,153,27548,dry,none,night,74,ltor,5,munse701,,,merrd901,scotd901,barrt901,roe-r901,,,olivo001,poweb001,,regular,2,13,ANA,DET,y,both,y,y,y,1998
ANA199808210,TOR,ANA,ANA01,19980821,0,7:07PM,night,,,true,,180,36052,dry,none,night,82,ltor,10,munse701,,,koscg901,dimur901,barnl901,millb901,,,carpc002,judej001,,regular,9,4,TOR,ANA,y,both,y,y,y,1998
ANA199808220,TOR,ANA,ANA01,19980822,0,7:06PM,night,,,true,,177,42882,dry,none,night,84,ltor,5,munse701,,,dimur901,barnl901,millb901,koscg901,,,spars001,escok001,hases001,regular,1,5,ANA,TOR,y,both,y,y,y,1998
ANA199808230,TOR,ANA,ANA01,19980823,0,1:05PM,day,,,true,,158,34142,dry,none,sunny,96,fromlf,4,munse701,,,barnl901,millb901,koscg901,dimur901,,,finlc001,almac001,perct001,regular,2,3,ANA,TOR,y,both,y,y,y,1998
NYA199808240,ANA,NYA,NYC16,19980824,0,7:05PM,night,,,true,,181,19297,dry,none,cloudy,82,tolf,12,,,,clara901,joycj901,onorb901,culbf901,,,mcdoj001,petta001,,regular,7,3,ANA,NYA,y,both,y,y,y,1998
NYA199808250,ANA,NYA,NYC16,19980825,0,7:36PM,night,,,true,,252,30422,dry,none,cloudy,82,tocf,10,,,,joycj901,onorb901,culbf901,craft901,,,watsa001,stanm003,perct001,regular,7,6,ANA,NYA,y,both,y,y,y,1998
NYA199808261,ANA,NYA,NYC16,19980826,1,1:07PM,day,,,true,,196,20077,dry,none,cloudy,86,fromlf,10,,,,onorb901,clara901,joycj901,craft901,,,judej001,bradr001,perct001,regular,6,4,ANA,NYA,y,both,y,y,y,1998
NYA199808262,ANA,NYA,NYC16,19980826,2,7:37PM,night,,,true,,196,28837,dry,none,cloudy,81,ltor,13,,,,culbf901,craft901,clara901,joycj901,,,rivem002,fettm001,,regular,6,7,NYA,ANA,y,both,y,y,y,1998
NYA199808270,ANA,NYA,NYC16,19980827,0,7:37PM,night,,,true,,266,29213,dry,none,overcast,79,fromrf,7,,,,craft901,clara901,onorb901,culbf901,,,tessj001,fettm001,,regular,5,6,NYA,ANA,y,both,y,y,y,1998
BOS199808280,ANA,BOS,BOS07,19980828,0,7:07PM,night,,,true,,205,32470,dry,none,cloudy,73,fromrf,10,,,,merrd901,phild901,barrt901,dimur901,,,hillk001,avers001,,regular,7,6,ANA,BOS,y,both,y,y,y,1998
BOS199808290,ANA,BOS,BOS07,19980829,0,5:06PM,night,,,true,,127,32519,wet,showers,overcast,78,rtol,5,,,,dimur901,barrt901,merrd901,phild901,,,martp001,mcdoj001,,regular,1,6,BOS,ANA,y,both,y,y,y,1998
BOS199808300,ANA,BOS,BOS07,19980830,0,1:06PM,day,,,true,,186,31476,dry,none,sunny,83,tocf,10,,,,barrt901,phild901,merrd901,dimur901,,,hases001,waket001,perct001,regular,8,6,ANA,BOS,y,both,y,y,y,1998
CLE199809010,ANA,CLE,CLE08,19980901,0,7:06PM,night,,,true,,216,43184,dry,none,cloudy,73,tocf,3,,,,hendt901,younl901,cobld901,fordd901,,,reeds001,delur001,,regular,6,7,CLE,ANA,y,both,y,y,y,1998
CLE199809020,ANA,CLE,CLE08,19980902,0,7:37PM,night,,,true,,188,43200,dry,none,cloudy,70,ltor,12,,,,younl901,cobld901,fordd901,hendt901,,,spars001,colob001,,regular,13,5,ANA,CLE,y,both,y,y,y,1998
ANA199809040,KCA,ANA,ANA01,19980904,0,7:06PM,night,,,true,,169,33832,dry,none,cloudy,75,ltor,3,munse701,,,brinj901,cousd901,welkt901,cedeg901,,,boner001,holtm001,montj002,regular,5,3,KCA,ANA,y,both,y,y,y,1998
ANA199809050,KCA,ANA,ANA01,19980905,0,7:06PM,night,,,true,,163,37217,dry,none,cloudy,76,ltor,4,munse701,,,welkt901,cedeg901,cousd901,brinj901,,,mcdoj001,barbb002,delur001,regular,1,2,ANA,KCA,y,both,y,y,y,1998
ANA199809060,KCA,ANA,ANA01,19980906,0,5:05PM,night,,,true,,162,33941,dry,none,cloudy,78,ltor,5,munse701,,,cedeg901,cousd901,brinj901,welkt901,,,finlc001,belct001,hases001,regular,0,3,ANA,KCA,y,both,y,y,y,1998
ANA199809080,MIN,ANA,ANA01,19980908,0,7:11PM,night,,,true,,162,20444,dry,none,night,75,ltor,8,munse701,,,younl901,cobld901,fordd901,hendt901,,,radkb001,spars001,,regular,5,0,MIN,ANA,y,both,y,y,y,1998
ANA199809090,MIN,ANA,ANA01,19980909,0,7:35PM,night,,,true,,183,20070,dry,none,overcast,72,ltor,3,munse701,,,cobld901,fordd901,hendt901,younl901,,,olivo001,rodrf001,perct001,regular,8,10,ANA,MIN,y,both,y,y,y,1998
BAL199809110,ANA,BAL,BAL12,19980911,0,7:35PM,night,,,true,,147,46832,dry,none,cloudy,88,ltor,10,,,,tscht901,reedr901,shulj901,onorb901,,,erics001,finlc001,,regular,3,8,BAL,ANA,y,both,y,y,y,1998
BAL199809120,ANA,BAL,BAL12,19980912,0,1:15PM,day,,,true,,194,48038,dry,none,sunny,92,ltor,13,,,,reedr901,shulj901,onorb901,tscht901,,,milla001,perct001,,regular,2,3,BAL,ANA,y,both,y,y,y,1998
BAL199809130,ANA,BAL,BAL12,19980913,0,1:35PM,day,,,true,,207,48013,dry,none,cloudy,89,rtol,5,,,,shulj901,onorb901,tscht901,reedr901,,,key-j001,washj001,,regular,7,12,BAL,ANA,y,both,y,y,y,1998
TBA199809140,ANA,TBA,STP01,19980914,0,7:05PM,night,,,true,,177,24279,dry,none,dome,72,unknown,0,,,,garcr901,reilm901,mcclt901,hirsj901,,,hases001,lopea002,perct001,regular,4,2,ANA,TBA,y,both,y,y,y,1998
TBA199809150,ANA,TBA,STP01,19980915,0,7:05PM,night,,,true,,156,24347,dry,none,dome,72,unknown,0,,,,reilm901,mcclt901,hirsj901,garcr901,,,arror001,judej001,,regular,1,8,TBA,ANA,y,both,y,y,y,1998
TEX199809160,ANA,TEX,ARL02,19980916,0,7:05PM,night,,,true,,176,37481,dry,none,cloudy,77,ltor,10,,,,reedr901,shulj901,onorb901,tscht901,,,stott001,finlc001,,regular,3,5,TEX,ANA,y,both,y,y,y,1998
TEX199809170,ANA,TEX,ARL02,19980917,0,7:06PM,night,,,true,,202,45928,dry,none,cloudy,82,fromcf,7,,,,shulj901,onorb901,tscht901,reedr901,,,crabt001,harrp001,wettj001,regular,6,7,TEX,ANA,y,both,y,y,y,1998
ANA199809180,SEA,ANA,ANA01,19980918,0,7:07PM,night,,,true,,234,39902,dry,none,night,74,ltor,3,munse701,,,onorb901,tscht901,reedr901,shulj901,,,timlm001,delur001,,regular,5,3,SEA,ANA,y,both,y,y,y,1998
ANA199809190,SEA,ANA,ANA01,19980919,0,7:05PM,night,,,true,,150,42833,dry,none,night,73,ltor,6,munse701,,,tscht901,reedr901,shulj901,onorb901,,,mcdoj001,spolp001,perct001,regular,3,5,ANA,SEA,y,both,y,y,y,1998
ANA199809200,SEA,ANA,ANA01,19980920,0,5:05PM,night,,,true,,158,42972,dry,none,cloudy,75,tolf,8,munse701,,,reedr901,shulj901,onorb901,tscht901,,,olivo001,abbop001,perct001,regular,1,3,ANA,SEA,y,both,y,y,y,1998
ANA199809210,TEX,ANA,ANA01,19980921,0,7:06PM,night,,,true,,195,33487,dry,none,cloudy,70,ltor,5,munse701,,,barrt901,merrd901,scotd901,phild901,,,stott001,spars001,,regular,9,1,TEX,ANA,y,both,y,y,y,1998
ANA199809220,TEX,ANA,ANA01,19980922,0,7:04PM,night,,,true,,177,38987,dry,none,cloudy,70,tolf,6,munse701,,,merrd901,scotd901,phild901,barrt901,,,hellr001,finlc001,,regular,9,1,TEX,ANA,y,both,y,y,y,1998
ANA199809230,TEX,ANA,ANA01,19980923,0,7:35PM,night,,,true,,189,42776,dry,none,night,69,ltor,4,munse701,,,scotd901,phild901,barrt901,merrd901,,,burkj001,hillk001,,regular,7,1,TEX,ANA,y,both,y,y,y,1998
OAK199809240,ANA,OAK,OAK01,19980924,0,7:05PM,night,,,true,,181,9268,dry,none,overcast,63,torf,10,,,,phild901,barrt901,scotd901,merrd901,,,dickj001,haynj001,,regular,10,6,ANA,OAK,y,both,y,y,y,1998
OAK199809250,ANA,OAK,OAK01,19980925,0,7:05PM,night,,,true,,145,22861,dry,none,cloudy,63,torf,8,,,,barrt901,scotd901,merrd901,phild901,,,rogek001,olivo001,,regular,2,7,OAK,ANA,y,both,y,y,y,1998
OAK199809260,ANA,OAK,OAK01,19980926,0,1:05PM,day,,,true,,172,22661,dry,none,cloudy,62,torf,12,,,,scotd901,merrd901,phild901,barrt901,,,matht002,perct001,,regular,3,4,OAK,ANA,y,both,y,y,y,1998
OAK199809270,ANA,OAK,OAK01,19980927,0,1:07PM,day,,,true,,144,22819,dry,none,cloudy,63,tolf,8,,,,merrd901,phild901,barrt901,scotd901,,,washj001,witaj001,hases001,regular,4,2,ANA,OAK,y,both,y,y,y,1998
ANA199904060,CLE,ANA,ANA01,19990406,0,7:05PM,night,,,true,,174,39936,unknown,none,cloudy,54,ltor,10,munse701,,,reedr901,clara901,younl901,tscht901,,,holtm001,karss001,perct001,regular,5,6,ANA,CLE,y,both,y,y,y,1999
ANA199904070,CLE,ANA,ANA01,19990407,0,7:37PM,night,,,true,,181,21689,unknown,none,cloudy,58,ltor,6,munse701,,,clara901,younl901,tscht901,reedr901,,,burbd001,hillk001,,regular,9,1,CLE,ANA,y,both,y,y,y,1999
ANA199904080,CLE,ANA,ANA01,19990408,0,7:07PM,night,,,true,,158,25084,unknown,none,night,60,tolf,2,munse701,,,younl901,tscht901,reedr901,clara901,,,colob001,spars001,,regular,9,1,CLE,ANA,y,both,y,y,y,1999
TEX199904090,ANA,TEX,ARL02,19990409,0,7:35PM,night,,,true,,160,31633,unknown,none,night,80,unknown,10,,,,fordd901,evanj901,mccol901,meric901,,,finlc001,burkj001,,regular,8,4,ANA,TEX,y,both,y,y,y,1999
TEX199904100,ANA,TEX,ARL02,19990410,0,7:35PM,night,,,true,,162,37974,unknown,none,cloudy,76,tolf,9,,,,evanj901,mccol901,meric901,fordd901,,,olivo001,hellr001,,regular,10,0,ANA,TEX,y,both,y,y,y,1999
TEX199904110,ANA,TEX,ARL02,19990411,0,7:08PM,night,,,true,,180,23175,unknown,none,cloudy,77,ltor,9,,,,mccol901,meric901,fordd901,evanj901,,,selea001,belct001,wettj001,regular,3,6,TEX,ANA,y,both,y,y,y,1999
TEX199904120,ANA,TEX,ARL02,19990412,0,1:35PM,day,,,true,,208,24601,unknown,none,sunny,76,fromlf,12,,,,meric901,fordd901,evanj901,mccol901,,,magnm001,clarm002,,regular,13,5,ANA,TEX,y,both,y,y,y,1999
OAK199904130,ANA,OAK,OAK01,19990413,0,7:05PM,night,,,true,,160,5377,unknown,none,night,73,torf,4,,,,mcclt901,cedeg901,cobld901,hendt901,,,oquim001,spars001,taylb001,regular,2,3,OAK,ANA,y,both,y,y,y,1999
OAK199904140,ANA,OAK,OAK01,19990414,0,7:05PM,night,,,true,,184,8377,unknown,none,night,74,torf,9,,,,cedeg901,cobld901,hendt901,mcclt901,,,matht002,finlc001,taylb001,regular,5,6,OAK,ANA,y,both,y,y,y,1999
OAK199904150,ANA,OAK,OAK01,19990415,0,1:07PM,day,,,true,,151,7148,unknown,none,cloudy,76,torf,10,,,,cobld901,hendt901,mcclt901,cedeg901,,,olivo001,hereg001,,regular,12,1,ANA,OAK,y,both,y,y,y,1999
ANA199904160,SEA,ANA,ANA01,19990416,0,7:05PM,night,,,true,,173,39635,unknown,none,cloudy,69,ltor,3,munse701,,,reilm901,johnm901,welkt901,garcr901,,,belct001,moyej001,,regular,5,9,ANA,SEA,y,both,y,y,y,1999
ANA199904170,SEA,ANA,ANA01,19990417,0,7:05PM,night,,,true,,193,43752,unknown,none,cloudy,75,ltor,7,munse701,,,johnm901,welkt901,garcr901,reilm901,,,panij001,perct001,mesaj001,regular,4,3,SEA,ANA,y,both,y,y,y,1999
ANA199904180,SEA,ANA,ANA01,19990418,0,5:09PM,night,,,true,,178,37465,unknown,none,sunny,80,ltor,7,munse701,,,welkt901,garcr901,reilm901,johnm901,,,clouk001,spars001,mesaj001,regular,8,5,SEA,ANA,y,both,y,y,y,1999
TOR199904200,ANA,TOR,TOR02,19990420,0,7:09PM,night,,,true,,177,23775,dry,none,dome,72,unknown,0,,,,younl901,tscht901,reedr901,clara901,,,escok001,finlc001,,regular,1,5,TOR,ANA,y,both,y,y,y,1999
TOR199904210,ANA,TOR,TOR02,19990421,0,7:07PM,night,,,true,,187,23749,dry,none,dome,72,unknown,0,,,,tscht901,reedr901,clara901,younl901,,,carpc002,olivo001,persr001,regular,2,3,TOR,ANA,y,both,y,y,y,1999
TOR199904220,ANA,TOR,TOR02,19990422,0,7:08PM,night,,,true,,180,28212,dry,none,dome,72,unknown,0,,,,reedr901,clara901,younl901,tscht901,,,davet001,petkm001,lloyg001,regular,7,8,TOR,ANA,y,both,y,y,y,1999
KCA199904230,ANA,KCA,KAN06,19990423,0,7:08PM,night,,,true,,161,13209,unknown,none,overcast,54,fromcf,8,,,,craft901,mckej901,kaisk901,joycj901,,,hases001,montj002,perct001,regular,4,2,ANA,KCA,y,both,y,y,y,1999
KCA199904240,ANA,KCA,KAN06,19990424,0,1:06PM,day,,,true,,162,15664,unknown,none,cloudy,51,fromrf,12,,,,mckej901,kaisk901,joycj901,craft901,,,santj002,hases001,,regular,3,4,KCA,ANA,y,both,y,y,y,1999
ANA199904260,TOR,ANA,ANA01,19990426,0,7:06PM,night,,,true,,201,17324,unknown,none,night,72,ltor,5,munse701,,,scotd901,brinj901,cousd901,shulj901,,,perct001,rodrn001,,regular,3,4,ANA,TOR,y,both,y,y,y,1999
ANA199904270,TOR,ANA,ANA01,19990427,0,7:06PM,night,,,true,,146,17899,unknown,none,cloudy,60,unknown,5,munse701,,,brinj901,cousd901,shulj901,scotd901,,,hentp001,olivo001,,regular,10,1,TOR,ANA,y,both,y,y,y,1999
ANA199904280,TOR,ANA,ANA01,19990428,0,7:37PM,night,,,true,,194,18304,unknown,none,cloudy,60,ltor,8,munse701,,,cousd901,shulj901,scotd901,brinj901,,,petkm001,lloyg001,perct001,regular,10,12,ANA,TOR,y,both,y,y,y,1999
ANA199904290,TOR,ANA,ANA01,19990429,0,7:07PM,night,,,true,,167,18346,unknown,none,night,65,ltor,5,munse701,,,shulj901,scotd901,brinj901,cousd901,,,hillk001,hallr001,,regular,1,17,ANA,TOR,y,both,y,y,y,1999
ANA199904300,CHA,ANA,ANA01,19990430,0,7:07PM,night,,,true,,152,35053,unknown,none,cloudy,60,ltor,4,munse701,,,merrd901,hirsj901,phild901,roe-r901,,,petkm001,navaj001,perct001,regular,1,3,ANA,CHA,y,both,y,y,y,1999
ANA199905010,CHA,ANA,ANA01,19990501,0,7:06PM,night,,,true,,197,35296,unknown,none,night,60,ltor,5,munse701,,,hirsj901,phild901,roe-r901,merrd901,,,lundd001,perct001,howrb001,regular,8,5,CHA,ANA,y,both,y,y,y,1999
ANA199905020,CHA,ANA,ANA01,19990502,0,5:07PM,night,,,true,,142,34737,unknown,none,cloudy,59,ltor,5,munse701,,,phild901,roe-r901,merrd901,hirsj901,,,olivo001,parqj001,,regular,3,6,ANA,CHA,y,both,y,y,y,1999
ANA199905030,CHA,ANA,ANA01,19990503,0,1:05PM,day,,,true,,128,31995,unknown,none,cloudy,65,ltor,6,munse701,,,roe-r901,merrd901,hirsj901,phild901,,,snydj001,belct001,,regular,8,1,CHA,ANA,y,both,y,y,y,1999
DET199905040,ANA,DET,DET04,19990504,0,7:06PM,night,,,true,,158,13411,unknown,none,night,77,fromrf,7,,,,cedeg901,cobld901,onorb901,mcclt901,,,brocd001,holtm001,jonet003,regular,1,3,DET,ANA,y,both,y,y,y,1999
DET199905050,ANA,DET,DET04,19990505,0,7:05PM,night,,,true,,140,12676,unknown,none,cloudy,73,fromrf,9,,,,cobld901,onorb901,mcclt901,cedeg901,,,spars001,weavj002,perct001,regular,4,1,ANA,DET,y,both,y,y,y,1999
DET199905060,ANA,DET,DET04,19990506,0,7:07PM,night,,,true,,153,12510,unknown,none,cloudy,66,torf,18,,,,onorb901,mcclt901,fostm901,cobld901,,,florb001,finlc001,jonet003,regular,2,4,DET,ANA,y,both,y,y,y,1999
BOS199905070,ANA,BOS,BOS07,19990507,0,7:10PM,night,,,true,,158,32220,unknown,none,cloudy,56,fromrf,10,,,,cousd901,shulj901,scotd901,brinj901,,,martp001,olivo001,,regular,0,6,BOS,ANA,y,both,y,y,y,1999
BOS199905080,ANA,BOS,BOS07,19990508,0,1:07PM,day,,,true,,139,29385,unknown,none,cloudy,57,fromrf,9,,,,shulj901,scotd901,brinj901,cousd901,,,penaj002,belct001,lowed001,regular,1,6,BOS,ANA,y,both,y,y,y,1999
BOS199905090,ANA,BOS,BOS07,19990509,0,1:05PM,day,,,true,,160,23710,unknown,none,cloudy,67,tolf,9,,,,scotd901,brinj901,cousd901,shulj901,,,portm001,hillk001,waket001,regular,2,4,BOS,ANA,y,both,y,y,y,1999
NYA199905110,ANA,NYA,NYC16,19990511,0,7:36PM,night,,,true,,214,25313,unknown,none,night,63,rtol,10,,,,koscg901,morrd901,hicke901,barnl901,,,petkm001,mendr001,perct001,regular,9,7,ANA,NYA,y,both,y,y,y,1999
NYA199905120,ANA,NYA,NYC16,19990512,0,7:38PM,night,,,true,,175,23540,unknown,none,night,68,tolf,9,,,,morrd901,hicke901,barnl901,koscg901,,,finlc001,coned001,perct001,regular,1,0,ANA,NYA,y,both,y,y,y,1999
NYA199905130,ANA,NYA,NYC16,19990513,0,7:36PM,night,,,true,,183,26702,unknown,none,night,63,rtol,9,,,,hicke901,barnl901,koscg901,morrd901,,,olivo001,irabh001,perct001,regular,2,0,ANA,NYA,y,both,y,y,y,1999
ANA199905140,TBA,ANA,ANA01,19990514,0,7:06PM,night,,,true,,167,35515,unknown,none,night,60,rtol,5,munse701,,,fordd901,evanj901,mccol901,meric901,,,belct001,wittb001,,regular,3,8,ANA,TBA,y,both,y,y,y,1999
ANA199905150,TBA,ANA,ANA01,19990515,0,7:07PM,night,,,true,,145,36939,unknown,none,overcast,62,ltor,0,munse701,,,evanj901,mccol901,meric901,fordd901,,,saunt001,hillk001,hernr001,regular,3,1,TBA,ANA,y,both,y,y,y,1999
ANA199905160,TBA,ANA,ANA01,19990516,0,5:09PM,night,,,true,,177,35064,unknown,none,night,67,ltor,6,munse701,,,mccol901,meric901,fordd901,evanj901,,,alvaw001,spars001,,regular,7,4,TBA,ANA,y,both,y,y,y,1999
BAL199905180,ANA,BAL,BAL12,19990518,0,7:06PM,night,,,true,,146,42830,unknown,none,cloudy,81,ltor,10,,,,welkt901,garcr901,reilm901,johnm901,,,mussm001,finlc001,timlm001,regular,3,5,BAL,ANA,y,both,y,y,y,1999
BAL199905190,ANA,BAL,BAL12,19990519,0,7:07PM,night,,,true,,164,38557,unknown,none,cloudy,79,ltor,5,,,,garcr901,reilm901,johnm901,welkt901,,,levia001,timlm001,perct001,regular,5,4,ANA,BAL,y,both,y,y,y,1999
BAL199905200,ANA,BAL,BAL12,19990520,0,7:07PM,night,,,true,,169,38388,unknown,none,night,81,ltor,15,,,,reilm901,johnm901,welkt901,garcr901,,,belct001,johnj007,perct001,regular,6,4,ANA,BAL,y,both,y,y,y,1999
TBA199905210,ANA,TBA,STP01,19990521,0,7:05PM,night,,,true,,203,18613,dry,none,dome,72,unknown,0,,,,mcclt901,culbf901,cobld901,onorb901,,,whitr002,magnm001,hernr001,regular,9,10,TBA,ANA,y,both,y,y,y,1999
TBA199905220,ANA,TBA,STP01,19990522,0,6:35PM,night,,,true,,207,21543,dry,none,dome,72,unknown,0,,,,culbf901,cobld901,onorb901,mcclt901,,,petkm001,newma002,perct001,regular,8,6,ANA,TBA,y,both,y,y,y,1999
TBA199905230,ANA,TBA,STP01,19990523,0,1:35PM,day,,,true,,153,20847,dry,none,dome,72,unknown,0,,,,cobld901,onorb901,mcclt901,culbf901,,,finlc001,hernr001,,regular,4,0,ANA,TBA,y,both,y,y,y,1999
ANA199905250,BAL,ANA,ANA01,19990525,0,7:05PM,night,,,true,,121,20398,unknown,none,night,65,unknown,3,munse701,,,fordd901,roe-r901,coope901,johnm901,,,olivo001,erics001,perct001,regular,1,4,ANA,BAL,y,both,y,y,y,1999
ANA199905260,BAL,ANA,ANA01,19990526,0,7:37PM,night,,,true,,132,22058,unknown,none,cloudy,67,ltor,3,munse701,,,roe-r901,coope901,johnm901,fordd901,,,ponss001,belct001,rhoda001,regular,3,2,BAL,ANA,y,both,y,y,y,1999
ANA199905270,BAL,ANA,ANA01,19990527,0,7:07PM,night,,,true,,158,24724,unknown,none,cloudy,75,ltor,5,munse701,,,coope901,johnm901,fordd901,roe-r901,,,guzmj003,hillk001,timlm001,regular,6,3,BAL,ANA,y,both,y,y,y,1999
ANA199905280,KCA,ANA,ANA01,19990528,0,7:06PM,night,,,true,,177,30946,unknown,none,cloudy,64,ltor,4,munse701,,,culbf901,hirsj901,everm901,dimum901,,,appik001,finlc001,,regular,11,4,KCA,ANA,y,both,y,y,y,1999
ANA199905290,KCA,ANA,ANA01,19990529,0,7:06PM,night,,,true,,164,29749,unknown,none,cloudy,64,ltor,7,munse701,,,hirsj901,everm901,dimum901,culbf901,,,spars001,fussc001,perct001,regular,3,4,ANA,KCA,y,both,y,y,y,1999
ANA199905300,KCA,ANA,ANA01,19990530,0,5:07PM,night,,,true,,133,31429,unknown,none,cloudy,68,ltor,4,munse701,,,everm901,dimum901,culbf901,hirsj901,,,olivo001,rosaj001,perct001,regular,3,4,ANA,KCA,y,both,y,y,y,1999
ANA199905310,MIN,ANA,ANA01,19990531,0,5:05PM,night,,,true,,177,20466,unknown,none,night,73,tolf,6,munse701,,,cedeg901,johnm901,cobld901,mcclt901,,,hawkl001,hases001,tromm001,regular,3,2,MIN,ANA,y,both,y,y,y,1999
ANA199906010,MIN,ANA,ANA01,19990601,0,7:05PM,night,,,true,,144,17003,unknown,none,cloudy,62,ltor,5,munse701,,,johnm901,culbf901,mcclt901,cedeg901,,,hillk001,lincm001,,regular,1,5,ANA,MIN,y,both,y,y,y,1999
ANA199906020,MIN,ANA,ANA01,19990602,0,7:36PM,night,,,true,,142,17766,unknown,none,cloudy,58,tolf,7,munse701,,,culbf901,mcclt901,cedeg901,johnm901,,,finlc001,radkb001,perct001,regular,1,2,ANA,MIN,y,both,y,y,y,1999
LAN199906040,ANA,LAN,LOS03,19990604,0,7:11PM,night,,,false,,167,49213,unknown,none,night,62,ltor,12,,,,demud901,relic901,kellj901,holbs901,,,browk001,olivo001,shawj001,regular,4,5,LAN,ANA,y,both,y,y,y,1999
LAN199906050,ANA,LAN,LOS03,19990605,0,1:11PM,day,,,false,,156,44779,unknown,none,sunny,70,ltor,12,,,,relic901,kellj901,holbs901,demud901,,,masao001,belct001,shawj001,regular,4,7,LAN,ANA,y,both,y,y,y,1999
LAN199906060,ANA,LAN,LOS03,19990606,0,1:11PM,day,,,false,,177,53778,unknown,none,night,72,ltor,12,,,,kellj901,holbs901,demud901,relic901,,,hillk001,perec001,perct001,regular,7,5,ANA,LAN,y,both,y,y,y,1999
SFN199906070,ANA,SFN,SFO02,19990607,0,7:08PM,night,,,false,,165,13661,unknown,none,night,57,torf,20,,,,drecb901,davig901,rungb901,riekr901,,,ortir001,finlc001,nen-r001,regular,2,5,SFN,ANA,y,both,y,y,y,1999
SFN199906080,ANA,SFN,SFO02,19990608,0,1:08PM,day,,,false,,164,11721,unknown,none,sunny,59,torf,20,,,,davig901,rungb901,riekr901,drecb901,,,estes001,spars001,,regular,2,6,SFN,ANA,y,both,y,y,y,1999
SFN199906090,ANA,SFN,SFO02,19990609,0,12:35PM,day,,,false,,162,17516,unknown,none,sunny,64,torf,10,,,,rungb901,riekr901,drecb901,davig901,,,belct001,brocc001,perct001,regular,2,1,ANA,SFN,y,both,y,y,y,1999
ANA199906110,ARI,ANA,ANA01,19990611,0,7:08PM,night,,,true,,166,37042,unknown,none,cloudy,69,ltor,3,munse701,,,meric901,evanj901,mccol901,barrt901,,,reyna001,hillk001,,regular,12,2,ARI,ANA,y,both,y,y,y,1999
ANA199906120,ARI,ANA,ANA01,19990612,0,7:06PM,night,,,true,,162,37916,unknown,none,night,70,ltor,3,munse701,,,evanj901,mccol901,barrt901,meric901,,,petkm001,benea001,perct001,regular,3,4,ANA,ARI,y,both,y,y,y,1999
ANA199906130,ARI,ANA,ANA01,19990613,0,5:08PM,night,,,true,,233,29176,unknown,none,night,76,ltor,5,munse701,,,mccol901,barrt901,meric901,evanj901,,,nunev001,petkm001,olsog001,regular,3,1,ARI,ANA,y,both,y,y,y,1999
TOR199906150,ANA,TOR,TOR02,19990615,0,7:08PM,night,,,true,,164,21165,unknown,none,night,62,fromcf,10,,,,morrd901,hicke901,barnl901,koscg901,,,welld001,belct001,,regular,2,13,TOR,ANA,y,both,y,y,y,1999
TOR199906160,ANA,TOR,TOR02,19990616,0,7:07PM,night,,,true,,159,22184,unknown,none,cloudy,62,tolf,7,,,,hicke901,barnl901,koscg901,morrd901,,,lloyg001,schos001,kochb001,regular,2,3,TOR,ANA,y,both,y,y,y,1999
TOR199906170,ANA,TOR,TOR02,19990617,0,7:09PM,night,,,true,,151,20465,dry,none,dome,72,unknown,0,,,,barnl901,koscg901,morrd901,hicke901,,,escok001,hillk001,kochb001,regular,0,3,TOR,ANA,y,both,y,y,y,1999
NYA199906180,ANA,NYA,NYC16,19990618,0,7:35PM,night,,,true,,184,39996,unknown,none,night,68,ltor,16,,,,garcr901,reilm901,fordd901,johnm901,,,petta001,finlc001,rivem002,regular,1,4,NYA,ANA,y,both,y,y,y,1999
NYA199906190,ANA,NYA,NYC16,19990619,0,7:07PM,night,,,true,,158,49408,unknown,none,night,75,rtol,6,,,,reilm901,fordd901,johnm901,garcr901,,,irabh001,olivo001,mendr001,regular,2,6,NYA,ANA,y,both,y,y,y,1999
NYA199906200,ANA,NYA,NYC16,19990620,0,1:38PM,day,,,true,,165,55626,unknown,none,cloudy,72,fromlf,8,,,,fordd901,johnm901,garcr901,reilm901,,,belct001,coned001,perct001,regular,4,2,ANA,NYA,y,both,y,y,y,1999
SEA199906220,ANA,SEA,SEA02,19990622,0,7:06PM,night,,,true,,173,26153,dry,none,dome,72,unknown,0,,,,roe-r901,hirsj901,dimum901,everm901,,,petkm001,garcf002,perct001,regular,4,2,ANA,SEA,y,both,y,y,y,1999
SEA199906230,ANA,SEA,SEA02,19990623,0,7:37PM,night,,,true,,178,25087,dry,none,dome,72,unknown,0,,,,hirsj901,dimum901,everm901,roe-r901,,,halaj001,hillk001,rodrf001,regular,3,8,SEA,ANA,y,both,y,y,y,1999
SEA199906240,ANA,SEA,SEA02,19990624,0,7:05PM,night,,,true,,206,26431,dry,none,dome,72,unknown,0,,,,dimum901,everm901,roe-r901,hirsj901,,,schos001,mesaj001,petkm001,regular,12,7,ANA,SEA,y,both,y,y,y,1999
ANA199906250,OAK,ANA,ANA01,19990625,0,7:05PM,night,,,true,,170,29911,unknown,none,night,68,tocf,6,munse701,,,everm901,roe-r901,hirsj901,dimum901,,,perct001,joned001,,regular,3,4,ANA,OAK,y,both,y,y,y,1999
ANA199906260,OAK,ANA,ANA01,19990626,0,7:05PM,night,,,true,,178,29957,unknown,none,night,68,ltor,8,munse701,,,roe-r901,hirsj901,dimum901,everm901,,,magnm001,rigbb001,perct001,regular,4,5,ANA,OAK,y,both,y,y,y,1999
ANA199906270,OAK,ANA,ANA01,19990627,0,5:05PM,night,,,true,,170,31782,unknown,none,night,72,ltor,5,munse701,,,hirsj901,dimum901,everm901,roe-r901,,,spars001,rogek001,perct001,regular,3,4,ANA,OAK,y,both,y,y,y,1999
ANA199906280,TEX,ANA,ANA01,19990628,0,7:05PM,night,,,true,,145,20539,unknown,none,night,72,ltor,4,munse701,,,johnm901,garcr901,reilm901,fordd901,,,morgm001,finlc001,,regular,9,1,TEX,ANA,y,both,y,y,y,1999
ANA199906290,TEX,ANA,ANA01,19990629,0,7:05PM,night,,,true,,160,22274,unknown,none,night,76,ltor,6,munse701,,,garcr901,reilm901,fordd901,johnm901,,,burkj001,olivo001,,regular,5,0,TEX,ANA,y,both,y,y,y,1999
ANA199906300,TEX,ANA,ANA01,19990630,0,7:35PM,night,,,true,,195,23450,unknown,none,night,74,tolf,8,munse701,,,reilm901,fordd901,johnm901,garcr901,,,glynr001,hillk001,,regular,18,4,TEX,ANA,y,both,y,y,y,1999
OAK199907020,ANA,OAK,OAK01,19990702,0,7:35PM,night,,,true,,211,8570,unknown,none,night,61,torf,5,,,,onorb901,craft901,coope901,mckej901,,,petkm001,harvc001,,regular,10,6,ANA,OAK,y,both,y,y,y,1999
OAK199907030,ANA,OAK,OAK01,19990703,0,6:15PM,night,,,true,,187,50916,unknown,none,night,65,torf,14,,,,craft901,coope901,mckej901,onorb901,,,hereg001,finlc001,taylb001,regular,7,9,OAK,ANA,y,both,y,y,y,1999
OAK199907040,ANA,OAK,OAK01,19990704,0,1:35PM,day,,,true,,168,19721,unknown,none,night,70,torf,7,,,,coope901,mckej901,onorb901,craft901,,,olivo001,oquim001,,regular,5,2,ANA,OAK,y,both,y,y,y,1999
ANA199907050,SEA,ANA,ANA01,19990705,0,7:35PM,night,,,true,,161,36987,unknown,none,night,78,ltor,5,munse701,,,hirsj901,everm901,coope901,roe-r901,,,fassj001,hases001,,regular,10,0,SEA,ANA,y,both,y,y,y,1999
ANA199907060,SEA,ANA,ANA01,19990706,0,7:05PM,night,,,true,,170,22444,unknown,none,night,74,ltor,7,munse701,,,everm901,coope901,roe-r901,hirsj901,,,petkm001,rodrf001,,regular,2,8,ANA,SEA,y,both,y,y,y,1999
ANA199907070,SEA,ANA,ANA01,19990707,0,7:35PM,night,,,true,,171,23623,unknown,none,cloudy,73,ltor,4,munse701,,,coope901,roe-r901,hirsj901,everm901,,,spars001,moyej001,,regular,3,10,ANA,SEA,y,both,y,y,y,1999
COL199907090,ANA,COL,DEN02,19990709,0,7:05PM,night,,,false,,182,44122,unknown,none,cloudy,78,tolf,2,,,,poncl901,darlg901,mealj901,ripps901,,,finlc001,kiled001,perct001,regular,9,6,ANA,COL,y,both,y,y,y,1999
COL199907100,ANA,COL,DEN02,19990710,0,6:05PM,night,,,false,,159,48069,unknown,none,night,81,fromlf,3,,,,darlg901,mealj901,ripps901,poncl901,,,olivo001,astap001,,regular,9,3,ANA,COL,y,both,y,y,y,1999
COL199907110,ANA,COL,DEN02,19990711,0,1:05PM,day,,,false,,166,42585,unknown,none,cloudy,71,fromcf,5,,,,mealj901,ripps901,poncl901,darlg901,,,dipoj001,fyhrm001,,regular,2,8,COL,ANA,y,both,y,y,y,1999
ANA199907150,LAN,ANA,ANA01,19990715,0,7:05PM,night,,,true,,208,43911,unknown,none,night,74,ltor,3,munse701,,,brinj901,eddid901,scotd901,cousd901,,,petkm001,milla001,,regular,6,7,ANA,LAN,y,both,y,y,y,1999
ANA199907160,LAN,ANA,ANA01,19990716,0,7:05PM,night,,,true,,153,43727,unknown,none,night,74,ltor,8,munse701,,,eddid901,scotd901,cousd901,brinj901,,,valdi001,olivo001,shawj001,regular,3,1,LAN,ANA,y,both,y,y,y,1999
ANA199907170,LAN,ANA,ANA01,19990717,0,1:05PM,day,,,true,,190,39808,unknown,none,night,87,ltor,6,munse701,,,scotd901,cousd901,brinj901,eddid901,,,parkc002,spars001,,regular,13,3,LAN,ANA,y,both,y,y,y,1999
ANA199907180,SDN,ANA,ANA01,19990718,0,5:05PM,night,,,true,,188,37697,unknown,none,night,80,ltor,5,munse701,,,cousd901,brinj901,eddid901,scotd901,,,boehb001,fyhrm001,hofft001,regular,6,3,SDN,ANA,y,both,y,y,y,1999
ANA199907190,SDN,ANA,ANA01,19990719,0,7:05PM,night,,,true,,177,25217,unknown,none,night,73,ltor,4,munse701,,,koscg901,morrd901,hicke901,barnl901,,,miced001,hases001,hofft001,regular,4,1,SDN,ANA,y,both,y,y,y,1999
ANA199907200,SDN,ANA,ANA01,19990720,0,1:05PM,day,,,true,,171,35247,unknown,none,night,82,ltor,5,munse701,,,morrd901,hicke901,barnl901,koscg901,,,ashba002,petkm001,hofft001,regular,2,1,SDN,ANA,y,both,y,y,y,1999
TEX199907210,ANA,TEX,ARL02,19990721,0,7:35PM,night,,,true,,178,35849,unknown,none,cloudy,82,rtol,16,,,,reilm901,johnm901,onorb901,garcr901,,,selea001,olivo001,zimmj001,regular,5,9,TEX,ANA,y,both,y,y,y,1999
TEX199907220,ANA,TEX,ARL02,19990722,0,7:35PM,night,,,true,,190,31101,unknown,none,cloudy,94,fromcf,13,,,,johnm901,onorb901,garcr901,reilm901,,,burkj001,spars001,zimmj001,regular,7,9,TEX,ANA,y,both,y,y,y,1999
BAL199907230,ANA,BAL,BAL12,19990723,0,7:35PM,night,,,true,,159,43945,unknown,none,cloudy,96,ltor,5,,,,koscg901,morrd901,hicke901,barnl901,,,guzmj003,mcdoj001,timlm001,regular,0,1,BAL,ANA,y,both,y,y,y,1999
BAL199907240,ANA,BAL,BAL12,19990724,0,4:05PM,day,,,true,,200,48544,unknown,none,night,97,ltor,8,,,,morrd901,hicke901,koscg901,barnl901,,,johnj007,hillk001,,regular,4,8,BAL,ANA,y,both,y,y,y,1999
BAL199907250,ANA,BAL,BAL12,19990725,0,1:35PM,day,,,true,,219,44724,unknown,none,cloudy,96,ltor,15,,,,hicke901,koscg901,morrd901,fostm901,,,kamis001,holtm001,,regular,7,8,BAL,ANA,y,both,y,y,y,1999
TBA199907260,ANA,TBA,STP01,19990726,0,7:05PM,night,,,true,,145,14336,dry,none,dome,72,unknown,0,,,,evanj901,coope901,mccol901,welkt901,,,wittb001,olivo001,,regular,0,7,TBA,ANA,y,both,y,y,y,1999
TBA199907270,ANA,TBA,STP01,19990727,0,7:05PM,night,,,true,,183,14439,dry,none,dome,72,unknown,0,,,,coope901,mccol901,welkt901,evanj901,,,magnm001,callm001,,regular,10,5,ANA,TBA,y,both,y,y,y,1999
TBA199907280,ANA,TBA,STP01,19990728,0,7:05PM,night,,,true,,149,15396,dry,none,dome,72,unknown,0,,,,mccol901,welkt901,evanj901,coope901,,,ruper001,mcdoj001,hernr001,regular,1,4,TBA,ANA,y,both,y,y,y,1999
ANA199907300,MIN,ANA,ANA01,19990730,0,7:05PM,night,,,true,,168,38319,unknown,none,night,71,fromlf,5,munse701,,,reynj901,welkb901,barrt901,cedeg901,,,radkb001,hillk001,,regular,3,1,MIN,ANA,y,both,y,y,y,1999
ANA199907310,MIN,ANA,ANA01,19990731,0,7:05PM,night,,,true,,156,37011,unknown,none,night,75,ltor,5,munse701,,,welkb901,barrt901,cedeg901,reynj901,,,milte001,finlc001,,regular,8,0,MIN,ANA,y,both,y,y,y,1999
ANA199908010,MIN,ANA,ANA01,19990801,0,5:05PM,night,,,true,,124,24045,unknown,none,night,80,ltor,8,munse701,,,barrt901,cedeg901,reynj901,welkb901,,,spars001,maysj001,perct001,regular,1,2,ANA,MIN,y,both,y,y,y,1999
ANA199908020,KCA,ANA,ANA01,19990802,0,7:05PM,night,,,true,,158,17029,unknown,none,cloudy,80,rtol,6,munse701,,,clara901,younl901,tscht901,reedr901,,,rosaj001,mcdoj001,,regular,12,4,KCA,ANA,y,both,y,y,y,1999
ANA199908030,KCA,ANA,ANA01,19990803,0,7:05PM,night,,,true,,153,18454,unknown,none,night,81,fromlf,5,munse701,,,younl901,tscht901,reedr901,clara901,,,suppj001,fyhrm001,,regular,7,0,KCA,ANA,y,both,y,y,y,1999
ANA199908040,KCA,ANA,ANA01,19990804,0,7:35PM,night,,,true,,172,18216,unknown,none,night,75,ltor,6,munse701,,,tscht901,reedr901,clara901,younl901,,,hillk001,witaj001,perct001,regular,3,4,ANA,KCA,y,both,y,y,y,1999
ANA199908050,BOS,ANA,ANA01,19990805,0,7:05PM,night,,,true,,181,26175,unknown,none,cloudy,70,ltor,4,munse701,,,brinj901,shulj901,scotd901,cousd901,,,finlc001,roseb002,,regular,0,8,ANA,BOS,y,both,y,y,y,1999
ANA199908060,BOS,ANA,ANA01,19990806,0,7:05PM,night,,,true,,172,36360,unknown,none,cloudy,68,ltor,5,munse701,,,shulj901,scotd901,cousd901,brinj901,,,sabeb001,spars001,,regular,5,1,BOS,ANA,y,both,y,y,y,1999
ANA199908070,BOS,ANA,ANA01,19990807,0,1:05PM,day,,,true,,202,36577,unknown,none,sunny,79,ltor,7,munse701,,,scotd901,cousd901,brinj901,shulj901,,,rappp001,belct001,,regular,14,3,BOS,ANA,y,both,y,y,y,1999
ANA199908080,BOS,ANA,ANA01,19990808,0,5:05PM,night,,,true,,174,31664,unknown,none,night,69,ltor,5,munse701,,,cousd901,brinj901,shulj901,scotd901,,,martp001,mcdoj001,,regular,9,3,BOS,ANA,y,both,y,y,y,1999
ANA199908090,CLE,ANA,ANA01,19990809,0,7:05PM,night,,,true,,183,22013,unknown,none,cloudy,70,tolf,9,munse701,,,millb901,mccol901,meric901,dimum901,,,colob001,hillk001,,regular,4,0,CLE,ANA,y,both,y,y,y,1999
ANA199908100,CLE,ANA,ANA01,19990810,0,7:05PM,night,,,true,,197,25777,unknown,none,night,69,ltor,6,munse701,,,mccol901,meric901,dimum901,millb901,,,rincr001,petkm001,jackm001,regular,2,1,CLE,ANA,y,both,y,y,y,1999
ANA199908110,CLE,ANA,ANA01,19990811,0,7:35PM,night,,,true,,174,26399,unknown,none,night,69,ltor,3,munse701,,,meric901,dimum901,millb901,mccol901,,,burbd001,spars001,jackm001,regular,4,3,CLE,ANA,y,both,y,y,y,1999
DET199908130,ANA,DET,DET04,19990813,0,7:05PM,night,,,true,,190,32003,unknown,none,cloudy,85,tolf,14,,,,hicke901,fostm901,koscg901,morrd901,,,jonet003,hases001,,regular,7,8,DET,ANA,y,both,y,y,y,1999
DET199908140,ANA,DET,DET04,19990814,0,4:05PM,day,,,true,,191,36651,unknown,none,cloudy,66,fromlf,18,,,,fostm901,koscg901,morrd901,hicke901,,,magnm001,moehb001,perct001,regular,7,4,ANA,DET,y,both,y,y,y,1999
DET199908150,ANA,DET,DET04,19990815,0,1:05PM,day,,,true,,161,34237,unknown,none,cloudy,68,fromrf,13,,,,koscg901,morrd901,hicke901,fostm901,,,finlc001,thomj003,,regular,10,2,ANA,DET,y,both,y,y,y,1999
CHA199908160,ANA,CHA,CHI12,19990816,0,7:05PM,night,,,true,,145,18212,unknown,none,night,84,rtol,10,,,,welkb901,joycj901,mckej901,craft901,,,sirom001,washj001,,regular,1,6,CHA,ANA,y,both,y,y,y,1999
CHA199908170,ANA,CHA,CHI12,19990817,0,7:05PM,night,,,true,,225,14943,unknown,none,cloudy,80,torf,15,,,,joycj901,eddid901,craft901,welkb901,,,howrb001,holtm001,,regular,3,4,CHA,ANA,y,both,y,y,y,1999
CHA199908180,ANA,CHA,CHI12,19990818,0,7:05PM,night,,,true,,140,11666,unknown,none,overcast,70,tolf,10,,,,eddid901,craft901,welkb901,joycj901,,,baldj002,magnm001,howrb001,regular,3,4,CHA,ANA,y,both,y,y,y,1999
CHA199908190,ANA,CHA,CHI12,19990819,0,1:05PM,day,,,true,,159,14171,unknown,none,cloudy,69,unknown,8,,,,craft901,welkb901,joycj901,eddid901,,,ortir002,parqj001,,regular,9,2,ANA,CHA,y,both,y,y,y,1999
ANA199908200,DET,ANA,ANA01,19990820,0,7:05PM,night,,,true,,139,29910,unknown,unknown,unknown,70,ltor,7,munse701,,,koscg901,morrd901,hicke901,fostm901,,,finlc001,moehb001,,regular,1,5,ANA,DET,y,both,y,y,y,1999
ANA199908210,DET,ANA,ANA01,19990821,0,7:05PM,night,,,true,,159,28575,unknown,unknown,unknown,69,fromlf,6,munse701,,,morrd901,hicke901,fostm901,koscg901,,,weavj002,washj001,,regular,5,0,DET,ANA,y,both,y,y,y,1999
ANA199908220,DET,ANA,ANA01,19990822,0,5:05PM,night,,,true,,182,24465,unknown,none,night,74,ltor,3,munse701,,,hicke901,fostm901,koscg901,morrd901,,,mlicd001,spars001,,regular,12,3,DET,ANA,y,both,y,y,y,1999
ANA199908230,DET,ANA,ANA01,19990823,0,7:05PM,night,,,true,,182,17145,unknown,none,night,74,ltor,6,munse701,,,fostm901,koscg901,morrd901,hicke901,,,perct001,brocd001,,regular,5,6,ANA,DET,y,both,y,y,y,1999
ANA199908240,TOR,ANA,ANA01,19990824,0,7:05PM,night,,,true,,169,21492,unknown,none,night,80,rtol,2,munse701,,,iassd901,joycj901,culbf901,katzt901,,,hentp001,ortir002,kochb001,regular,5,1,TOR,ANA,y,both,y,y,y,1999
ANA199908250,TOR,ANA,ANA01,19990825,0,1:05PM,day,,,true,,172,21592,unknown,none,night,84,tolf,10,munse701,,,joycj901,culbf901,katzt901,iassd901,,,hamij002,finlc001,,regular,7,2,TOR,ANA,y,both,y,y,y,1999
BOS199908270,ANA,BOS,BOS07,19990827,0,7:05PM,night,,,true,,146,32921,unknown,none,cloudy,74,tolf,2,,,,reedr901,clara901,younl901,tscht901,,,garcr001,perct001,lowed001,regular,3,4,BOS,ANA,y,both,y,y,y,1999
BOS199908280,ANA,BOS,BOS07,19990828,0,4:05PM,day,,,true,,162,33060,unknown,none,sunny,88,tolf,15,,,,clara901,younl901,tscht901,reedr901,,,lowed001,potel001,,regular,6,7,BOS,ANA,y,both,y,y,y,1999
BOS199908290,ANA,BOS,BOS07,19990829,0,1:05PM,day,,,true,,186,32253,unknown,none,sunny,84,fromlf,8,,,,younl901,tscht901,reedr901,clara901,,,rappp001,belct001,lowed001,regular,4,7,BOS,ANA,y,both,y,y,y,1999
CLE199908300,ANA,CLE,CLE08,19990830,0,7:05PM,night,,,true,,191,43295,unknown,none,night,66,fromrf,18,,,,mcclt901,coope901,cedeg901,barrt901,,,colob001,levia001,jackm001,regular,5,7,CLE,ANA,y,both,y,y,y,1999
CLE199908310,ANA,CLE,CLE08,19990831,0,7:05PM,night,,,true,,229,43284,unknown,none,night,70,fromrf,12,,,,coope901,cedeg901,barrt901,mcclt901,,,poolj001,perct001,shuep001,regular,12,14,CLE,ANA,y,both,y,y,y,1999
CLE199909010,ANA,CLE,CLE08,19990901,0,7:05PM,night,,,true,,160,43399,unknown,none,cloudy,76,fromcf,13,,,,cedeg901,barrt901,mcclt901,coope901,,,burbd001,washj001,,regular,1,8,CLE,ANA,y,both,y,y,y,1999
CLE199909020,ANA,CLE,CLE08,19990902,0,7:05PM,night,,,true,,164,43369,unknown,none,night,73,fromrf,9,,,,barrt901,mcclt901,coope901,cedeg901,,,nagyc001,spars001,jackm001,regular,5,6,CLE,ANA,y,both,y,y,y,1999
ANA199909030,NYA,ANA,ANA01,19990903,0,7:05PM,night,,,true,,199,35782,unknown,none,overcast,87,ltor,4,munse701,,,tscht901,welkb901,reedr901,everm901,,,belct001,petta001,,regular,2,8,ANA,NYA,y,both,y,y,y,1999
ANA199909040,NYA,ANA,ANA01,19990904,0,1:05PM,day,,,true,,223,30589,unknown,none,sunny,77,ltor,6,munse701,,,welkb901,reedr901,everm901,tscht901,,,watsa001,alvaj002,rivem002,regular,9,6,NYA,ANA,y,both,y,y,y,1999
ANA199909050,NYA,ANA,ANA01,19990905,0,5:05PM,night,,,true,,196,35481,unknown,none,night,69,ltor,4,munse701,,,reedr901,everm901,tscht901,welkb901,,,yarne001,fyhrm001,,regular,8,3,NYA,ANA,y,both,y,y,y,1999
ANA199909060,NYA,ANA,ANA01,19990906,0,5:05PM,night,,,true,,164,31749,unknown,none,night,72,ltor,4,munse701,,,millb901,clara901,onorb901,eddid901,,,washj001,clemr001,perct001,regular,3,5,ANA,NYA,y,both,y,y,y,1999
ANA199909070,CHA,ANA,ANA01,19990907,0,7:05PM,night,,,true,,179,16867,unknown,none,night,75,tolf,3,munse701,,,clara901,onorb901,eddid901,millb901,,,coopb001,sirom001,,regular,1,14,ANA,CHA,y,both,y,y,y,1999
ANA199909080,CHA,ANA,ANA01,19990908,0,7:35PM,night,,,true,,218,17246,unknown,none,night,66,fromlf,6,munse701,,,onorb901,eddid901,millb901,clara901,,,perct001,simab001,,regular,5,6,ANA,CHA,y,both,y,y,y,1999
MIN199909100,ANA,MIN,MIN03,19990910,0,7:05PM,night,,,true,,163,11200,dry,none,dome,72,unknown,0,,,,joycj901,welkt901,tscht901,craft901,,,finlc001,radkb001,perct001,regular,4,2,ANA,MIN,y,both,y,y,y,1999
MIN199909110,ANA,MIN,MIN03,19990911,0,12:00PM,day,,,true,,148,11222,dry,none,dome,72,unknown,0,mee-t701,,,welkt901,tscht901,craft901,joycj901,,,milte001,ortir002,,regular,0,7,MIN,ANA,y,both,y,y,y,1999
MIN199909120,ANA,MIN,MIN03,19990912,0,1:05PM,day,,,true,,151,11301,dry,none,dome,72,unknown,0,,,,tscht901,craft901,joycj901,welkt901,,,washj001,maysj001,,regular,6,3,ANA,MIN,y,both,y,y,y,1999
MIN199909130,ANA,MIN,MIN03,19990913,0,7:05PM,night,,,true,,209,8716,dry,none,dome,72,unknown,0,,,,onorb901,scotd901,millb901,clara901,,,magnm001,hawkl001,hases001,regular,6,5,ANA,MIN,y,both,y,y,y,1999
KCA199909141,ANA,KCA,KAN06,19990914,1,4:05PM,day,,,true,,193,0,unknown,none,overcast,65,ltor,7,,,,eddid901,cousd901,katzt901,shulj901,,,potel001,morma001,hases001,regular,8,6,ANA,KCA,y,both,y,y,y,1999
KCA199909142,ANA,KCA,KAN06,19990914,2,7:35PM,night,,,true,,181,11290,unknown,none,night,67,tocf,2,,,,cousd901,katzt901,shulj901,eddid901,,,hases001,byrdt001,perct001,regular,6,5,ANA,KCA,y,both,y,y,y,1999
KCA199909150,ANA,KCA,KAN06,19990915,0,7:05PM,night,,,true,,158,10781,unknown,unknown,unknown,65,torf,2,,,,katzt901,shulj901,eddid901,cousd901,,,finlc001,cartl002,perct001,regular,1,0,ANA,KCA,y,both,y,y,y,1999
KCA199909160,ANA,KCA,KAN06,19990916,0,1:05PM,day,,,true,,143,11602,unknown,none,sunny,67,fromrf,3,,,,shulj901,eddid901,cousd901,katzt901,,,suppj001,ortir002,,regular,1,7,KCA,ANA,y,both,y,y,y,1999
ANA199909170,BAL,ANA,ANA01,19990917,0,7:05PM,night,,,true,,192,28865,unknown,none,overcast,66,ltor,5,munse701,,,younl901,fostm901,morrd901,culbf901,,,erics001,washj001,timlm001,regular,4,2,BAL,ANA,y,both,y,y,y,1999
ANA199909180,BAL,ANA,ANA01,19990918,0,7:05PM,night,,,true,,186,36531,unknown,none,overcast,65,ltor,4,munse701,,,fostm901,morrd901,culbf901,younl901,,,ponss001,coopb001,timlm001,regular,6,3,BAL,ANA,y,both,y,y,y,1999
ANA199909190,BAL,ANA,ANA01,19990919,0,5:05PM,night,,,true,,181,22526,unknown,none,night,70,ltor,5,munse701,,,morrd901,culbf901,younl901,fostm901,,,molig001,perct001,timlm001,regular,5,4,BAL,ANA,y,both,y,y,y,1999
ANA199909200,TBA,ANA,ANA01,19990920,0,7:05PM,night,,,true,,192,16165,unknown,none,night,75,rtol,5,munse701,,,shulj901,brinj901,cousd901,eddid901,,,finlc001,alvaw001,,regular,5,10,ANA,TBA,y,both,y,y,y,1999
ANA199909210,TBA,ANA,ANA01,19990921,0,7:05PM,night,,,true,,187,16486,unknown,none,cloudy,75,fromlf,5,munse701,,,brinj901,cousd901,eddid901,shulj901,,,ortir002,eilad001,perct001,regular,5,7,ANA,TBA,y,both,y,y,y,1999
ANA199909220,TBA,ANA,ANA01,19990922,0,7:35PM,night,,,true,,177,16801,unknown,none,cloudy,68,tolf,5,munse701,,,cousd901,eddid901,shulj901,brinj901,,,washj001,wheed001,,regular,5,8,ANA,TBA,y,both,y,y,y,1999
SEA199909240,ANA,SEA,SEA03,19990924,0,7:05PM,night,,,true,,187,44403,unknown,none,cloudy,60,tocf,5,,,,millb901,clara901,onorb901,scotd901,,,mesaj001,perct001,,regular,3,4,SEA,ANA,y,both,y,y,y,1999
SEA199909250,ANA,SEA,SEA03,19990925,0,6:05PM,night,,,true,,174,44308,unknown,none,cloudy,64,tocf,9,,,,clara901,onorb901,scotd901,millb901,,,finlc001,moyej001,,regular,7,3,ANA,SEA,y,both,y,y,y,1999
SEA199909260,ANA,SEA,SEA03,19990926,0,1:35PM,day,,,true,,178,44485,unknown,none,cloudy,57,ltor,4,,,,onorb901,scotd901,millb901,clara901,,,davet001,hases001,,regular,2,3,SEA,ANA,y,both,y,y,y,1999
ANA199909280,OAK,ANA,ANA01,19990928,0,7:05PM,night,,,true,,176,17981,unknown,none,overcast,72,ltor,5,munse701,,,mckej901,reilm901,meric901,diazl901,,,hudst001,washj001,mahar001,regular,9,3,OAK,ANA,y,both,y,y,y,1999
ANA199909290,OAK,ANA,ANA01,19990929,0,7:35PM,night,,,true,,178,17596,unknown,none,night,78,ltor,3,munse701,,,reilm901,meric901,diazl901,mckej901,,,hases001,matht002,potel001,regular,4,7,ANA,OAK,y,both,y,y,y,1999
ANA199909300,OAK,ANA,ANA01,19990930,0,7:05PM,night,,,true,,171,19567,unknown,none,night,80,ltor,5,munse701,,,meric901,diazl901,mckej901,reilm901,,,petkm001,isrij001,potel001,regular,4,5,ANA,OAK,y,both,y,y,y,1999
ANA199910010,TEX,ANA,ANA01,19991001,0,7:05PM,night,,,true,,167,25515,unknown,none,night,78,ltor,5,munse701,,,diazl901,mckej901,reilm901,meric901,,,holtm001,morgm001,,regular,6,7,ANA,TEX,y,both,y,y,y,1999
ANA199910020,TEX,ANA,ANA01,19991002,0,7:05PM,night,,,true,,193,33239,unknown,none,night,65,ltor,4,munse701,,,mckej901,reilm901,meric901,diazl901,,,hases001,hellr001,,regular,3,15,ANA,TEX,y,both,y,y,y,1999
ANA199910030,TEX,ANA,ANA01,19991003,0,1:05PM,day,,,true,,116,23556,unknown,none,sunny,78,ltor,5,munse701,,,reilm901,meric901,diazl901,mckej901,,,washj001,morgm001,potel001,regular,0,1,ANA,TEX,y,both,y,y,y,1999
ANA200004030,NYA,ANA,ANA01,20000403,0,7:35PM,night,,,true,,182,42704,unknown,unknown,sunny,70,rtol,5,munse701,,,mcclt901,craft901,schrp901,cuzzp901,,,herno001,hillk001,rivem002,regular,3,2,NYA,ANA,y,both,y,y,y,2000
ANA200004040,NYA,ANA,ANA01,20000404,0,7:05PM,night,,,true,,200,25818,unknown,unknown,sunny,70,ltor,4,munse701,,,craft901,schrp901,cuzzp901,mcclt901,,,mendr001,perct001,rivem002,regular,5,3,NYA,ANA,y,both,y,y,y,2000
ANA200004050,NYA,ANA,ANA01,20000405,0,7:05PM,night,,,true,,181,24560,unknown,unknown,overcast,63,tolf,6,munse701,,,schrp901,cuzzp901,mcclt901,craft901,,,schos001,coned001,,regular,6,12,ANA,NYA,y,both,y,y,y,2000
ANA200004070,BOS,ANA,ANA01,20000407,0,7:05PM,night,,,true,,148,30412,unknown,unknown,overcast,63,ltor,4,munse701,,,diazl901,reilm901,kellj901,coope901,,,dickj001,schop001,,regular,3,7,ANA,BOS,y,both,y,y,y,2000
ANA200004080,BOS,ANA,ANA01,20000408,0,7:05PM,night,,,true,,191,27369,unknown,unknown,sunny,69,ltor,2,munse701,,,reilm901,kellj901,coope901,diazl901,,,hillk001,roseb002,perct001,regular,5,7,ANA,BOS,y,both,y,y,y,2000
ANA200004090,BOS,ANA,ANA01,20000409,0,1:05PM,day,,,true,,164,35847,unknown,unknown,cloudy,70,ltor,7,munse701,,,kellj901,coope901,diazl901,reilm901,,,martp001,bottk001,,regular,5,2,BOS,ANA,y,both,y,y,y,2000
ANA200004100,TOR,ANA,ANA01,20000410,0,7:05PM,night,,,true,,142,14338,unknown,unknown,sunny,72,rtol,1,munse701,,,cousd901,marqa901,brinj901,nelsj901,,,schos001,carpc002,,regular,0,6,ANA,TOR,y,both,y,y,y,2000
ANA200004110,TOR,ANA,ANA01,20000411,0,7:05PM,night,,,true,,193,15229,unknown,unknown,sunny,66,ltor,2,munse701,,,marqa901,brinj901,nelsj901,cousd901,,,ortir002,escok001,perct001,regular,4,5,ANA,TOR,y,both,y,y,y,2000
ANA200004120,TOR,ANA,ANA01,20000412,0,7:05PM,night,,,true,,177,16494,unknown,unknown,sunny,70,ltor,3,munse701,,,brinj901,nelsj901,cousd901,marqa901,,,borbp001,petkm001,,regular,6,2,TOR,ANA,y,both,y,y,y,2000
CHA200004140,ANA,CHA,CHI12,20000414,0,6:05PM,night,,,true,,205,38912,unknown,unknown,sunny,73,rtol,15,,,,meric901,gibsg901,ripps901,tscht901,,,sirom001,hillk001,,regular,4,9,CHA,ANA,y,both,y,y,y,2000
CHA200004150,ANA,CHA,CHI12,20000415,0,1:05PM,day,,,true,,171,14135,unknown,unknown,sunny,65,tolf,8,,,,gibsg901,ripps901,tscht901,meric901,,,bottk001,wellk001,perct001,regular,3,1,ANA,CHA,y,both,y,y,y,2000
CHA200004160,ANA,CHA,CHI12,20000416,0,1:05PM,day,,,true,,155,10929,unknown,unknown,overcast,49,ltor,9,,,,ripps901,tscht901,meric901,gibsg901,,,schos001,parqj001,perct001,regular,3,1,ANA,CHA,y,both,y,y,y,2000
TOR200004170,ANA,TOR,TOR02,20000417,0,7:05PM,night,,,true,,183,13622,dry,none,dome,72,unknown,0,,,,buckc901,clara901,vanvm901,reedr901,,,escok001,ortir002,,regular,1,7,TOR,ANA,y,both,y,y,y,2000
TOR200004180,ANA,TOR,TOR02,20000418,0,7:05PM,night,,,true,,231,13825,dry,none,dome,72,unknown,0,,,,clara901,vanvm901,reedr901,buckc901,,,dickj001,castf001,,regular,16,10,ANA,TOR,y,both,y,y,y,2000
TOR200004190,ANA,TOR,TOR02,20000419,0,7:05PM,night,,,true,,165,13572,dry,none,dome,72,unknown,0,,,,vanvm901,reedr901,buckc901,clara901,,,welld001,hillk001,,regular,4,12,TOR,ANA,y,both,y,y,y,2000
TOR200004200,ANA,TOR,TOR02,20000420,0,7:05PM,night,,,true,,179,13985,dry,none,dome,72,unknown,0,,,,reedr901,buckc901,clara901,vanvm901,,,hallr001,bottk001,kochb001,regular,11,12,TOR,ANA,y,both,y,y,y,2000
TBA200004210,ANA,TBA,STP01,20000421,0,7:15PM,night,,,true,,215,22221,dry,none,dome,72,unknown,0,,,,riekr901,emmep901,davig901,joycj901,,,petkm001,hernr001,perct001,regular,9,6,ANA,TBA,y,both,y,y,y,2000
TBA200004220,ANA,TBA,STP01,20000422,0,4:15PM,day,,,true,,205,22042,dry,none,dome,72,unknown,0,,,,emmep901,davig901,joycj901,riekr901,,,lopea002,merck001,,regular,9,11,TBA,ANA,y,both,y,y,y,2000
TBA200004230,ANA,TBA,STP01,20000423,0,1:15PM,day,,,true,,161,15601,dry,none,dome,72,unknown,0,,,,davig901,joycj901,riekr901,emmep901,,,eilad001,dickj001,hernr001,regular,0,1,TBA,ANA,y,both,y,y,y,2000
ANA200004240,DET,ANA,ANA01,20000424,0,7:05PM,night,,,true,,175,16433,unknown,unknown,sunny,75,rtol,2,munse701,,,welkb901,froeb901,wintm901,culbf901,,,hillk001,mlicd001,,regular,4,10,ANA,DET,y,both,y,y,y,2000
ANA200004250,DET,ANA,ANA01,20000425,0,7:05PM,night,,,true,,169,17086,unknown,unknown,sunny,72,tocf,5,munse701,,,froeb901,wintm901,culbf901,welkb901,,,poolj001,bottk001,jonet003,regular,4,2,DET,ANA,y,both,y,y,y,2000
ANA200004260,DET,ANA,ANA01,20000426,0,7:05PM,night,,,true,,146,16153,unknown,unknown,sunny,71,ltor,4,munse701,,,wintm901,culbf901,welkb901,froeb901,,,schos001,nitkc001,,regular,1,6,ANA,DET,y,both,y,y,y,2000
ANA200004270,TBA,ANA,ANA01,20000427,0,7:05PM,night,,,true,,195,16144,unknown,unknown,sunny,63,rtol,3,munse701,,,relic901,carlm901,demud901,eddid901,,,goodd001,ortir002,,regular,7,3,TBA,ANA,y,both,y,y,y,2000
ANA200004280,TBA,ANA,ANA01,20000428,0,7:05PM,night,,,true,,182,31888,unknown,unknown,cloudy,67,fromcf,3,munse701,,,carlm901,demud901,eddid901,relic901,,,yan-e001,dickj001,,regular,11,2,TBA,ANA,y,both,y,y,y,2000
ANA200004290,TBA,ANA,ANA01,20000429,0,7:05PM,night,,,true,,270,26827,unknown,unknown,sunny,72,tocf,1,munse701,,,demud901,eddid901,relic901,carlm901,,,levia001,sparj001,,regular,6,7,ANA,TBA,y,both,y,y,y,2000
ANA200004300,TBA,ANA,ANA01,20000430,0,1:05PM,day,,,true,,151,25613,unknown,unknown,sunny,79,tocf,6,munse701,,,eddid901,relic901,carlm901,demud901,,,bottk001,tracs001,perct001,regular,2,5,ANA,TBA,y,both,y,y,y,2000
BAL200005020,ANA,BAL,BAL12,20000502,0,7:05PM,night,,,true,,174,34923,unknown,unknown,sunny,74,tocf,1,,,,reilm901,kellj901,coope901,diazl901,,,tromm001,perct001,,regular,6,7,BAL,ANA,y,both,y,y,y,2000
BAL200005030,ANA,BAL,BAL12,20000503,0,7:05PM,night,,,true,,203,37961,unknown,unknown,sunny,73,ltor,5,,,,kellj901,coope901,diazl901,reilm901,,,ortir002,johnj007,perct001,regular,6,5,ANA,BAL,y,both,y,y,y,2000
BAL200005040,ANA,BAL,BAL12,20000504,0,3:05PM,day,,,true,,192,43892,unknown,unknown,sunny,77,torf,10,,,,coope901,diazl901,reilm901,kellj901,,,hillk001,mussm001,hases001,regular,8,5,ANA,BAL,y,both,y,y,y,2000
SEA200005050,ANA,SEA,SEA03,20000505,0,7:05PM,night,,,true,,179,38307,unknown,unknown,cloudy,54,rtol,12,,,,hirsj901,wegnm901,reynj901,willc901,,,bottk001,selea001,perct001,regular,6,5,ANA,SEA,y,both,y,y,y,2000
SEA200005060,ANA,SEA,SEA03,20000506,0,1:05PM,day,,,true,,170,43427,unknown,unknown,cloudy,55,ltor,5,,,,wegnm901,reynj901,willc901,hirsj901,,,sasak001,holtm001,,regular,0,1,SEA,ANA,y,both,y,y,y,2000
SEA200005070,ANA,SEA,SEA03,20000507,0,1:35PM,day,,,true,,191,42940,unknown,unknown,sunny,55,ltor,9,,,,reynj901,willc901,hirsj901,wegnm901,,,halaj001,schos001,,regular,2,8,SEA,ANA,y,both,y,y,y,2000
ANA200005080,OAK,ANA,ANA01,20000508,0,7:05PM,night,,,true,,217,15034,unknown,unknown,cloudy,67,ltor,7,munse701,,,clara901,vanvm901,buckc901,wendh902,,,petkm001,matht002,perct001,regular,8,9,ANA,OAK,y,both,y,y,y,2000
ANA200005090,OAK,ANA,ANA01,20000509,0,7:05PM,night,,,true,,213,15308,unknown,unknown,sunny,68,tolf,1,munse701,,,vanvm901,buckc901,wendh902,clara901,,,hereg001,hillk001,isrij001,regular,5,2,OAK,ANA,y,both,y,y,y,2000
ANA200005100,OAK,ANA,ANA01,20000510,0,7:05PM,night,,,true,,195,15300,unknown,unknown,sunny,69,rtol,6,munse701,,,buckc901,wendh902,clara901,vanvm901,,,isrij001,petkm001,,regular,7,4,OAK,ANA,y,both,y,y,y,2000
ANA200005110,TEX,ANA,ANA01,20000511,0,7:05PM,night,,,true,,169,15644,unknown,unknown,sunny,68,ltor,2,munse701,,,mealj901,younl901,bonig901,katzt901,,,hases001,rogek001,perct001,regular,2,3,ANA,TEX,y,both,y,y,y,2000
ANA200005120,TEX,ANA,ANA01,20000512,0,7:05PM,night,,,true,,187,35305,unknown,unknown,sunny,71,ltor,5,munse701,,,younl901,bonig901,katzt901,mealj901,,,david002,schos001,wettj001,regular,13,11,TEX,ANA,y,both,y,y,y,2000
ANA200005130,TEX,ANA,ANA01,20000513,0,7:05PM,night,,,true,,179,33236,unknown,unknown,cloudy,67,ltor,5,munse701,,,bonig901,katzt901,mealj901,younl901,,,hellr001,washj001,wettj001,regular,6,5,TEX,ANA,y,both,y,y,y,2000
ANA200005140,TEX,ANA,ANA01,20000514,0,1:05PM,day,,,true,,176,27012,unknown,unknown,cloudy,70,ltor,7,munse701,,,katzt901,mealj901,younl901,bonig901,,,hases001,cordf002,,regular,6,7,ANA,TEX,y,both,y,y,y,2000
ANA200005160,BAL,ANA,ANA01,20000516,0,7:05PM,night,,,true,,167,15881,unknown,unknown,cloudy,62,rtol,5,munse701,,,joycj901,riekr901,emmep901,davig901,,,erics001,bottk001,timlm001,regular,4,3,BAL,ANA,y,both,y,y,y,2000
ANA200005170,BAL,ANA,ANA01,20000517,0,7:05PM,night,,,true,,201,17697,unknown,unknown,sunny,66,ltor,7,munse701,,,riekr901,emmep901,davig901,joycj901,,,perct001,timlm001,,regular,7,8,ANA,BAL,y,both,y,y,y,2000
ANA200005190,KCA,ANA,ANA01,20000519,0,7:05PM,night,,,true,,153,26561,unknown,unknown,cloudy,75,fromlf,3,munse701,,,ripps901,tscht901,meric901,gibsg901,,,washj001,suppj001,perct001,regular,4,6,ANA,KCA,y,both,y,y,y,2000
ANA200005200,KCA,ANA,ANA01,20000520,0,7:05PM,night,,,true,,221,30869,unknown,unknown,sunny,75,ltor,6,munse701,,,tscht901,meric901,gibsg901,ripps901,,,hases001,reicd001,perct001,regular,8,9,ANA,KCA,y,both,y,y,y,2000
ANA200005210,KCA,ANA,ANA01,20000521,0,1:05PM,day,,,true,,171,28052,unknown,unknown,sunny,84,ltor,3,munse701,,,meric901,gibsg901,ripps901,tscht901,,,santj002,bottk001,,regular,10,6,KCA,ANA,y,both,y,y,y,2000
MIN200005230,ANA,MIN,MIN03,20000523,0,7:05PM,night,,,true,,165,9032,dry,none,dome,72,unknown,0,,,,crawj901,dimum901,gormb901,everm901,,,coopb001,maysj001,perct001,regular,7,4,ANA,MIN,y,both,y,y,y,2000
MIN200005240,ANA,MIN,MIN03,20000524,0,7:05PM,night,,,true,,198,8633,dry,none,dome,72,unknown,0,,,,dimum901,gormb901,everm901,crawj901,,,perct001,wellb002,levia001,regular,6,5,ANA,MIN,y,both,y,y,y,2000
MIN200005250,ANA,MIN,MIN03,20000525,0,12:05PM,day,,,true,,159,13552,dry,none,dome,72,unknown,0,,,,gormb901,everm901,crawj901,dimum901,,,schos001,radkb001,perct001,regular,3,1,ANA,MIN,y,both,y,y,y,2000
KCA200005260,ANA,KCA,KAN06,20000526,0,7:05PM,night,,,true,,170,22394,unknown,unknown,overcast,72,tolf,10,,,,randt901,barrt901,laynj901,monte901,,,fussc001,weave001,bottr001,regular,4,9,KCA,ANA,y,both,y,y,y,2000
KCA200005270,ANA,KCA,KAN06,20000527,0,7:05PM,night,,,true,,203,30024,unknown,unknown,cloudy,70,ltor,10,,,,barrt901,laynj901,monte901,randt901,,,reicd001,weave001,,regular,5,6,KCA,ANA,y,both,y,y,y,2000
KCA200005280,ANA,KCA,KAN06,20000528,0,1:05PM,day,,,true,,180,23645,unknown,unknown,sunny,75,ltor,15,,,,laynj901,monte901,randt901,barrt901,,,coopb001,batim001,hases001,regular,8,4,ANA,KCA,y,both,y,y,y,2000
CLE200005290,ANA,CLE,CLE08,20000529,0,1:05PM,day,,,true,,212,42888,unknown,unknown,cloudy,60,fromcf,10,,,,cousd901,fichm901,roe-r901,marqa901,,,hases001,karss001,perct001,regular,3,2,ANA,CLE,y,both,y,y,y,2000
CLE200005300,ANA,CLE,CLE08,20000530,0,7:05PM,night,,,true,,149,42910,unknown,unknown,sunny,73,tolf,7,,,,fichm901,roe-r901,marqa901,cousd901,,,burbd001,schos001,,regular,1,6,CLE,ANA,y,both,y,y,y,2000
CLE200005310,ANA,CLE,CLE08,20000531,0,7:05PM,night,,,true,,202,41637,unknown,unknown,cloudy,84,torf,10,,,,roe-r901,marqa901,cousd901,fichm901,,,finlc001,ethes001,karss001,regular,3,7,CLE,ANA,y,both,y,y,y,2000
ANA200006020,LAN,ANA,ANA01,20000602,0,7:05PM,night,,,true,,196,43619,unknown,unknown,sunny,73,ltor,5,munse701,,,welkb901,froeb901,guccc901,wintm901,,,bottk001,dreid001,,regular,5,12,ANA,LAN,y,both,y,y,y,2000
ANA200006030,LAN,ANA,ANA01,20000603,0,1:05PM,day,,,true,,196,34580,unknown,unknown,sunny,82,fromlf,3,munse701,,,froeb901,guccc901,wintm901,welkb901,,,parkc002,coopb001,,regular,8,3,LAN,ANA,y,both,y,y,y,2000
ANA200006040,LAN,ANA,ANA01,20000604,0,1:05PM,day,,,true,,211,40489,unknown,unknown,sunny,85,ltor,4,munse701,,,guccc901,wintm901,welkb901,froeb901,,,perct001,osuna002,,regular,7,8,ANA,LAN,y,both,y,y,y,2000
ANA200006050,SFN,ANA,ANA01,20000605,0,7:05PM,night,,,true,,246,17924,unknown,unknown,sunny,74,ltor,4,munse701,,,cuzzp901,mcclt901,craft901,schrp901,,,fulta001,hases001,,regular,5,4,SFN,ANA,y,both,y,y,y,2000
ANA200006060,SFN,ANA,ANA01,20000606,0,7:05PM,night,,,true,,216,19674,unknown,unknown,sunny,78,ltor,5,munse701,,,mcclt901,craft901,schrp901,cuzzp901,,,perct001,nen-r001,,regular,5,6,ANA,SFN,y,both,y,y,y,2000
ANA200006070,SFN,ANA,ANA01,20000607,0,7:05PM,night,,,true,,188,22920,unknown,unknown,cloudy,73,ltor,4,munse701,,,craft901,schrp901,cuzzp901,mcclt901,,,hases001,embra001,,regular,9,10,ANA,SFN,y,both,y,y,y,2000
ARI200006090,ANA,ARI,PHO01,20000609,0,7:05PM,night,,,false,,165,39468,unknown,unknown,sunny,86,ltor,7,,,,welkt901,scotd901,hudsm901,cedeg901,,,johnr005,coopb001,kim-b001,regular,1,4,ARI,ANA,y,both,y,y,y,2000
ARI200006100,ANA,ARI,PHO01,20000610,0,1:05PM,day,,,false,,150,35213,dry,none,dome,72,unknown,0,,,,scotd901,hudsm901,cedeg901,welkt901,,,washj001,daalo001,,regular,10,3,ANA,ARI,y,both,y,y,y,2000
ARI200006110,ANA,ARI,PHO01,20000611,0,1:35PM,day,,,false,,149,36349,dry,none,dome,72,unknown,0,,,,hudsm901,cedeg901,welkt901,scotd901,,,plesd001,schos001,kim-b001,regular,2,3,ARI,ANA,y,both,y,y,y,2000
TBA200006130,ANA,TBA,STP01,20000613,0,7:15PM,night,,,true,,176,13483,dry,none,dome,72,unknown,0,,,,hirsj901,reynj901,wegnm901,lampi901,,,ethes001,rekab001,perct001,regular,5,3,ANA,TBA,y,both,y,y,y,2000
TBA200006140,ANA,TBA,STP01,20000614,0,7:15PM,night,,,true,,129,13362,dry,none,dome,72,unknown,0,,,,reynj901,wegnm901,lampi901,hirsj901,,,lopea002,perct001,,regular,2,3,TBA,ANA,y,both,y,y,y,2000
TBA200006150,ANA,TBA,STP01,20000615,0,7:15PM,night,,,true,,159,13210,dry,none,dome,72,unknown,0,,,,wegnm901,lampi901,hirsj901,reynj901,,,tracs001,hases001,,regular,1,2,TBA,ANA,y,both,y,y,y,2000
BAL200006160,ANA,BAL,BAL12,20000616,0,7:35PM,night,,,true,,181,45006,unknown,unknown,cloudy,89,rtol,12,,,,fichm901,danlk901,katzt901,morrd901,,,mussm001,schos001,timlm001,regular,3,4,BAL,ANA,y,both,y,y,y,2000
BAL200006170,ANA,BAL,BAL12,20000617,0,7:05PM,night,,,true,,191,45758,unknown,unknown,cloudy,81,rtol,10,,,,danlk901,katzt901,morrd901,fichm901,,,belct001,johnj007,,regular,8,3,ANA,BAL,y,both,y,y,y,2000
BAL200006180,ANA,BAL,BAL12,20000618,0,1:35PM,day,,,true,,174,41198,unknown,unknown,cloudy,88,rtol,10,,,,katzt901,morrd901,fichm901,danlk901,,,ethes001,erics001,perct001,regular,8,6,ANA,BAL,y,both,y,y,y,2000
ANA200006200,KCA,ANA,ANA01,20000620,0,7:05PM,night,,,true,,199,16711,unknown,unknown,sunny,74,fromlf,5,munse701,,,kulpr901,marsr901,herna901,fostm901,,,santj002,perct001,bottr001,regular,8,6,KCA,ANA,y,both,y,y,y,2000
ANA200006210,KCA,ANA,ANA01,20000621,0,7:05PM,night,,,true,,136,16169,unknown,unknown,sunny,72,rtol,8,munse701,,,marsr901,herna901,fostm901,kulpr901,,,washj001,suzum001,perct001,regular,1,3,ANA,KCA,y,both,y,y,y,2000
ANA200006220,KCA,ANA,ANA01,20000622,0,7:05PM,night,,,true,,140,17805,unknown,unknown,sunny,73,ltor,3,munse701,,,herna901,fostm901,kulpr901,marsr901,,,belct001,witaj001,petkm001,regular,3,4,ANA,KCA,y,both,y,y,y,2000
ANA200006230,MIN,ANA,ANA01,20000623,0,7:05PM,night,,,true,,163,30254,unknown,unknown,cloudy,72,fromlf,2,munse701,,,nelsj901,higgs901,cousd901,marqa901,,,ethes001,ryanj001,levia001,regular,3,8,ANA,MIN,y,both,y,y,y,2000
ANA200006240,MIN,ANA,ANA01,20000624,0,7:05PM,night,,,true,,188,28917,unknown,unknown,sunny,75,ltor,4,munse701,,,higgs901,cousd901,marqa901,nelsj901,,,milte001,bottk001,,regular,11,5,MIN,ANA,y,both,y,y,y,2000
ANA200006250,MIN,ANA,ANA01,20000625,0,5:05PM,night,,,true,,208,19391,unknown,unknown,cloudy,85,ltor,4,munse701,,,cousd901,marqa901,nelsj901,higgs901,,,hases001,guare001,,regular,6,7,ANA,MIN,y,both,y,y,y,2000
ANA200006260,MIN,ANA,ANA01,20000626,0,1:05PM,day,,,true,,221,18768,unknown,unknown,cloudy,88,ltor,4,munse701,,,marqa901,nelsj901,higgs901,cousd901,,,radkb001,washj001,,regular,10,6,MIN,ANA,y,both,y,y,y,2000
SEA200006270,ANA,SEA,SEA03,20000627,0,7:05PM,night,,,true,,193,32051,unknown,unknown,sunny,89,ltor,6,,,,dimum901,gormb901,crawj901,everm901,,,selea001,belct001,sasak001,regular,3,5,SEA,ANA,y,both,y,y,y,2000
SEA200006280,ANA,SEA,SEA03,20000628,0,7:05PM,night,,,true,,193,32581,unknown,unknown,sunny,89,ltor,7,,,,gormb901,higgs901,everm901,dimum901,,,hillk001,moyej001,perct001,regular,3,2,ANA,SEA,y,both,y,y,y,2000
SEA200006290,ANA,SEA,SEA03,20000629,0,1:05PM,day,,,true,,182,44387,unknown,unknown,cloudy,61,ltor,8,,,,higgs901,everm901,dimum901,gormb901,,,panij001,bottk001,,regular,2,7,SEA,ANA,y,both,y,y,y,2000
ANA200006300,OAK,ANA,ANA01,20000630,0,7:05PM,night,,,true,,149,28765,unknown,unknown,sunny,74,ltor,6,munse701,,,onorb901,iassd901,hirsm901,bellw901,,,coopb001,muldm001,,regular,0,7,ANA,OAK,y,both,y,y,y,2000
ANA200007010,OAK,ANA,ANA01,20000701,0,7:05PM,night,,,true,,178,31696,unknown,unknown,sunny,73,ltor,7,munse701,,,iassd901,hirsm901,bellw901,onorb901,,,washj001,priea001,,regular,2,7,ANA,OAK,y,both,y,y,y,2000
ANA200007020,OAK,ANA,ANA01,20000702,0,5:05PM,night,,,true,,204,21150,unknown,unknown,sunny,79,ltor,5,munse701,,,hirsm901,bellw901,onorb901,iassd901,,,hudst001,belct001,,regular,10,3,OAK,ANA,y,both,y,y,y,2000
ANA200007030,SEA,ANA,ANA01,20000703,0,7:05PM,night,,,true,,234,20919,unknown,unknown,sunny,75,rtol,5,munse701,,,wintm901,welkb901,culbf901,froeb901,,,moyej001,hillk001,sasak001,regular,8,6,SEA,ANA,y,both,y,y,y,2000
ANA200007040,SEA,ANA,ANA01,20000704,0,7:05PM,night,,,true,,195,43487,unknown,unknown,sunny,74,ltor,6,munse701,,,welkb901,culbf901,froeb901,wintm901,,,petkm001,mesaj001,perct001,regular,6,7,ANA,SEA,y,both,y,y,y,2000
ANA200007050,SEA,ANA,ANA01,20000705,0,7:05PM,night,,,true,,195,17369,unknown,unknown,sunny,76,tolf,8,munse701,,,culbf901,froeb901,wintm901,welkb901,,,halaj001,coopb001,sasak001,regular,6,4,SEA,ANA,y,both,y,y,y,2000
ANA200007060,SEA,ANA,ANA01,20000706,0,7:05PM,night,,,true,,178,18790,unknown,unknown,sunny,74,ltor,3,munse701,,,froeb901,wintm901,welkb901,culbf901,,,washj001,abbop001,,regular,1,5,ANA,SEA,y,both,y,y,y,2000
ANA200007070,COL,ANA,ANA01,20000707,0,7:05PM,night,,,true,,167,29826,unknown,unknown,sunny,72,ltor,5,munse701,,,katzt901,mckej901,fichm901,danlk901,,,ortir002,jarvk001,,regular,4,12,ANA,COL,y,both,y,y,y,2000
ANA200007080,COL,ANA,ANA01,20000708,0,1:05PM,day,,,true,,168,22958,unknown,unknown,sunny,81,tolf,7,munse701,,,mckej901,fichm901,danlk901,katzt901,,,hillk001,bohab001,,regular,2,6,ANA,COL,y,both,y,y,y,2000
ANA200007090,COL,ANA,ANA01,20000709,0,5:05PM,night,,,true,,177,23820,unknown,unknown,sunny,74,ltor,6,munse701,,,fichm901,danlk901,katzt901,mckej901,,,bottk001,yoshm001,,regular,4,10,ANA,COL,y,both,y,y,y,2000
LAN200007130,ANA,LAN,LOS03,20000713,0,7:10PM,night,,,false,,210,35456,unknown,unknown,sunny,72,ltor,14,,,,gibsg901,ripps901,tscht901,meric901,,,osuna002,levia001,,regular,3,4,LAN,ANA,y,both,y,y,y,2000
LAN200007140,ANA,LAN,LOS03,20000714,0,7:10PM,night,,,false,,155,53115,unknown,unknown,sunny,75,ltor,13,,,,ripps901,tscht901,meric901,gibsg901,,,bottk001,browk001,perct001,regular,5,3,ANA,LAN,y,both,y,y,y,2000
LAN200007150,ANA,LAN,LOS03,20000715,0,1:05PM,day,,,false,,198,42726,unknown,unknown,sunny,82,ltor,11,,,,tscht901,meric901,gibsg901,ripps901,,,ethes001,parkc002,,regular,6,2,ANA,LAN,y,both,y,y,y,2000
SDN200007160,ANA,SDN,SAN01,20000716,0,4:05PM,day,,,false,,212,28941,unknown,unknown,sunny,75,tocf,5,,,,wegnm901,willc901,katzt901,reynj901,,,walld002,levia001,,regular,5,6,SDN,ANA,y,both,y,y,y,2000
SDN200007170,ANA,SDN,SAN01,20000717,0,7:05PM,night,,,false,,163,19930,unknown,unknown,sunny,73,torf,5,,,,willc901,katzt901,higgs901,wegnm901,,,coopb001,clemm001,perct001,regular,3,2,ANA,SDN,y,both,y,y,y,2000
SDN200007180,ANA,SDN,SAN01,20000718,0,2:05PM,day,,,false,,188,21835,unknown,unknown,sunny,82,torf,5,,,,katzt901,higgs901,wegnm901,willc901,,,levia001,hofft001,,regular,3,2,ANA,SDN,y,both,y,y,y,2000
ANA200007190,TEX,ANA,ANA01,20000719,0,7:05PM,night,,,true,,195,20083,unknown,unknown,sunny,82,rtol,2,munse701,,,eddid901,relic901,carlm901,demud901,,,rogek001,bottk001,wettj001,regular,3,2,TEX,ANA,y,both,y,y,y,2000
ANA200007200,TEX,ANA,ANA01,20000720,0,7:05PM,night,,,true,,180,23150,unknown,unknown,sunny,78,fromlf,3,munse701,,,relic901,carlm901,demud901,eddid901,,,ethes001,olivd001,hases001,regular,1,6,ANA,TEX,y,both,y,y,y,2000
OAK200007210,ANA,OAK,OAK01,20000721,0,7:05PM,night,,,true,,181,13236,unknown,unknown,cloudy,62,torf,13,,,,rungb901,wolfj901,shulj901,roe-r901,,,washj001,hudst001,,regular,12,3,ANA,OAK,y,both,y,y,y,2000
OAK200007220,ANA,OAK,OAK01,20000722,0,1:05PM,day,,,true,,189,20111,unknown,unknown,sunny,61,ltor,7,,,,wolfj901,shulj901,roe-r901,rungb901,,,zitob001,coopb001,,regular,3,10,OAK,ANA,y,both,y,y,y,2000
OAK200007230,ANA,OAK,OAK01,20000723,0,1:05PM,day,,,true,,170,19456,unknown,unknown,sunny,66,torf,8,,,,shulj901,roe-r901,rungb901,wolfj901,,,muldm001,hillk001,,regular,0,5,OAK,ANA,y,both,y,y,y,2000
TEX200007240,ANA,TEX,ARL02,20000724,0,7:35PM,night,,,true,,253,33201,unknown,unknown,sunny,87,ltor,6,,,,davig901,guccc901,riekr901,emmep901,,,hases001,crabt001,perct001,regular,6,5,ANA,TEX,y,both,y,y,y,2000
TEX200007250,ANA,TEX,ARL02,20000725,0,7:35PM,night,,,true,,187,34272,unknown,unknown,sunny,96,fromlf,9,,,,guccc901,riekr901,emmep901,davig901,,,david002,holtm001,wettj001,regular,6,9,TEX,ANA,y,both,y,y,y,2000
TEX200007260,ANA,TEX,ARL02,20000726,0,7:35PM,night,,,true,,160,27858,unknown,unknown,sunny,93,rtol,7,,,,riekr901,emmep901,davig901,guccc901,,,wettj001,levia001,,regular,5,6,TEX,ANA,y,both,y,y,y,2000
ANA200007270,CHA,ANA,ANA01,20000727,0,7:05PM,night,,,true,,204,24394,unknown,unknown,sunny,76,ltor,3,munse701,,,hudsm901,cedeg901,scotd901,lampi901,,,garlj001,coopb001,foulk001,regular,6,5,CHA,ANA,y,both,y,y,y,2000
ANA200007280,CHA,ANA,ANA01,20000728,0,7:05PM,night,,,true,,193,40711,unknown,unknown,cloudy,77,ltor,5,munse701,,,cedeg901,scotd901,lampi901,hudsm901,,,holtm001,beirk001,perct001,regular,7,10,ANA,CHA,y,both,y,y,y,2000
ANA200007290,CHA,ANA,ANA01,20000729,0,1:05PM,day,,,true,,189,25881,unknown,unknown,cloudy,84,ltor,3,munse701,,,scotd901,lampi901,hudsm901,cedeg901,,,bottk001,barcl001,perct001,regular,5,6,ANA,CHA,y,both,y,y,y,2000
ANA200007300,CHA,ANA,ANA01,20000730,0,5:05PM,night,,,true,,249,27538,unknown,unknown,sunny,77,ltor,5,munse701,,,lampi901,hudsm901,cedeg901,scotd901,,,foulk001,levia001,,regular,11,7,CHA,ANA,y,both,y,y,y,2000
ANA200007310,DET,ANA,ANA01,20000731,0,7:05PM,night,,,true,,171,16797,unknown,unknown,cloudy,74,rtol,3,munse701,,,drakr901,millb901,mealj901,younl901,,,petkm001,jonet003,,regular,4,5,ANA,DET,y,both,y,y,y,2000
ANA200008010,DET,ANA,ANA01,20000801,0,7:05PM,night,,,true,,180,19104,unknown,unknown,cloudy,83,ltor,3,munse701,,,millb901,mealj901,younl901,drakr901,,,cruzn001,coopb001,jonet003,regular,6,3,DET,ANA,y,both,y,y,y,2000
ANA200008020,DET,ANA,ANA01,20000802,0,1:05PM,day,,,true,,175,29017,unknown,unknown,cloudy,87,ltor,7,munse701,,,mealj901,younl901,drakr901,millb901,,,moehb001,hillk001,jonet003,regular,5,3,DET,ANA,y,both,y,y,y,2000
CLE200008040,ANA,CLE,CLE08,20000804,0,7:05PM,night,,,true,,238,43182,unknown,unknown,sunny,69,rtol,5,,,,bellw901,onorb901,iassd901,cookr901,,,wickb001,perct001,,regular,10,11,CLE,ANA,y,both,y,y,y,2000
CLE200008050,ANA,CLE,CLE08,20000805,0,4:05PM,day,,,true,,184,43162,unknown,unknown,sunny,75,fromlf,7,,,,onorb901,iassd901,cookr901,bellw901,,,speij001,schos001,,regular,3,6,CLE,ANA,y,both,y,y,y,2000
CLE200008060,ANA,CLE,CLE08,20000806,0,1:05PM,day,,,true,,196,43133,unknown,unknown,overcast,75,unknown,12,,,,iassd901,cookr901,bellw901,onorb901,,,colob001,coopb001,wickb001,regular,2,5,CLE,ANA,y,both,y,y,y,2000
ANA200008070,BOS,ANA,ANA01,20000807,0,7:05PM,night,,,true,,181,23078,unknown,unknown,sunny,75,ltor,6,munse701,,,barrt901,monte901,randt901,fichm901,,,washj001,ohkat001,hases001,regular,1,4,ANA,BOS,y,both,y,y,y,2000
ANA200008080,BOS,ANA,ANA01,20000808,0,7:05PM,night,,,true,,122,27293,unknown,unknown,sunny,76,ltor,6,munse701,,,monte901,randt901,fichm901,barrt901,,,ortir002,martp001,,regular,1,2,ANA,BOS,y,both,y,y,y,2000
ANA200008090,BOS,ANA,ANA01,20000809,0,7:05PM,night,,,true,,165,25334,unknown,unknown,sunny,80,tolf,3,munse701,,,randt901,fichm901,barrt901,monte901,,,fassj001,wisem001,lowed001,regular,4,2,BOS,ANA,y,both,y,y,y,2000
ANA200008110,NYA,ANA,ANA01,20000811,0,7:05PM,night,,,true,,181,43169,unknown,unknown,sunny,86,ltor,5,munse701,,,diazl901,reilm901,kellj901,coope901,,,schos001,herno001,,regular,3,8,ANA,NYA,y,both,y,y,y,2000
ANA200008120,NYA,ANA,ANA01,20000812,0,7:05PM,night,,,true,,198,43394,unknown,unknown,sunny,87,ltor,4,munse701,,,reilm901,kellj901,coope901,diazl901,,,potel001,neagd001,hases001,regular,6,9,ANA,NYA,y,both,y,y,y,2000
ANA200008130,NYA,ANA,ANA01,20000813,0,5:05PM,night,,,true,,190,43411,unknown,unknown,sunny,85,fromlf,3,munse701,,,kellj901,coope901,diazl901,reilm901,,,clemr001,ortir002,rivem002,regular,4,1,NYA,ANA,y,both,y,y,y,2000
TOR200008150,ANA,TOR,TOR02,20000815,0,7:05PM,night,,,true,,199,26706,unknown,unknown,cloudy,88,tolf,20,,,,fleta901,timmt901,craft901,morrd901,,,wisem001,welld001,,regular,8,4,ANA,TOR,y,both,y,y,y,2000
TOR200008160,ANA,TOR,TOR02,20000816,0,12:35PM,day,,,true,,190,32497,unknown,unknown,sunny,75,rtol,18,,,,timmt901,craft901,morrd901,fleta901,,,kochb001,potel001,,regular,6,8,TOR,ANA,y,both,y,y,y,2000
NYA200008170,ANA,NYA,NYC16,20000817,0,7:05PM,night,,,true,,187,35180,unknown,unknown,sunny,73,tolf,7,,,,hudsm901,cedeg901,welkt901,scotd901,,,neagd001,merck001,,regular,1,6,NYA,ANA,y,both,y,y,y,2000
NYA200008180,ANA,NYA,NYC16,20000818,0,7:05PM,night,,,true,,251,37503,unknown,unknown,overcast,64,ltor,6,,,,cedeg901,welkt901,scotd901,hudsm901,,,hases001,stanm003,,regular,9,8,ANA,NYA,y,both,y,y,y,2000
NYA200008190,ANA,NYA,NYC16,20000819,0,1:05PM,day,,,true,,151,49491,unknown,unknown,sunny,72,ltor,5,,,,welkt901,scotd901,hudsm901,cedeg901,,,petta001,coopb001,,regular,1,9,NYA,ANA,y,both,y,y,y,2000
NYA200008200,ANA,NYA,NYC16,20000820,0,1:05PM,day,,,true,,211,50048,unknown,unknown,sunny,70,torf,9,,,,scotd901,hudsm901,cedeg901,welkt901,,,wisem001,nelsj001,hases001,regular,5,4,ANA,NYA,y,both,y,y,y,2000
BOS200008210,ANA,BOS,BOS07,20000821,0,7:05PM,night,,,true,,206,32795,unknown,unknown,sunny,75,torf,7,,,,marqa901,fichm901,cousd901,mealj901,,,lowed001,holtm001,,regular,6,7,BOS,ANA,y,both,y,y,y,2000
BOS200008220,ANA,BOS,BOS07,20000822,0,7:05PM,night,,,true,,166,33163,unknown,unknown,sunny,77,fromrf,9,,,,fichm901,cousd901,mealj901,marqa901,,,merck001,waket001,,regular,11,4,ANA,BOS,y,both,y,y,y,2000
BOS200008230,ANA,BOS,BOS07,20000823,0,7:05PM,night,,,true,,177,32958,unknown,drizzle,cloudy,65,tolf,20,,,,cousd901,mealj901,marqa901,fichm901,,,ohkat001,ortir002,lowed001,regular,1,3,BOS,ANA,y,both,y,y,y,2000
ANA200008250,CLE,ANA,ANA01,20000825,0,7:05PM,night,,,true,,182,41452,unknown,unknown,cloudy,82,ltor,5,munse701,,,packs901,davig901,guccc901,emmep901,,,wisem001,burbd001,hases001,regular,1,4,ANA,CLE,y,both,y,y,y,2000
ANA200008260,CLE,ANA,ANA01,20000826,0,7:05PM,night,,,true,,224,37697,unknown,unknown,sunny,79,ltor,4,munse701,,,davig901,guccc901,emmep901,packs901,,,berej002,schos001,,regular,9,5,CLE,ANA,y,both,y,y,y,2000
ANA200008270,CLE,ANA,ANA01,20000827,0,5:05PM,night,,,true,,219,31504,unknown,unknown,cloudy,79,ltor,5,munse701,,,guccc901,emmep901,packs901,davig901,,,levia001,finlc001,hases001,regular,9,10,ANA,CLE,y,both,y,y,y,2000
ANA200008280,TOR,ANA,ANA01,20000828,0,7:05PM,night,,,true,,159,17483,unknown,unknown,cloudy,65,rtol,5,munse701,,,ripps901,gibsg901,wolfj901,meric901,,,loaie001,ortir002,kochb001,regular,4,2,TOR,ANA,y,both,y,y,y,2000
ANA200008290,TOR,ANA,ANA01,20000829,0,7:05PM,night,,,true,,189,17773,unknown,unknown,cloudy,66,ltor,5,munse701,,,gibsg901,wolfj901,meric901,ripps901,,,holtm001,carpc002,,regular,4,9,ANA,TOR,y,both,y,y,y,2000
ANA200008300,TOR,ANA,ANA01,20000830,0,7:05PM,night,,,true,,188,19653,unknown,unknown,cloudy,67,ltor,5,munse701,,,wolfj901,meric901,ripps901,gibsg901,,,welld001,wisem001,,regular,11,2,TOR,ANA,y,both,y,y,y,2000
CHA200009010,ANA,CHA,CHI12,20000901,0,7:05PM,night,,,true,,186,16377,unknown,unknown,sunny,88,fromlf,8,,,,carlm901,demud901,higgs901,eddid901,,,gintm001,hases001,foulk001,regular,8,9,CHA,ANA,y,both,y,y,y,2000
CHA200009020,ANA,CHA,CHI12,20000902,0,6:05PM,night,,,true,,189,29785,unknown,unknown,sunny,87,fromlf,3,,,,demud901,higgs901,eddid901,carlm901,,,parqj001,merck001,,regular,6,13,CHA,ANA,y,both,y,y,y,2000
CHA200009030,ANA,CHA,CHI12,20000903,0,1:05PM,day,,,true,,218,22020,unknown,unknown,overcast,76,fromrf,7,,,,higgs901,eddid901,carlm901,demud901,,,wunsk001,hases001,foulk001,regular,12,13,CHA,ANA,y,both,y,y,y,2000
DET200009040,ANA,DET,DET05,20000904,0,5:05PM,night,,,true,,180,26364,unknown,unknown,cloudy,66,ltor,21,,,,wolfj901,welkt901,cedeg901,scotd901,,,nomoh001,karls001,,regular,0,5,DET,ANA,y,both,y,y,y,2000
DET200009050,ANA,DET,DET05,20000905,0,7:05PM,night,,,true,,167,20322,unknown,unknown,sunny,66,ltor,14,,,,culbf901,froeb901,wintm901,welkb901,,,moehb001,wisem001,jonet003,regular,5,7,DET,ANA,y,both,y,y,y,2000
DET200009060,ANA,DET,DET05,20000906,0,7:05PM,night,,,true,,152,20937,unknown,unknown,sunny,69,tolf,7,,,,froeb901,wintm901,welkb901,culbf901,,,schos001,spars001,perct001,regular,1,0,ANA,DET,y,both,y,y,y,2000
DET200009070,ANA,DET,DET05,20000907,0,7:05PM,night,,,true,,167,27513,unknown,unknown,cloudy,77,torf,5,,,,wintm901,welkb901,culbf901,froeb901,,,belct001,mlicd001,hases001,regular,6,4,ANA,DET,y,both,y,y,y,2000
ANA200009080,BAL,ANA,ANA01,20000908,0,7:05PM,night,,,true,,156,30480,unknown,unknown,sunny,72,ltor,3,munse701,,,cuzzp901,schrp901,mcclt901,rapue901,,,ortir002,rappp001,perct001,regular,1,2,ANA,BAL,y,both,y,y,y,2000
ANA200009090,BAL,ANA,ANA01,20000909,0,1:05PM,day,,,true,,190,22332,unknown,unknown,sunny,75,ltor,3,munse701,,,schrp901,mcclt901,rapue901,cuzzp901,,,mercj001,karls001,,regular,10,3,BAL,ANA,y,both,y,y,y,2000
ANA200009100,BAL,ANA,ANA01,20000910,0,5:05PM,night,,,true,,156,22606,unknown,unknown,sunny,80,ltor,5,munse701,,,mcclt901,rapue901,cuzzp901,schrp901,,,hases001,mussm001,perct001,regular,1,2,ANA,BAL,y,both,y,y,y,2000
ANA200009110,BAL,ANA,ANA01,20000911,0,7:05PM,night,,,true,,157,17323,unknown,unknown,sunny,88,fromcf,8,munse701,,,morrd901,craft901,mckej901,fleta901,,,ponss001,schos001,,regular,3,1,BAL,ANA,y,both,y,y,y,2000
ANA200009120,TBA,ANA,ANA01,20000912,0,7:05PM,night,,,true,,148,15689,unknown,unknown,cloudy,75,ltor,2,munse701,,,craft901,mckej901,fleta901,morrd901,,,belct001,rekab001,perct001,regular,2,5,ANA,TBA,y,both,y,y,y,2000
ANA200009130,TBA,ANA,ANA01,20000913,0,7:05PM,night,,,true,,170,16686,unknown,unknown,sunny,80,ltor,5,munse701,,,mckej901,fleta901,morrd901,craft901,,,ortir002,lidlc001,,regular,4,8,ANA,TBA,y,both,y,y,y,2000
MIN200009150,ANA,MIN,MIN03,20000915,0,7:05PM,night,,,true,,193,10129,dry,none,dome,72,unknown,0,,,,brinj901,cousd901,marqa901,nelsj901,,,karls001,kinnm002,,regular,16,5,ANA,MIN,y,both,y,y,y,2000
MIN200009160,ANA,MIN,MIN03,20000916,0,6:05PM,night,,,true,,212,10078,dry,none,dome,72,unknown,0,,,,cousd901,marqa901,nelsj901,brinj901,,,hases001,hawkl001,perct001,regular,7,6,ANA,MIN,y,both,y,y,y,2000
MIN200009170,ANA,MIN,MIN03,20000917,0,1:05PM,day,,,true,,139,7231,dry,none,dome,72,unknown,0,,,,marqa901,nelsj901,brinj901,cousd901,,,radkb001,belct001,,regular,0,1,MIN,ANA,y,both,y,y,y,2000
KCA200009190,ANA,KCA,KAN06,20000919,0,7:05PM,night,,,true,,147,12873,unknown,unknown,cloudy,73,ltor,10,,,,barrt901,randt901,monte901,laynj901,,,steib002,ortir002,,regular,1,5,KCA,ANA,y,both,y,y,y,2000
KCA200009200,ANA,KCA,KAN06,20000920,0,7:05PM,night,,,true,,216,11442,unknown,unknown,sunny,65,ltor,15,,,,randt901,monte901,laynj901,barrt901,,,perct001,santj002,petkm001,regular,7,4,ANA,KCA,y,both,y,y,y,2000
KCA200009210,ANA,KCA,KAN06,20000921,0,7:05PM,night,,,true,,156,12690,unknown,unknown,sunny,71,rtol,10,,,,monte901,laynj901,barrt901,randt901,,,suppj001,schos001,,regular,3,8,KCA,ANA,y,both,y,y,y,2000
TEX200009220,ANA,TEX,ARL02,20000922,0,7:05PM,night,,,true,,169,38739,unknown,unknown,cloudy,91,rtol,14,,,,dimum901,gormb901,fichm901,crawj901,,,webeb001,olivd001,perct001,regular,2,1,ANA,TEX,y,both,y,y,y,2000
TEX200009230,ANA,TEX,ARL02,20000923,0,7:05PM,night,,,true,,193,45543,unknown,unknown,cloudy,92,rtol,15,,,,gormb901,fichm901,crawj901,dimum901,,,karls001,hellr001,,regular,15,4,ANA,TEX,y,both,y,y,y,2000
TEX200009240,ANA,TEX,ARL02,20000924,0,2:05PM,day,,,true,,171,32061,unknown,unknown,overcast,63,torf,5,,,,fichm901,crawj901,dimum901,gormb901,,,ortir002,johnj008,,regular,9,2,ANA,TEX,y,both,y,y,y,2000
OAK200009250,ANA,OAK,OAK01,20000925,0,7:05PM,night,,,true,,191,14248,unknown,unknown,sunny,68,ltor,13,,,,culbf901,wintm901,vanvm901,froeb901,,,zitob001,belct001,,regular,5,7,OAK,ANA,y,both,y,y,y,2000
OAK200009260,ANA,OAK,OAK01,20000926,0,7:05PM,night,,,true,,163,22234,unknown,unknown,sunny,56,torf,13,,,,wintm901,vanvm901,froeb901,culbf901,,,hudst001,schos001,,regular,3,10,OAK,ANA,y,both,y,y,y,2000
OAK200009270,ANA,OAK,OAK01,20000927,0,12:35PM,day,,,true,,217,23333,unknown,unknown,overcast,66,torf,7,,,,vanvm901,froeb901,culbf901,wintm901,,,joned001,holtm001,isrij001,regular,7,9,OAK,ANA,y,both,y,y,y,2000
OAK200009280,ANA,OAK,OAK01,20000928,0,12:35PM,day,,,true,,282,12523,unknown,unknown,overcast,61,torf,5,,,,froeb901,culbf901,wintm901,vanvm901,,,holtm001,servs001,perct001,regular,6,3,ANA,OAK,y,both,y,y,y,2000
ANA200009290,SEA,ANA,ANA01,20000929,0,7:05PM,night,,,true,,165,33424,unknown,unknown,overcast,68,ltor,5,munse701,,,guccc901,davig901,emmep901,riekr901,,,ortir002,abbop001,potel001,regular,3,9,ANA,SEA,y,both,y,y,y,2000
ANA200009300,SEA,ANA,ANA01,20000930,0,1:00PM,day,,,true,,242,35238,unknown,unknown,cloudy,74,ltor,3,munse701,,,emmep901,riekr901,guccc901,davig901,,,halaj001,belct001,,regular,21,9,SEA,ANA,y,both,y,y,y,2000
ANA200010010,SEA,ANA,ANA01,20001001,0,1:05PM,day,,,true,,190,30473,unknown,unknown,sunny,72,fromlf,4,munse701,,,riekr901,guccc901,davig901,emmep901,,,rhoda001,hases001,sasak001,regular,5,2,SEA,ANA,y,both,y,y,y,2000
TEX200104030,ANA,TEX,ARL02,20010403,0,2:06PM,day,,,true,,151,49512,unknown,unknown,cloudy,76,rtol,18,,,,ripps901,wintm901,barrt901,marqa901,,,rogek001,schos001,crabt001,regular,2,3,TEX,ANA,y,both,y,y,y,2001
TEX200104040,ANA,TEX,ARL02,20010404,0,7:04PM,night,,,true,,177,34321,unknown,unknown,cloudy,81,fromcf,10,,,,wintm901,barrt901,marqa901,ripps901,,,olivd001,rappp001,,regular,3,7,TEX,ANA,y,both,y,y,y,2001
TEX200104050,ANA,TEX,ARL02,20010405,0,7:05PM,night,,,true,,173,34120,unknown,unknown,cloudy,77,fromrf,20,,,,barrt901,marqa901,ripps901,wintm901,,,ortir002,glynr001,,regular,10,3,ANA,TEX,y,both,y,y,y,2001
OAK200104060,ANA,OAK,OAK01,20010406,0,7:07PM,night,,,true,,198,42826,unknown,unknown,cloudy,52,torf,10,,,,higgs901,marsr901,morrd901,herna901,,,wisem001,muldm001,perct001,regular,5,4,ANA,OAK,y,both,y,y,y,2001
OAK200104070,ANA,OAK,OAK01,20010407,0,1:07PM,day,,,true,,149,21398,unknown,unknown,overcast,53,torf,10,,,,marsr901,morrd901,herna901,higgs901,,,hudst001,levia001,isrij001,regular,2,4,OAK,ANA,y,both,y,y,y,2001
OAK200104080,ANA,OAK,OAK01,20010408,0,1:08PM,day,,,true,,209,26211,unknown,unknown,cloudy,53,torf,10,,,,morrd901,herna901,higgs901,marsr901,,,schos001,zitob001,perct001,regular,6,4,ANA,OAK,y,both,y,y,y,2001
ANA200104100,TEX,ANA,ANA01,20010410,0,7:10PM,night,,,true,,188,42784,unknown,unknown,sunny,68,ltor,5,munse701,,,danlk901,gibsg901,demud901,relic901,,,olivd001,rappp001,crabt001,regular,7,5,TEX,ANA,y,both,y,y,y,2001
ANA200104110,TEX,ANA,ANA01,20010411,0,7:07PM,night,,,true,,177,16974,unknown,unknown,cloudy,60,ltor,7,munse701,,,gibsg901,demud901,relic901,danlk901,,,ortir002,glynr001,,regular,2,7,ANA,TEX,y,both,y,y,y,2001
ANA200104120,TEX,ANA,ANA01,20010412,0,7:08PM,night,,,true,,182,17435,unknown,unknown,sunny,56,ltor,5,munse701,,,demud901,relic901,danlk901,gibsg901,,,potel001,hellr001,,regular,3,13,ANA,TEX,y,both,y,y,y,2001
ANA200104130,SEA,ANA,ANA01,20010413,0,7:07PM,night,,,true,,151,31087,unknown,unknown,sunny,64,ltor,3,munse701,,,fleta901,younl901,scotd901,culbf901,,,hases001,sasak001,,regular,3,4,ANA,SEA,y,both,y,y,y,2001
ANA200104140,SEA,ANA,ANA01,20010414,0,7:05PM,night,,,true,,172,34780,unknown,unknown,sunny,65,rtol,10,munse701,,,younl901,scotd901,culbf901,fleta901,,,garcf002,valdi001,sasak001,regular,2,1,SEA,ANA,y,both,y,y,y,2001
ANA200104150,SEA,ANA,ANA01,20010415,0,1:07PM,day,,,true,,175,20733,unknown,unknown,sunny,72,ltor,7,munse701,,,scotd901,culbf901,fleta901,younl901,,,panij001,hases001,nelsj001,regular,7,5,SEA,ANA,y,both,y,y,y,2001
ANA200104160,OAK,ANA,ANA01,20010416,0,7:07PM,night,,,true,,176,16368,unknown,unknown,sunny,59,ltor,5,munse701,,,dimum901,emmep901,mcclt901,rapue901,,,muldm001,washj001,isrij001,regular,6,3,OAK,ANA,y,both,y,y,y,2001
ANA200104170,OAK,ANA,ANA01,20010417,0,7:05PM,night,,,true,,172,17837,unknown,unknown,sunny,57,ltor,6,munse701,,,emmep901,mcclt901,rapue901,dimum901,,,hudst001,ortir002,,regular,5,1,OAK,ANA,y,both,y,y,y,2001
ANA200104180,OAK,ANA,ANA01,20010418,0,7:07PM,night,,,true,,168,17962,unknown,unknown,cloudy,65,ltor,4,munse701,,,mcclt901,rapue901,dimum901,emmep901,,,perct001,mecij001,,regular,2,3,ANA,OAK,y,both,y,y,y,2001
SEA200104190,ANA,SEA,SEA03,20010419,0,7:08PM,night,,,true,,160,25016,unknown,unknown,sunny,57,ltor,3,,,,eddid901,crawj901,coope901,gormb901,,,garcf002,valdi001,sasak001,regular,2,3,SEA,ANA,y,both,y,y,y,2001
SEA200104200,ANA,SEA,SEA03,20010420,0,7:08PM,night,,,true,,143,38518,unknown,unknown,sunny,60,ltor,9,,,,crawj901,coope901,gormb901,eddid901,,,halaj001,rappp001,sasak001,regular,1,4,SEA,ANA,y,both,y,y,y,2001
SEA200104210,ANA,SEA,SEA03,20010421,0,1:07PM,day,,,true,,191,39274,unknown,unknown,sunny,56,ltor,3,,,,coope901,gormb901,eddid901,crawj901,,,moyej001,washj001,nelsj001,regular,2,5,SEA,ANA,y,both,y,y,y,2001
SEA200104220,ANA,SEA,SEA03,20010422,0,1:36PM,day,,,true,,176,44192,dry,none,dome,72,unknown,0,,,,gormb901,eddid901,(none),coope901,,,selea001,ortir002,,regular,0,5,SEA,ANA,y,both,y,y,y,2001
CLE200104240,ANA,CLE,CLE08,20010424,0,7:08PM,night,,,true,,179,31942,unknown,unknown,cloudy,51,ltor,13,,,,reynj901,shulj901,everm901,roe-r901,,,schos001,colob001,,regular,7,2,ANA,CLE,y,both,y,y,y,2001
CLE200104250,ANA,CLE,CLE08,20010425,0,7:08PM,night,,,true,,184,31396,unknown,unknown,sunny,49,fromcf,13,,,,shulj901,everm901,roe-r901,reynj901,,,valdi001,sabac001,perct001,regular,3,1,ANA,CLE,y,both,y,y,y,2001
CLE200104260,ANA,CLE,CLE08,20010426,0,7:04PM,night,,,true,,159,29427,unknown,unknown,sunny,53,ltor,5,,,,everm901,roe-r901,reynj901,shulj901,,,shuep001,hases001,wickb001,regular,5,6,CLE,ANA,y,both,y,y,y,2001
TOR200104270,ANA,TOR,TOR02,20010427,0,7:08PM,night,,,true,,197,16174,dry,none,dome,72,unknown,0,,,,carlm901,tscht901,davig901,riekr901,,,loaie001,washj001,,regular,4,12,TOR,ANA,y,both,y,y,y,2001
TOR200104280,ANA,TOR,TOR02,20010428,0,1:08PM,day,,,true,,181,19261,dry,none,dome,72,unknown,0,,,,tscht901,davig901,riekr901,carlm901,,,ortir002,michc001,perct001,regular,4,1,ANA,TOR,y,both,y,y,y,2001
TOR200104290,ANA,TOR,TOR02,20010429,0,1:08PM,day,,,true,,167,23949,dry,none,dome,72,unknown,0,,,,davig901,riekr901,carlm901,tscht901,,,parrs001,schos001,kochb001,regular,0,2,TOR,ANA,y,both,y,y,y,2001
ANA200105010,CHA,ANA,ANA01,20010501,0,7:07PM,night,,,true,,174,15664,unknown,unknown,sunny,80,ltor,5,munse701,,,hudsm901,welkt901,timmt901,cedeg901,,,rappp001,welld001,perct001,regular,4,6,ANA,CHA,y,both,y,y,y,2001
ANA200105020,CHA,ANA,ANA01,20010502,0,7:07PM,night,,,true,,195,15516,unknown,unknown,cloudy,63,ltor,8,munse701,,,welkt901,timmt901,cedeg901,hudsm901,,,washj001,garlj001,,regular,5,12,ANA,CHA,y,both,y,y,y,2001
ANA200105030,CHA,ANA,ANA01,20010503,0,7:07PM,night,,,true,,139,15372,unknown,unknown,sunny,66,ltor,4,munse701,,,timmt901,cedeg901,hudsm901,welkt901,,,valdi001,baldj002,perct001,regular,1,3,ANA,CHA,y,both,y,y,y,2001
ANA200105040,DET,ANA,ANA01,20010504,0,7:08PM,night,,,true,,196,36690,unknown,unknown,sunny,70,ltor,8,munse701,,,cousd901,brinj901,nelsj901,phild901,,,webeb001,murrh001,perct001,regular,5,7,ANA,DET,y,both,y,y,y,2001
ANA200105050,DET,ANA,ANA01,20010505,0,7:06PM,night,,,true,,169,24758,unknown,unknown,sunny,72,ltor,9,munse701,,,brinj901,nelsj901,phild901,cousd901,,,weavj002,ortir002,,regular,11,2,DET,ANA,y,both,y,y,y,2001
ANA200105060,DET,ANA,ANA01,20010506,0,1:07PM,day,,,true,,176,29353,unknown,unknown,sunny,80,ltor,7,munse701,,,nelsj901,phild901,cousd901,brinj901,,,levia001,pattd001,,regular,2,3,ANA,DET,y,both,y,y,y,2001
CHA200105080,ANA,CHA,CHI12,20010508,0,7:07PM,night,,,true,,131,13187,unknown,unknown,cloudy,77,rtol,18,,,,laynj901,schrp901,randt901,monte901,,,baldj002,washj001,,regular,0,2,CHA,ANA,y,both,y,y,y,2001
CHA200105090,ANA,CHA,CHI12,20010509,0,7:06PM,night,,,true,,172,13458,unknown,unknown,sunny,81,tolf,9,,,,schrp901,randt901,monte901,laynj901,,,howrb001,levia001,,regular,5,6,CHA,ANA,y,both,y,y,y,2001
CHA200105100,ANA,CHA,CHI12,20010510,0,7:06PM,night,,,true,,191,12684,unknown,unknown,cloudy,70,rtol,10,,,,randt901,monte901,laynj901,schrp901,,,perct001,foulk001,,regular,7,6,ANA,CHA,y,both,y,y,y,2001
DET200105110,ANA,DET,DET05,20010511,0,7:07PM,night,,,true,,257,18811,unknown,unknown,cloudy,69,ltor,12,,,,kellj901,timmt901,fichm901,reilm901,,,jonet003,lukam001,,regular,6,7,DET,ANA,y,both,y,y,y,2001
DET200105120,ANA,DET,DET05,20010512,0,1:06PM,day,,,true,,173,22133,unknown,unknown,cloudy,55,tocf,12,,,,timmt901,fichm901,reilm901,kellj901,,,andem002,hases001,,regular,1,4,DET,ANA,y,both,y,y,y,2001
DET200105130,ANA,DET,DET05,20010513,0,1:07PM,day,,,true,,196,20012,unknown,unknown,sunny,59,tolf,7,,,,fichm901,reilm901,kellj901,timmt901,,,washj001,holtc001,,regular,14,2,ANA,DET,y,both,y,y,y,2001
ANA200105150,TOR,ANA,ANA01,20010515,0,7:08PM,night,,,true,,160,15904,unknown,unknown,sunny,66,ltor,5,munse701,,,cuzzp901,bonig901,froeb901,mealj901,,,michc001,valdi001,,regular,9,3,TOR,ANA,y,both,y,y,y,2001
ANA200105160,TOR,ANA,ANA01,20010516,0,7:07PM,night,,,true,,171,15611,unknown,unknown,sunny,75,ltor,7,munse701,,,bonig901,froeb901,mealj901,cuzzp901,,,schos001,parrs001,perct001,regular,1,3,ANA,TOR,y,both,y,y,y,2001
ANA200105170,TOR,ANA,ANA01,20010517,0,7:06PM,night,,,true,,157,15204,unknown,unknown,sunny,67,ltor,5,munse701,,,froeb901,mealj901,cuzzp901,bonig901,,,hases001,escok001,perct001,regular,2,4,ANA,TOR,y,both,y,y,y,2001
ANA200105180,CLE,ANA,ANA01,20010518,0,7:08PM,night,,,true,,182,39177,unknown,unknown,overcast,66,ltor,4,munse701,,,gibsg901,demud901,relic901,danlk901,,,burbd001,rappp001,,regular,7,2,CLE,ANA,y,both,y,y,y,2001
ANA200105190,CLE,ANA,ANA01,20010519,0,7:06PM,night,,,true,,232,40019,unknown,unknown,sunny,65,ltor,3,munse701,,,demud901,relic901,danlk901,gibsg901,,,shuep001,perct001,wickb001,regular,4,3,CLE,ANA,y,both,y,y,y,2001
ANA200105200,CLE,ANA,ANA01,20010520,0,5:08PM,night,,,true,,212,36339,unknown,unknown,sunny,72,ltor,3,munse701,,,relic901,danlk901,gibsg901,demud901,,,levia001,rodrr004,perct001,regular,6,9,ANA,CLE,y,both,y,y,y,2001
BAL200105230,ANA,BAL,BAL12,20010523,0,3:08PM,day,,,true,,195,31249,unknown,unknown,sunny,78,fromcf,5,,,,onorb901,meric901,hirsj901,welkb901,,,robew001,schos001,,regular,5,12,BAL,ANA,y,both,y,y,y,2001
BAL200105240,ANA,BAL,BAL12,20010524,0,7:08PM,night,,,true,,187,34555,unknown,unknown,sunny,82,ltor,10,,,,welkb901,hirsj901,meric901,onorb901,,,johnj007,ortir002,ryanb001,regular,4,6,BAL,ANA,y,both,y,y,y,2001
TBA200105250,ANA,TBA,STP01,20010525,0,7:16PM,night,,,true,,168,8346,dry,none,dome,72,unknown,0,,,,mcclt901,guccc901,rapue901,emmep901,,,webeb001,lopea002,perct001,regular,6,4,ANA,TBA,y,both,y,y,y,2001
TBA200105260,ANA,TBA,STP01,20010526,0,4:15PM,day,,,true,,189,11854,dry,none,dome,72,unknown,0,,,,guccc901,rapue901,emmep901,mcclt901,,,washj001,wilsp001,,regular,10,4,ANA,TBA,y,both,y,y,y,2001
TBA200105270,ANA,TBA,STP01,20010527,0,1:17PM,day,,,true,,182,9882,dry,none,dome,72,unknown,0,,,,rapue901,emmep901,mcclt901,guccc901,,,yan-e001,levia001,,regular,3,4,TBA,ANA,y,both,y,y,y,2001
TBA200105280,ANA,TBA,STP01,20010528,0,4:16PM,day,,,true,,178,9469,dry,none,dome,72,unknown,0,,,,emmep901,mcclt901,guccc901,rapue901,,,schos001,meacr001,perct001,regular,3,1,ANA,TBA,y,both,y,y,y,2001
ANA200105290,MIN,ANA,ANA01,20010529,0,7:06PM,night,,,true,,257,14975,unknown,unknown,sunny,70,ltor,4,munse701,,,riekr901,carlm901,tscht901,davig901,,,cresj001,levia001,carrh001,regular,6,5,MIN,ANA,y,both,y,y,y,2001
ANA200105300,MIN,ANA,ANA01,20010530,0,7:06PM,night,,,true,,153,14913,unknown,unknown,sunny,70,ltor,3,munse701,,,carlm901,tscht901,davig901,riekr901,,,maysj001,rappp001,,regular,3,0,MIN,ANA,y,both,y,y,y,2001
ANA200105310,MIN,ANA,ANA01,20010531,0,7:06PM,night,,,true,,256,15159,unknown,unknown,sunny,68,ltor,4,munse701,,,tscht901,davig901,riekr901,carlm901,,,webeb001,carrh001,,regular,4,5,ANA,MIN,y,both,y,y,y,2001
ANA200106010,KCA,ANA,ANA01,20010601,0,7:08PM,night,,,true,,164,30783,unknown,unknown,overcast,68,ltor,3,munse701,,,drakr901,shulj901,everm901,roe-r901,,,valdi001,suppj001,,regular,1,7,ANA,KCA,y,both,y,y,y,2001
ANA200106020,KCA,ANA,ANA01,20010602,0,7:08PM,night,,,true,,152,26469,unknown,unknown,overcast,68,ltor,7,munse701,,,shulj901,everm901,roe-r901,drakr901,,,schos001,durbc001,perct001,regular,2,3,ANA,KCA,y,both,y,y,y,2001
ANA200106030,KCA,ANA,ANA01,20010603,0,1:09PM,day,,,true,,159,31810,unknown,unknown,cloudy,69,ltor,3,munse701,,,everm901,roe-r901,drakr901,shulj901,,,ortir002,suzum001,,regular,2,7,ANA,KCA,y,both,y,y,y,2001
ANA200106050,OAK,ANA,ANA01,20010605,0,7:07PM,night,,,true,,159,16166,unknown,unknown,sunny,70,ltor,5,munse701,,,fichm901,eddid901,gormb901,guccc901,,,washj001,muldm001,,regular,3,7,ANA,OAK,y,both,y,y,y,2001
ANA200106060,OAK,ANA,ANA01,20010606,0,7:07PM,night,,,true,,169,15356,unknown,unknown,sunny,71,ltor,6,munse701,,,eddid901,gormb901,guccc901,fichm901,,,hudst001,rappp001,isrij001,regular,4,1,OAK,ANA,y,both,y,y,y,2001
ANA200106070,OAK,ANA,ANA01,20010607,0,7:07PM,night,,,true,,177,15859,unknown,unknown,sunny,68,ltor,3,munse701,,,gormb901,guccc901,fichm901,eddid901,,,schos001,zitob001,perct001,regular,4,6,ANA,OAK,y,both,y,y,y,2001
LAN200106080,ANA,LAN,LOS03,20010608,0,7:12PM,night,,,false,,196,37449,unknown,unknown,sunny,67,ltor,8,,,,mealj901,cuzzp901,barrm901,froeb901,,,valdi001,carrg001,perct001,regular,1,0,ANA,LAN,y,both,y,y,y,2001
LAN200106090,ANA,LAN,LOS03,20010609,0,1:12PM,day,,,false,,191,54415,unknown,unknown,sunny,78,ltor,6,,,,cuzzp901,barrm901,froeb901,mealj901,,,shawj001,webeb001,,regular,1,2,LAN,ANA,y,both,y,y,y,2001
LAN200106100,ANA,LAN,LOS03,20010610,0,1:12PM,day,,,false,,208,45260,unknown,unknown,sunny,75,rtol,11,,,,barrm901,froeb901,mealj901,cuzzp901,,,levia001,gagne001,perct001,regular,6,5,ANA,LAN,y,both,y,y,y,2001
SFN200106120,ANA,SFN,SFO03,20010612,0,7:16PM,night,,,false,,146,36422,unknown,unknown,sunny,66,rtol,13,,,,monte901,laynj901,schrp901,randt901,,,ruetk001,rappp001,nen-r001,regular,2,3,SFN,ANA,y,both,y,y,y,2001
SFN200106130,ANA,SFN,SFO03,20010613,0,7:07PM,night,,,false,,146,37119,unknown,unknown,sunny,74,rtol,10,,,,laynj901,schrp901,randt901,monte901,,,ortir001,schos001,nen-r001,regular,0,1,SFN,ANA,y,both,y,y,y,2001
SFN200106140,ANA,SFN,SFO03,20010614,0,12:36PM,day,,,false,,174,40478,unknown,unknown,sunny,85,ltor,3,,,,schrp901,randt901,kellk901,laynj901,,,gardm001,valdi001,,regular,4,10,SFN,ANA,y,both,y,y,y,2001
ANA200106150,LAN,ANA,ANA01,20010615,0,7:07PM,night,,,true,,183,42287,unknown,unknown,sunny,71,ltor,5,munse701,,,buckc901,kellj901,reilm901,timmt901,,,parkc002,ortir002,fettm001,regular,6,2,LAN,ANA,y,both,y,y,y,2001
ANA200106160,LAN,ANA,ANA01,20010616,0,7:06PM,night,,,true,,165,43429,unknown,unknown,sunny,75,tolf,7,munse701,,,kellj901,reilm901,timmt901,buckc901,,,perct001,hergm001,,regular,5,6,ANA,LAN,y,both,y,y,y,2001
ANA200106170,LAN,ANA,ANA01,20010617,0,1:08PM,day,,,true,,196,43001,unknown,unknown,sunny,81,ltor,4,munse701,,,reilm901,timmt901,buckc901,kellj901,,,levia001,shawj001,,regular,4,6,ANA,LAN,y,both,y,y,y,2001
TEX200106190,ANA,TEX,ARL02,20010619,0,7:36PM,night,,,true,,200,31158,unknown,unknown,sunny,86,fromcf,12,,,,mckej901,joycj901,craft901,millb901,,,morej001,schos001,zimmj001,regular,5,7,TEX,ANA,y,both,y,y,y,2001
TEX200106200,ANA,TEX,ARL02,20010620,0,7:35PM,night,,,true,,183,31789,unknown,unknown,sunny,90,fromrf,12,,,,joycj901,craft901,millb901,mckej901,,,ortir002,rogek001,perct001,regular,4,3,ANA,TEX,y,both,y,y,y,2001
TEX200106210,ANA,TEX,ARL02,20010621,0,7:47PM,night,,,true,,173,30337,unknown,unknown,cloudy,78,ltor,10,,,,craft901,millb901,mckej901,joycj901,,,hellr001,wisem001,zimmj001,regular,3,4,TEX,ANA,y,both,y,y,y,2001
SEA200106220,ANA,SEA,SEA03,20010622,0,7:06PM,night,,,true,,170,45461,unknown,unknown,overcast,66,ltor,7,,,,barkl901,mcclt901,rapue901,emmep901,,,washj001,selea001,,regular,8,1,ANA,SEA,y,both,y,y,y,2001
SEA200106230,ANA,SEA,SEA03,20010623,0,7:05PM,night,,,true,,169,45430,unknown,unknown,cloudy,65,ltor,2,,,,mcclt901,rapue901,emmep901,barkl901,,,rappp001,moyej001,perct001,regular,2,1,ANA,SEA,y,both,y,y,y,2001
SEA200106240,ANA,SEA,SEA03,20010624,0,1:37PM,day,,,true,,181,45722,dry,none,dome,72,unknown,0,,,,rapue901,emmep901,barkl901,mcclt901,,,abbop001,schos001,sasak001,regular,3,7,SEA,ANA,y,both,y,y,y,2001
ANA200106250,TEX,ANA,ANA01,20010625,0,7:07PM,night,,,true,,204,17076,unknown,unknown,sunny,78,ltor,4,munse701,,,herna901,marsr901,wendh902,wolfj901,,,ortir002,rogek001,,regular,7,11,ANA,TEX,y,both,y,y,y,2001
ANA200106260,TEX,ANA,ANA01,20010626,0,7:06PM,night,,,true,,218,17250,unknown,unknown,sunny,77,rtol,7,munse701,,,marsr901,wendh902,wolfj901,herna901,,,zimmj001,lukam001,,regular,8,1,TEX,ANA,y,both,y,y,y,2001
ANA200106270,TEX,ANA,ANA01,20010627,0,7:05PM,night,,,true,,172,17302,unknown,unknown,sunny,80,ltor,4,munse701,,,wendh902,wolfj901,herna901,marsr901,,,washj001,david002,perct001,regular,2,4,ANA,TEX,y,both,y,y,y,2001
ANA200106280,TEX,ANA,ANA01,20010628,0,7:07PM,night,,,true,,170,17951,unknown,unknown,sunny,77,ltor,6,munse701,,,barrt901,marqa901,ripps901,wintm901,,,olivd001,rappp001,zimmj001,regular,6,3,TEX,ANA,y,both,y,y,y,2001
ANA200106290,SEA,ANA,ANA01,20010629,0,7:07PM,night,,,true,,171,40822,unknown,unknown,sunny,79,ltor,5,munse701,,,marqa901,ripps901,wintm901,barrt901,,,moyej001,schos001,,regular,9,5,SEA,ANA,y,both,y,y,y,2001
ANA200106300,SEA,ANA,ANA01,20010630,0,12:16PM,day,,,true,,174,27784,unknown,unknown,sunny,80,tocf,8,munse701,,,ripps901,wintm901,barrt901,marqa901,,,stard001,ortir002,sasak001,regular,5,3,SEA,ANA,y,both,y,y,y,2001
ANA200107010,SEA,ANA,ANA01,20010701,0,5:05PM,night,,,true,,176,28887,unknown,unknown,sunny,78,ltor,3,munse701,,,wintm901,barrt901,marqa901,ripps901,,,garcf002,wisem001,,regular,5,0,SEA,ANA,y,both,y,y,y,2001
OAK200107020,ANA,OAK,OAK01,20010702,0,7:06PM,night,,,true,,222,11222,unknown,unknown,cloudy,78,torf,8,,,,onorb901,meric901,hirsj901,spiep901,,,tam-j001,hases001,,regular,0,1,OAK,ANA,y,both,y,y,y,2001
OAK200107030,ANA,OAK,OAK01,20010703,0,6:07PM,night,,,true,,156,51838,unknown,unknown,sunny,88,ltor,13,,,,meric901,hirsj901,spiep901,onorb901,,,zitob001,rappp001,isrij001,regular,2,5,OAK,ANA,y,both,y,y,y,2001
OAK200107040,ANA,OAK,OAK01,20010704,0,12:37PM,day,,,true,,137,29045,unknown,unknown,cloudy,69,tolf,13,,,,hirsj901,spiep901,onorb901,meric901,,,lidlc001,schos001,mecij001,regular,0,2,OAK,ANA,y,both,y,y,y,2001
OAK200107050,ANA,OAK,OAK01,20010705,0,12:37PM,day,,,true,,162,12719,unknown,unknown,sunny,65,fromlf,12,,,,spiep901,onorb901,meric901,hirsj901,,,valdi001,hereg001,perct001,regular,5,2,ANA,OAK,y,both,y,y,y,2001
COL200107060,ANA,COL,DEN02,20010706,0,7:31PM,night,,,false,,193,48576,unknown,unknown,overcast,75,tolf,15,,,,wegnm901,diazl901,guccc901,reedr901,,,ortir002,hampm001,perct001,regular,6,5,ANA,COL,y,both,y,y,y,2001
COL200107070,ANA,COL,DEN02,20010707,0,6:06PM,night,,,false,,204,47517,unknown,unknown,sunny,90,fromcf,8,,,,diazl901,guccc901,reedr901,wegnm901,,,washj001,suzum001,,regular,10,3,ANA,COL,y,both,y,y,y,2001
COL200107080,ANA,COL,DEN02,20010708,0,1:06PM,day,,,false,,163,37577,unknown,unknown,cloudy,88,tolf,4,,,,guccc901,reedr901,wegnm901,diazl901,,,rappp001,chacs001,potel001,regular,11,3,ANA,COL,y,both,y,y,y,2001
ANA200107120,ARI,ANA,ANA01,20010712,0,7:08PM,night,,,true,,134,18724,unknown,unknown,sunny,77,ltor,3,munse701,,,everm901,shulj901,reynj901,roe-r901,,,schos001,andeb002,perct001,regular,1,4,ANA,ARI,y,both,y,y,y,2001
ANA200107130,ARI,ANA,ANA01,20010713,0,7:06PM,night,,,true,,143,32777,unknown,unknown,sunny,76,ltor,8,munse701,,,shulj901,reynj901,roe-r901,everm901,,,schic002,valdi001,,regular,6,2,ARI,ANA,y,both,y,y,y,2001
ANA200107140,ARI,ANA,ANA01,20010714,0,7:07PM,night,,,true,,195,30044,unknown,unknown,sunny,72,ltor,8,munse701,,,reynj901,roe-r901,everm901,shulj901,,,prinb001,perct001,kim-b001,regular,7,5,ARI,ANA,y,both,y,y,y,2001
ANA200107150,SDN,ANA,ANA01,20010715,0,5:09PM,night,,,true,,149,31536,unknown,unknown,sunny,70,ltor,7,munse701,,,roe-r901,everm901,shulj901,reynj901,,,lawrb001,ortir002,,regular,5,1,SDN,ANA,y,both,y,y,y,2001
ANA200107160,SDN,ANA,ANA01,20010716,0,7:07PM,night,,,true,,196,19456,unknown,unknown,sunny,73,ltor,5,munse701,,,tscht901,davig901,katzt901,carlm901,,,webeb001,tollb001,perct001,regular,5,7,ANA,SDN,y,both,y,y,y,2001
ANA200107170,SDN,ANA,ANA01,20010717,0,1:08PM,day,,,true,,204,30181,unknown,unknown,sunny,79,ltor,5,munse701,,,davig901,katzt901,carlm901,tscht901,,,levia001,davet001,,regular,7,8,ANA,SDN,y,both,y,y,y,2001
TBA200107180,ANA,TBA,STP01,20010718,0,7:15PM,night,,,true,,179,12344,dry,none,dome,72,unknown,0,,,,culbf901,barnr901,younl901,fleta901,,,valdi001,kennj001,perct001,regular,2,1,ANA,TBA,y,both,y,y,y,2001
TBA200107190,ANA,TBA,STP01,20010719,0,12:16PM,day,,,true,,179,19960,dry,none,dome,72,unknown,0,,,,barnr901,younl901,fleta901,culbf901,,,washj001,wallj001,perct001,regular,2,1,ANA,TBA,y,both,y,y,y,2001
BAL200107210,ANA,BAL,BAL12,20010721,0,7:07PM,night,,,true,,187,47234,unknown,unknown,sunny,86,ltor,7,,,,hirsm901,kulpr901,fostm901,hollm901,,,hases001,milla001,,regular,6,5,ANA,BAL,y,both,y,y,y,2001
BAL200107221,ANA,BAL,BAL12,20010722,1,1:39PM,day,,,true,,194,40543,unknown,unknown,cloudy,88,ltor,10,,,,kulpr901,vanvm901,hollm901,hirsm901,,,webeb001,robew001,potel001,regular,9,4,ANA,BAL,y,both,y,y,y,2001
BAL200107222,ANA,BAL,BAL12,20010722,2,7:39PM,night,,,true,,202,38423,unknown,unknown,cloudy,87,rtol,10,,,,fostm901,hollm901,hirsm901,vanvm901,,,johnj007,borlt001,groob001,regular,1,5,BAL,ANA,y,both,y,y,y,2001
BAL200107230,ANA,BAL,BAL12,20010723,0,12:41PM,day,,,true,,191,40880,unknown,unknown,cloudy,93,ltor,7,,,,hollm901,hirsm901,kulpr901,fostm901,,,valdi001,mercj001,,regular,9,4,ANA,BAL,y,both,y,y,y,2001
ANA200107240,TBA,ANA,ANA01,20010724,0,7:07PM,night,,,true,,157,16131,unknown,unknown,sunny,68,ltor,4,munse701,,,joycj901,millb901,timmt901,craft901,,,washj001,kennj001,levia001,regular,6,9,ANA,TBA,y,both,y,y,y,2001
ANA200107250,TBA,ANA,ANA01,20010725,0,7:06PM,night,,,true,,137,15718,unknown,unknown,sunny,72,ltor,4,munse701,,,millb901,timmt901,craft901,joycj901,,,wilsp001,wisem001,yan-e001,regular,3,1,TBA,ANA,y,both,y,y,y,2001
ANA200107260,TBA,ANA,ANA01,20010726,0,7:07PM,night,,,true,,149,15782,unknown,unknown,sunny,70,ltor,5,munse701,,,timmt901,craft901,joycj901,millb901,,,ortir002,ruper001,perct001,regular,3,5,ANA,TBA,y,both,y,y,y,2001
ANA200107270,BAL,ANA,ANA01,20010727,0,7:07PM,night,,,true,,193,39616,unknown,unknown,sunny,73,ltor,5,munse701,,,nelsj901,phild901,cousd901,brinj901,,,tromm001,levia001,groob001,regular,4,3,BAL,ANA,y,both,y,y,y,2001
ANA200107280,BAL,ANA,ANA01,20010728,0,7:07PM,night,,,true,,197,39261,unknown,unknown,sunny,73,ltor,6,munse701,,,phild901,cousd901,brinj901,nelsj901,,,webeb001,kohlr001,perct001,regular,4,6,ANA,BAL,y,both,y,y,y,2001
ANA200107290,BAL,ANA,ANA01,20010729,0,5:10PM,night,,,true,,155,35053,unknown,unknown,sunny,78,ltor,5,munse701,,,cousd901,brinj901,nelsj901,phild901,,,mercj001,valdi001,groob001,regular,1,0,BAL,ANA,y,both,y,y,y,2001
BOS200107310,ANA,BOS,BOS07,20010731,0,7:05PM,night,,,true,,165,33909,unknown,unknown,sunny,81,fromcf,8,,,,cedeg901,iassd901,welkt901,hudsm901,,,ortir002,garcr001,perct001,regular,4,3,ANA,BOS,y,both,y,y,y,2001
BOS200108010,ANA,BOS,BOS07,20010801,0,7:07PM,night,,,true,,162,33551,unknown,unknown,sunny,76,tolf,12,,,,iassd901,welkt901,hudsm901,cedeg901,,,schos001,nomoh001,levia001,regular,4,2,ANA,BOS,y,both,y,y,y,2001
BOS200108020,ANA,BOS,BOS07,20010802,0,7:06PM,night,,,true,,185,33611,unknown,unknown,cloudy,89,rtol,11,,,,welkt901,hudsm901,cedeg901,iassd901,,,rappp001,sabeb001,,regular,13,4,ANA,BOS,y,both,y,y,y,2001
NYA200108030,ANA,NYA,NYC16,20010803,0,7:07PM,night,,,true,,177,40490,unknown,unknown,cloudy,83,tolf,12,,,,gormb901,eddid901,coope901,klemj901,,,petta001,washj001,rivem002,regular,2,4,NYA,ANA,y,both,y,y,y,2001
NYA200108040,ANA,NYA,NYC16,20010804,0,1:07PM,day,,,true,,176,46416,unknown,unknown,cloudy,77,fromcf,3,,,,eddid901,coope901,klemj901,gormb901,,,rivem002,levia001,,regular,4,5,NYA,ANA,y,both,y,y,y,2001
NYA200108050,ANA,NYA,NYC16,20010805,0,1:06PM,day,,,true,,208,48978,unknown,unknown,sunny,80,torf,10,,,,coope901,klemj901,gormb901,eddid901,,,ortir002,mendr001,perct001,regular,4,3,ANA,NYA,y,both,y,y,y,2001
NYA200108060,ANA,NYA,NYC16,20010806,0,1:07PM,day,,,true,,161,40232,unknown,unknown,cloudy,98,tolf,5,,,,klemj901,gormb901,eddid901,coope901,,,potel001,hitcs001,perct001,regular,3,1,ANA,NYA,y,both,y,y,y,2001
ANA200108070,CHA,ANA,ANA01,20010807,0,7:05PM,night,,,true,,156,18498,unknown,unknown,cloudy,80,ltor,5,munse701,,,laynj901,monte901,randt901,schrp901,,,rappp001,wellk001,,regular,3,9,ANA,CHA,y,both,y,y,y,2001
ANA200108080,CHA,ANA,ANA01,20010808,0,7:07PM,night,,,true,,162,18864,unknown,unknown,cloudy,77,ltor,3,munse701,,,monte901,randt901,schrp901,laynj901,,,buehm001,washj001,,regular,15,1,CHA,ANA,y,both,y,y,y,2001
ANA200108090,CHA,ANA,ANA01,20010809,0,7:06PM,night,,,true,,138,17896,unknown,unknown,sunny,76,ltor,5,munse701,,,randt901,schrp901,laynj901,monte901,,,valdi001,lowes001,perct001,regular,2,3,ANA,CHA,y,both,y,y,y,2001
ANA200108100,TOR,ANA,ANA01,20010810,0,7:07PM,night,,,true,,185,30484,unknown,unknown,sunny,78,tolf,10,munse701,,,wolfj901,herna901,marsr901,wendh902,,,schos001,lyonb003,perct001,regular,7,8,ANA,TOR,y,both,y,y,y,2001
ANA200108110,TOR,ANA,ANA01,20010811,0,7:06PM,night,,,true,,220,27927,unknown,unknown,sunny,73,ltor,4,munse701,,,herna901,marsr901,wendh902,wolfj901,,,plesd001,levia001,kochb001,regular,7,6,TOR,ANA,y,both,y,y,y,2001
ANA200108120,TOR,ANA,ANA01,20010812,0,5:05PM,night,,,true,,171,19129,unknown,unknown,sunny,81,ltor,3,munse701,,,marsr901,wendh902,wolfj901,herna901,,,levia001,plesd001,perct001,regular,5,6,ANA,TOR,y,both,y,y,y,2001
DET200108140,ANA,DET,DET05,20010814,0,7:06PM,night,,,true,,172,24082,unknown,unknown,sunny,78,tolf,6,,,,emmep901,iassd901,packs901,mcclt901,,,washj001,cornn001,,regular,7,1,ANA,DET,y,both,y,y,y,2001
DET200108150,ANA,DET,DET05,20010815,0,7:05PM,night,,,true,,153,20853,unknown,unknown,cloudy,77,rtol,9,,,,iassd901,packs901,mcclt901,emmep901,,,perim001,holtm001,,regular,1,5,DET,ANA,y,both,y,y,y,2001
DET200108160,ANA,DET,DET05,20010816,0,2:32PM,day,,,true,,157,22141,unknown,drizzle,cloudy,69,rtol,5,,,,packs901,mcclt901,emmep901,iassd901,,,schos001,weavj002,perct001,regular,4,2,ANA,DET,y,both,y,y,y,2001
CLE200108170,ANA,CLE,CLE08,20010817,0,7:06PM,night,,,true,,157,42528,unknown,unknown,cloudy,76,ltor,15,,,,fostm901,hirsm901,kulpr901,bellw901,,,ortir002,nagyc001,,regular,7,2,ANA,CLE,y,both,y,y,y,2001
CLE200108180,ANA,CLE,CLE08,20010818,0,1:26PM,day,,,true,,151,42610,unknown,unknown,cloudy,73,ltor,7,,,,hirsm901,kulpr901,bellw901,fostm901,,,sabac001,rappp001,wickb001,regular,2,4,CLE,ANA,y,both,y,y,y,2001
CLE200108190,ANA,CLE,CLE08,20010819,0,1:07PM,day,,,true,,158,42510,unknown,unknown,cloudy,74,tocf,15,,,,kulpr901,bellw901,fostm901,hirsm901,,,washj001,colob001,perct001,regular,4,1,ANA,CLE,y,both,y,y,y,2001
ANA200108200,BOS,ANA,ANA01,20010820,0,7:07PM,night,,,true,,162,22891,unknown,unknown,sunny,73,ltor,3,munse701,,,diazl901,guccc901,tscht901,carlm901,,,castf001,valdi001,,regular,6,1,BOS,ANA,y,both,y,y,y,2001
ANA200108210,BOS,ANA,ANA01,20010821,0,7:07PM,night,,,true,,170,24402,unknown,unknown,sunny,73,ltor,2,munse701,,,guccc901,tscht901,carlm901,diazl901,,,coned001,schos001,urbiu001,regular,8,5,BOS,ANA,y,both,y,y,y,2001
ANA200108220,BOS,ANA,ANA01,20010822,0,7:07PM,night,,,true,,185,23017,unknown,unknown,cloudy,70,ltor,5,munse701,,,tscht901,carlm901,diazl901,guccc901,,,levia001,waket001,perct001,regular,2,4,ANA,BOS,y,both,y,y,y,2001
ANA200108230,BOS,ANA,ANA01,20010823,0,7:07PM,night,,,true,,191,27377,unknown,unknown,sunny,70,ltor,3,munse701,,,carlm901,diazl901,guccc901,tscht901,,,garcr001,webeb001,urbiu001,regular,7,6,BOS,ANA,y,both,y,y,y,2001
ANA200108240,NYA,ANA,ANA01,20010824,0,7:05PM,night,,,true,,202,43489,unknown,unknown,sunny,74,ltor,6,munse701,,,wintm901,barrt901,marqa901,barnr901,,,hases001,petta001,,regular,2,6,ANA,NYA,y,both,y,y,y,2001
ANA200108250,NYA,ANA,ANA01,20010825,0,1:08PM,day,,,true,,203,43398,unknown,unknown,sunny,83,tolf,6,munse701,,,barrt901,marqa901,barnr901,wintm901,,,clemr001,valdi001,rivem002,regular,7,5,NYA,ANA,y,both,y,y,y,2001
ANA200108260,NYA,ANA,ANA01,20010826,0,5:08PM,night,,,true,,218,41660,unknown,unknown,sunny,78,ltor,7,munse701,,,marqa901,barnr901,wintm901,barrt901,,,perct001,stanm003,,regular,6,7,ANA,NYA,y,both,y,y,y,2001
KCA200108280,ANA,KCA,KAN06,20010828,0,7:06PM,night,,,true,,176,11479,unknown,unknown,sunny,84,rtol,8,,,,kellj901,rungb901,reilm901,buckc901,,,georc002,ortir002,,regular,4,10,KCA,ANA,y,both,y,y,y,2001
KCA200108290,ANA,KCA,KAN06,20010829,0,7:06PM,night,,,true,,136,11190,unknown,unknown,cloudy,83,tolf,8,,,,rungb901,reilm901,buckc901,kellj901,,,suppj001,rappp001,hernr001,regular,3,6,KCA,ANA,y,both,y,y,y,2001
KCA200108300,ANA,KCA,KAN06,20010830,0,7:06PM,night,,,true,,169,12159,unknown,unknown,overcast,70,fromcf,3,,,,reilm901,buckc901,kellj901,rungb901,,,grimj001,levia001,,regular,1,2,KCA,ANA,y,both,y,y,y,2001
MIN200108310,ANA,MIN,MIN03,20010831,0,7:08PM,night,,,true,,149,12070,dry,none,dome,72,unknown,0,,,,crawj901,gormb901,eddid901,coope901,,,radkb001,valdi001,jonet003,regular,1,4,MIN,ANA,y,both,y,y,y,2001
MIN200109010,ANA,MIN,MIN03,20010901,0,6:07PM,night,,,true,,220,18001,dry,none,dome,72,unknown,0,,,,gormb901,eddid901,coope901,crawj901,,,levia001,hawkl001,perct001,regular,11,9,ANA,MIN,y,both,y,y,y,2001
MIN200109020,ANA,MIN,MIN03,20010902,0,1:08PM,day,,,true,,157,17352,dry,none,dome,72,unknown,0,,,,eddid901,coope901,crawj901,gormb901,,,guare001,levia001,,regular,4,5,MIN,ANA,y,both,y,y,y,2001
ANA200109040,KCA,ANA,ANA01,20010904,0,7:08PM,night,,,true,,139,13950,unknown,unknown,sunny,73,ltor,4,munse701,,,danlk901,gibsg901,demud901,relic901,,,suppj001,washj001,,regular,4,1,KCA,ANA,y,both,y,y,y,2001
ANA200109050,KCA,ANA,ANA01,20010905,0,7:07PM,night,,,true,,145,13998,unknown,unknown,sunny,70,ltor,6,munse701,,,gibsg901,demud901,relic901,danlk901,,,valdi001,durbc001,perct001,regular,1,4,ANA,KCA,y,both,y,y,y,2001
ANA200109060,KCA,ANA,ANA01,20010906,0,7:07PM,night,,,true,,185,13763,unknown,unknown,cloudy,67,ltor,3,munse701,,,demud901,relic901,danlk901,gibsg901,,,holtm001,hernr001,,regular,6,7,ANA,KCA,y,both,y,y,y,2001
ANA200109070,MIN,ANA,ANA01,20010907,0,7:07PM,night,,,true,,160,23377,unknown,unknown,overcast,68,ltor,3,munse701,,,herna901,marsr901,wendh902,wolfj901,,,ortir002,lohsk001,,regular,3,7,ANA,MIN,y,both,y,y,y,2001
ANA200109080,MIN,ANA,ANA01,20010908,0,7:08PM,night,,,true,,186,25913,unknown,unknown,overcast,68,tolf,3,munse701,,,marsr901,wendh902,wolfj901,herna901,,,reedr002,rappp001,guare001,regular,6,4,MIN,ANA,y,both,y,y,y,2001
ANA200109090,MIN,ANA,ANA01,20010909,0,1:06PM,day,,,true,,159,18157,unknown,unknown,overcast,72,ltor,4,munse701,,,wendh902,wolfj901,herna901,marsr901,,,milte001,washj001,wellb002,regular,3,0,MIN,ANA,y,both,y,y,y,2001
ANA200109100,SEA,ANA,ANA01,20010910,0,7:06PM,night,,,true,,188,20311,unknown,unknown,sunny,72,ltor,4,munse701,,,younl901,fleta901,barkl901,culbf901,,,garcf002,valdi001,,regular,5,1,SEA,ANA,y,both,y,y,y,2001
SEA200109180,ANA,SEA,SEA03,20010918,0,7:16PM,night,,,true,,140,45294,unknown,unknown,cloudy,63,tocf,1,,,,millb901,timmt901,scotd901,joycj901,,,garcf002,ortir002,,regular,0,4,SEA,ANA,y,both,y,y,y,2001
SEA200109190,ANA,SEA,SEA03,20010919,0,7:10PM,night,,,true,,174,45459,unknown,unknown,sunny,64,ltor,8,,,,timmt901,scotd901,joycj901,millb901,,,moyej001,schos001,,regular,0,5,SEA,ANA,y,both,y,y,y,2001
SEA200109200,ANA,SEA,SEA03,20010920,0,3:37PM,day,,,true,,187,44768,unknown,unknown,cloudy,66,ltor,9,,,,scotd901,joycj901,millb901,timmt901,,,hases001,halaj001,perct001,regular,6,3,ANA,SEA,y,both,y,y,y,2001
TEX200109210,ANA,TEX,ARL02,20010921,0,7:06PM,night,,,true,,198,37291,unknown,unknown,cloudy,82,ltor,1,,,,welkt901,cedeg901,hudsm901,iassd901,,,bellr003,valdi001,zimmj001,regular,8,9,TEX,ANA,y,both,y,y,y,2001
TEX200109220,ANA,TEX,ARL02,20010922,0,7:09PM,night,,,true,,163,38781,unknown,unknown,cloudy,80,fromlf,7,,,,cedeg901,hudsm901,iassd901,welkt901,,,mahop001,holtm001,,regular,4,5,TEX,ANA,y,both,y,y,y,2001
TEX200109230,ANA,TEX,ARL02,20010923,0,2:06PM,day,,,true,,178,34542,unknown,unknown,sunny,82,rtol,5,,,,hudsm901,iassd901,welkt901,cedeg901,,,hellr001,ortir002,zimmj001,regular,2,5,TEX,ANA,y,both,y,y,y,2001
OAK200109250,ANA,OAK,OAK01,20010925,0,7:07PM,night,,,true,,200,14172,unknown,unknown,sunny,68,ltor,9,,,,everm901,shulj901,reynj901,nelsj901,,,hudst001,hases001,,regular,3,9,OAK,ANA,y,both,y,y,y,2001
OAK200109260,ANA,OAK,OAK01,20010926,0,7:06PM,night,,,true,,164,27635,unknown,unknown,sunny,70,torf,10,,,,shulj901,reynj901,nelsj901,everm901,,,zitob001,washj001,isrij001,regular,1,3,OAK,ANA,y,both,y,y,y,2001
OAK200109270,ANA,OAK,OAK01,20010927,0,12:37PM,day,,,true,,155,17167,unknown,unknown,cloudy,66,tolf,14,,,,reynj901,nelsj901,everm901,shulj901,,,lidlc001,wisem001,,regular,2,6,OAK,ANA,y,both,y,y,y,2001
ANA200109280,TEX,ANA,ANA01,20010928,0,7:27PM,night,,,true,,187,26128,unknown,unknown,sunny,74,ltor,4,munse701,,,samuj901,danlk901,gibsg901,demud901,,,myeta001,valdi001,,regular,11,2,TEX,ANA,y,both,y,y,y,2001
ANA200109290,TEX,ANA,ANA01,20010929,0,7:10PM,night,,,true,,155,26439,unknown,unknown,sunny,78,ltor,3,munse701,,,danlk901,gibsg901,demud901,relic901,,,ortir002,hellr001,,regular,2,13,ANA,TEX,y,both,y,y,y,2001
ANA200109300,TEX,ANA,ANA01,20010930,0,1:11PM,day,,,true,,202,17507,unknown,unknown,cloudy,86,ltor,2,munse701,,,gibsg901,demud901,relic901,danlk901,,,david002,hases001,zimmj001,regular,8,6,TEX,ANA,y,both,y,y,y,2001
ANA200110020,SEA,ANA,ANA01,20011002,0,7:09PM,night,,,true,,197,18600,unknown,unknown,sunny,70,ltor,4,munse701,,,monte901,randt901,schrp901,laynj901,,,abbop001,washj001,,regular,14,5,SEA,ANA,y,both,y,y,y,2001
ANA200110030,SEA,ANA,ANA01,20011003,0,7:10PM,night,,,true,,202,18503,unknown,unknown,overcast,73,ltor,3,munse701,,,randt901,schrp901,laynj901,monte901,,,charn001,levia001,sasak001,regular,4,3,SEA,ANA,y,both,y,y,y,2001
ANA200110040,OAK,ANA,ANA01,20011004,0,7:10PM,night,,,true,,164,14215,unknown,unknown,cloudy,66,ltor,3,munse701,,,schrp901,laynj901,monte901,randt901,,,muldm001,valdi001,,regular,5,1,OAK,ANA,y,both,y,y,y,2001
ANA200110050,OAK,ANA,ANA01,20011005,0,7:10PM,night,,,true,,186,26343,unknown,unknown,cloudy,65,ltor,3,munse701,,,herna901,higgs901,wolfj901,wendh902,,,hudst001,ortir002,,regular,6,2,OAK,ANA,y,both,y,y,y,2001
ANA200110060,OAK,ANA,ANA01,20011006,0,1:10PM,day,,,true,,183,26276,unknown,unknown,cloudy,70,tocf,7,munse701,,,higgs901,wolfj901,wendh902,herna901,,,magnm001,schos001,isrij001,regular,6,3,OAK,ANA,y,both,y,y,y,2001
ANA200110070,OAK,ANA,ANA01,20011007,0,1:12PM,day,,,true,,180,18682,unknown,unknown,sunny,75,ltor,5,munse701,,,wolfj901,wendh902,herna901,higgs901,,,zitob001,coopb001,,regular,6,2,OAK,ANA,y,both,y,y,y,2001
ANA200203310,CLE,ANA,ANA01,20020331,0,,night,,,true,,143,42697,unknown,unknown,sunny,68,ltor,5,munse701,,,mcclt901,barrt901,rungb901,wolfj901,,,colob001,washj001,,regular,6,0,CLE,ANA,y,both,y,y,y,2002
ANA200204020,CLE,ANA,ANA01,20020402,0,,night,,,true,,200,20055,unknown,unknown,overcast,61,ltor,3,munse701,,,barrt901,rungb901,wolfj901,mcclt901,,,webeb001,riskd001,perct001,regular,5,7,ANA,CLE,y,both,y,y,y,2002
ANA200204030,CLE,ANA,ANA01,20020403,0,,night,,,true,,199,18194,unknown,unknown,overcast,56,rtol,5,munse701,,,rungb901,wolfj901,mcclt901,barrt901,,,dresr001,selea001,wickb001,regular,6,5,CLE,ANA,y,both,y,y,y,2002
TEX200204050,ANA,TEX,ARL02,20020405,0,,day,,,true,,137,49617,unknown,unknown,sunny,67,fromlf,5,,,,iassd901,davig901,wintm901,gibsg901,,,schos001,valdi001,levia001,regular,3,1,ANA,TEX,y,both,y,y,y,2002
TEX200204060,ANA,TEX,ARL02,20020406,0,,night,,,true,,188,35006,unknown,drizzle,cloudy,53,fromcf,10,,,,davig901,wintm901,gibsg901,iassd901,,,ortir002,irabh001,levia001,regular,6,3,ANA,TEX,y,both,y,y,y,2002
ANA200204080,SEA,ANA,ANA01,20020408,0,,night,,,true,,203,16908,unknown,unknown,sunny,60,ltor,7,munse701,,,hirsm901,schrp901,reynj901,hollm901,,,hases001,webeb001,sasak001,regular,5,4,SEA,ANA,y,both,y,y,y,2002
ANA200204090,SEA,ANA,ANA01,20020409,0,,night,,,true,,174,17210,unknown,unknown,sunny,63,ltor,6,munse701,,,schrp901,reynj901,hollm901,hirsm901,,,halaj001,appik001,,regular,5,1,SEA,ANA,y,both,y,y,y,2002
ANA200204100,SEA,ANA,ANA01,20020410,0,,night,,,true,,142,17784,unknown,unknown,cloudy,60,ltor,2,munse701,,,reynj901,hollm901,hirsm901,schrp901,,,baldj002,selea001,,regular,8,1,SEA,ANA,y,both,y,y,y,2002
ANA200204110,SEA,ANA,ANA01,20020411,0,,night,,,true,,155,18806,unknown,unknown,sunny,63,ltor,6,munse701,,,hollm901,hirsm901,schrp901,reynj901,,,garcf002,schos001,,regular,8,4,SEA,ANA,y,both,y,y,y,2002
ANA200204120,OAK,ANA,ANA01,20020412,0,,night,,,true,,188,31815,unknown,unknown,sunny,63,ltor,2,munse701,,,timmt901,ripps901,darlg901,emmep901,,,hudst001,ortir002,,regular,5,1,OAK,ANA,y,both,y,y,y,2002
ANA200204130,OAK,ANA,ANA01,20020413,0,,night,,,true,,170,33554,unknown,unknown,overcast,62,tolf,6,munse701,,,ripps901,darlg901,emmep901,timmt901,,,hilje001,washj001,,regular,7,2,OAK,ANA,y,both,y,y,y,2002
ANA200204140,OAK,ANA,ANA01,20020414,0,,day,,,true,,172,32881,unknown,unknown,overcast,70,rtol,5,munse701,,,darlg901,emmep901,timmt901,ripps901,,,appik001,zitob001,levia001,regular,1,4,ANA,OAK,y,both,y,y,y,2002
ANA200204160,TEX,ANA,ANA01,20020416,0,,night,,,true,,172,15385,unknown,unknown,sunny,64,ltor,5,munse701,,,onorb901,marqa901,welkt901,cedeg901,,,levia001,rockj001,,regular,5,6,ANA,TEX,y,both,y,y,y,2002
ANA200204170,TEX,ANA,ANA01,20020417,0,,night,,,true,,162,15632,unknown,unknown,sunny,67,ltor,3,munse701,,,marqa901,welkt901,cedeg901,onorb901,,,valdi001,schos001,irabh001,regular,4,1,TEX,ANA,y,both,y,y,y,2002
OAK200204180,ANA,OAK,OAK01,20020418,0,,day,,,true,,156,9145,unknown,unknown,cloudy,57,unknown,16,,,,fichm901,shulj901,everm901,eddid901,,,hilje001,ortir002,kochb001,regular,2,4,OAK,ANA,y,both,y,y,y,2002
OAK200204190,ANA,OAK,OAK01,20020419,0,,night,,,true,,211,12468,unknown,unknown,sunny,63,tolf,16,,,,shulj901,everm901,eddid901,fichm901,,,washj001,fyhrm001,perct001,regular,9,7,ANA,OAK,y,both,y,y,y,2002
OAK200204200,ANA,OAK,OAK01,20020420,0,,day,,,true,,219,20253,unknown,unknown,cloudy,57,rtol,13,,,,everm901,eddid901,fichm901,shulj901,,,bradc001,levia001,kochb001,regular,7,8,OAK,ANA,y,both,y,y,y,2002
OAK200204210,ANA,OAK,OAK01,20020421,0,,night,,,true,,200,20088,unknown,unknown,sunny,67,torf,13,,,,eddid901,fichm901,shulj901,everm901,,,venam002,perct001,,regular,5,6,OAK,ANA,y,both,y,y,y,2002
SEA200204220,ANA,SEA,SEA03,20020422,0,,night,,,true,,179,33119,unknown,unknown,cloudy,50,ltor,17,,,,reilm901,kellj901,mealj901,coope901,,,moyej001,schos001,,regular,5,16,SEA,ANA,y,both,y,y,y,2002
SEA200204230,ANA,SEA,SEA03,20020423,0,,night,,,true,,145,32127,unknown,unknown,sunny,54,ltor,10,,,,kellj901,mealj901,coope901,reilm901,,,franr001,ortir002,sasak001,regular,0,1,SEA,ANA,y,both,y,y,y,2002
SEA200204240,ANA,SEA,SEA03,20020424,0,,night,,,true,,207,37212,dry,none,dome,72,unknown,0,,,,mealj901,coope901,reilm901,kellj901,,,washj001,abbop001,,regular,10,6,ANA,SEA,y,both,y,y,y,2002
ANA200204260,TOR,ANA,ANA01,20020426,0,,night,,,true,,193,25296,unknown,unknown,cloudy,60,tolf,5,munse701,,,wendh902,dimum901,monte901,laynj901,,,appik001,smitm005,perct001,regular,0,4,ANA,TOR,y,both,y,y,y,2002
ANA200204270,TOR,ANA,ANA01,20020427,0,,night,,,true,,198,29112,unknown,unknown,cloudy,62,ltor,5,munse701,,,dimum901,monte901,laynj901,wendh902,,,selea001,borbp001,,regular,4,11,ANA,TOR,y,both,y,y,y,2002
ANA200204280,TOR,ANA,ANA01,20020428,0,,day,,,true,,306,25073,unknown,unknown,sunny,69,tolf,7,munse701,,,monte901,laynj901,wendh902,dimum901,,,lukam001,borbp001,,regular,5,8,ANA,TOR,y,both,y,y,y,2002
CLE200204300,ANA,CLE,CLE08,20020430,0,,night,,,true,,196,24286,unknown,unknown,cloudy,58,torf,13,,,,fleta901,brinj901,cousd901,fostm901,,,ortir002,sabac001,,regular,21,2,ANA,CLE,y,both,y,y,y,2002
CLE200205010,ANA,CLE,CLE08,20020501,0,,night,,,true,,172,23536,unknown,unknown,cloudy,64,ltor,9,,,,brinj901,cousd901,fostm901,fleta901,,,washj001,dresr001,,regular,7,2,ANA,CLE,y,both,y,y,y,2002
CLE200205020,ANA,CLE,CLE08,20020502,0,,night,,,true,,214,26068,unknown,unknown,cloudy,52,torf,13,,,,cousd901,fostm901,fleta901,brinj901,,,appik001,finlc001,,regular,8,0,ANA,CLE,y,both,y,y,y,2002
TOR200205030,ANA,TOR,TOR02,20020503,0,,night,,,true,,189,13183,dry,none,dome,72,unknown,0,,,,froeb901,rapue901,poncl901,randt901,,,selea001,lyonb003,perct001,regular,6,4,ANA,TOR,y,both,y,y,y,2002
TOR200205040,ANA,TOR,TOR02,20020504,0,,day,,,true,,164,20558,unknown,unknown,sunny,50,ltor,9,,,,rapue901,poncl901,randt901,froeb901,,,millj002,schos001,escok001,regular,1,4,TOR,ANA,y,both,y,y,y,2002
TOR200205050,ANA,TOR,TOR02,20020505,0,,day,,,true,,158,24046,unknown,unknown,sunny,60,fromrf,10,,,,poncl901,randt901,froeb901,rapue901,,,ortir002,prokl001,,regular,8,2,ANA,TOR,y,both,y,y,y,2002
ANA200205070,DET,ANA,ANA01,20020507,0,,night,,,true,,163,15315,unknown,unknown,sunny,63,ltor,5,munse701,,,kulpr901,scotd901,joycj901,nelsj901,,,greis001,webeb001,acevj001,regular,3,0,DET,ANA,y,both,y,y,y,2002
ANA200205080,DET,ANA,ANA01,20020508,0,,night,,,true,,168,14722,unknown,unknown,cloudy,62,ltor,4,munse701,,,scotd901,joycj901,nelsj901,kulpr901,,,perct001,rodnf001,,regular,2,3,ANA,DET,y,both,y,y,y,2002
ANA200205090,DET,ANA,ANA01,20020509,0,,night,,,true,,162,15003,unknown,unknown,sunny,63,ltor,5,munse701,,,joycj901,nelsj901,kulpr901,scotd901,,,selea001,redmm002,perct001,regular,6,7,ANA,DET,y,both,y,y,y,2002
ANA200205100,CHA,ANA,ANA01,20020510,0,,night,,,true,,168,36715,unknown,unknown,sunny,66,ltor,3,munse701,,,barrm901,gormb901,cuzzp901,crawj901,,,schos001,wrigd001,,regular,0,19,ANA,CHA,y,both,y,y,y,2002
ANA200205110,CHA,ANA,ANA01,20020511,0,,night,,,true,,169,40535,unknown,unknown,sunny,66,ltor,4,munse701,,,gormb901,cuzzp901,crawj901,barrm901,,,ortir002,garlj001,perct001,regular,3,6,ANA,CHA,y,both,y,y,y,2002
ANA200205120,CHA,ANA,ANA01,20020512,0,,day,,,true,,206,19251,unknown,unknown,sunny,85,ltor,4,munse701,,,cuzzp901,crawj901,barrm901,gormb901,,,perct001,foulk001,,regular,4,5,ANA,CHA,y,both,y,y,y,2002
DET200205140,ANA,DET,DET05,20020514,0,,night,,,true,,174,12745,unknown,unknown,overcast,58,tolf,2,,,,herna901,diazl901,marsr901,vanol901,,,appik001,cornn001,,regular,9,2,ANA,DET,y,both,y,y,y,2002
DET200205150,ANA,DET,DET05,20020515,0,,night,,,true,,175,12314,unknown,unknown,sunny,66,fromlf,12,,,,diazl901,marsr901,vanol901,herna901,,,selea001,redmm002,,regular,10,1,ANA,DET,y,both,y,y,y,2002
CHA200205170,ANA,CHA,CHI12,20020517,0,,night,,,true,,176,12736,unknown,unknown,overcast,42,ltor,18,,,,fichm901,guccc901,shulj901,eddid901,,,schos001,garlj001,levia001,regular,8,4,ANA,CHA,y,both,y,y,y,2002
CHA200205180,ANA,CHA,CHI12,20020518,0,,night,,,true,,188,21122,unknown,unknown,sunny,49,ltor,12,,,,guccc901,shulj901,eddid901,fichm901,,,glovg001,ortir002,,regular,4,10,CHA,ANA,y,both,y,y,y,2002
CHA200205190,ANA,CHA,CHI12,20020519,0,,day,,,true,,133,19869,unknown,unknown,sunny,50,ltor,16,,,,shulj901,eddid901,fichm901,guccc901,,,washj001,buehm001,,regular,6,1,ANA,CHA,y,both,y,y,y,2002
ANA200205200,KCA,ANA,ANA01,20020520,0,,night,,,true,,172,14035,unknown,unknown,cloudy,66,rtol,7,munse701,,,gibsg901,wolfj901,wintm901,iassd901,,,appik001,steib002,perct001,regular,3,6,ANA,KCA,y,both,y,y,y,2002
ANA200205210,KCA,ANA,ANA01,20020521,0,,night,,,true,,183,15593,unknown,unknown,sunny,68,tocf,3,munse701,,,wolfj901,wintm901,iassd901,gibsg901,,,cookd001,reicd001,,regular,1,5,ANA,KCA,y,both,y,y,y,2002
ANA200205220,KCA,ANA,ANA01,20020522,0,,night,,,true,,161,16163,unknown,unknown,sunny,68,ltor,4,munse701,,,wintm901,iassd901,gibsg901,wolfj901,,,webeb001,may-d002,perct001,regular,6,7,ANA,KCA,y,both,y,y,y,2002
ANA200205240,MIN,ANA,ANA01,20020524,0,,night,,,true,,131,27494,unknown,unknown,cloudy,65,ltor,6,munse701,,,fleta901,brinj901,cousd901,fostm901,,,reedr002,ortir002,,regular,5,1,MIN,ANA,y,both,y,y,y,2002
ANA200205250,MIN,ANA,ANA01,20020525,0,,night,,,true,,214,31820,unknown,unknown,cloudy,64,ltor,4,munse701,,,brinj901,cousd901,fostm901,fleta901,,,levia001,cresj001,,regular,3,4,ANA,MIN,y,both,y,y,y,2002
ANA200205260,MIN,ANA,ANA01,20020526,0,,day,,,true,,206,22854,unknown,unknown,cloudy,72,tolf,4,munse701,,,cousd901,fostm901,fleta901,brinj901,,,milte001,appik001,guare001,regular,5,2,MIN,ANA,y,both,y,y,y,2002
KCA200205280,ANA,KCA,KAN06,20020528,0,,night,,,true,,153,11773,unknown,unknown,cloudy,80,rtol,8,,,,culbf901,younl901,millb901,hohnb901,,,byrdp001,selea001,hernr001,regular,4,7,KCA,ANA,y,both,y,y,y,2002
KCA200205290,ANA,KCA,KAN06,20020529,0,,night,,,true,,163,13662,unknown,unknown,sunny,82,rtol,8,,,,younl901,millb901,hohnb901,culbf901,,,ortir002,affej001,,regular,12,2,ANA,KCA,y,both,y,y,y,2002
MIN200205300,ANA,MIN,MIN03,20020530,0,,night,,,true,,228,14521,dry,none,dome,72,unknown,0,,,,mealj901,coope901,reilm901,kellj901,,,guare001,potel001,,regular,6,7,MIN,ANA,y,both,y,y,y,2002
MIN200205310,ANA,MIN,MIN03,20020531,0,,night,,,true,,192,17101,dry,none,dome,72,unknown,0,,,,coope901,reilm901,kellj901,mealj901,,,washj001,milte001,,regular,11,3,ANA,MIN,y,both,y,y,y,2002
MIN200206010,ANA,MIN,MIN03,20020601,0,,night,,,true,,155,17480,dry,none,dome,72,unknown,0,,,,reilm901,kellj901,mealj901,coope901,,,lohsk001,appik001,guare001,regular,2,4,MIN,ANA,y,both,y,y,y,2002
MIN200206020,ANA,MIN,MIN03,20020602,0,,day,,,true,,186,18657,dry,none,dome,72,unknown,0,,,,kellj901,mealj901,coope901,reilm901,,,selea001,kinnm002,perct001,regular,5,4,ANA,MIN,y,both,y,y,y,2002
ANA200206030,TEX,ANA,ANA01,20020603,0,,night,,,true,,177,15619,unknown,unknown,sunny,62,ltor,5,munse701,,,fichm901,buckc901,hirsj901,bellw901,,,ortir002,bellr003,perct001,regular,2,5,ANA,TEX,y,both,y,y,y,2002
ANA200206040,TEX,ANA,ANA01,20020604,0,,night,,,true,,141,16810,unknown,unknown,sunny,79,rtol,3,munse701,,,buckc901,hirsj901,bellw901,fichm901,,,schos001,burbd001,perct001,regular,0,3,ANA,TEX,y,both,y,y,y,2002
ANA200206050,TEX,ANA,ANA01,20020605,0,,night,,,true,,179,15301,unknown,unknown,sunny,75,ltor,4,munse701,,,hirsj901,bellw901,fichm901,buckc901,,,levia001,irabh001,,regular,5,7,ANA,TEX,y,both,y,y,y,2002
ANA200206060,TEX,ANA,ANA01,20020606,0,,night,,,true,,216,17948,unknown,unknown,cloudy,69,tolf,2,munse701,,,bellw901,fichm901,buckc901,hirsj901,,,rogek001,appik001,telfa001,regular,9,8,TEX,ANA,y,both,y,y,y,2002
ANA200206070,CIN,ANA,ANA01,20020607,0,,night,,,true,,165,35341,unknown,unknown,cloudy,66,ltor,3,munse701,,,hirsm901,schrp901,reynj901,hollm901,,,selea001,reitc001,perct001,regular,3,4,ANA,CIN,y,both,y,y,y,2002
ANA200206080,CIN,ANA,ANA01,20020608,0,,day,,,true,,205,29881,unknown,unknown,cloudy,72,ltor,3,munse701,,,schrp901,reynj901,hollm901,hirsm901,,,whitg001,cookd001,gravd001,regular,4,3,CIN,ANA,y,both,y,y,y,2002
ANA200206090,CIN,ANA,ANA01,20020609,0,,day,,,true,,178,35501,unknown,unknown,cloudy,69,ltor,2,munse701,,,reynj901,hollm901,hirsm901,schrp901,,,schos001,hamij002,perct001,regular,4,7,ANA,CIN,y,both,y,y,y,2002
ANA200206100,PIT,ANA,ANA01,20020610,0,,night,,,true,,175,16861,unknown,unknown,sunny,70,ltor,6,munse701,,,wegnm901,barkl901,reedr901,tscht901,,,washj001,andej002,perct001,regular,3,4,ANA,PIT,y,both,y,y,y,2002
ANA200206110,PIT,ANA,ANA01,20020611,0,,night,,,true,,179,17755,unknown,unknown,sunny,69,ltor,2,munse701,,,barkl901,reedr901,tscht901,wegnm901,,,foggj001,appik001,,regular,7,3,PIT,ANA,y,both,y,y,y,2002
ANA200206120,PIT,ANA,ANA01,20020612,0,,night,,,true,,190,17096,unknown,unknown,sunny,70,rtol,3,munse701,,,reedr901,tscht901,wegnm901,barkl901,,,webeb001,boehb001,perct001,regular,5,8,ANA,PIT,y,both,y,y,y,2002
LAN200206140,ANA,LAN,LOS03,20020614,0,,night,,,false,,165,51722,unknown,unknown,sunny,66,ltor,5,,,,timmt901,emmep901,darlg901,drakr901,,,ortir002,ishik001,,regular,8,4,ANA,LAN,y,both,y,y,y,2002
LAN200206150,ANA,LAN,LOS03,20020615,0,,night,,,false,,161,52165,unknown,unknown,sunny,73,ltor,6,,,,emmep901,darlg901,drakr901,timmt901,,,pereo001,schos001,,regular,5,10,LAN,ANA,y,both,y,y,y,2002
LAN200206160,ANA,LAN,LOS03,20020616,0,,day,,,false,,179,52183,unknown,unknown,sunny,80,ltor,6,,,,darlg901,drakr901,timmt901,emmep901,,,carrg001,levia001,gagne001,regular,4,5,LAN,ANA,y,both,y,y,y,2002
SLN200206180,ANA,SLN,STL09,20020618,0,,night,,,false,,177,39386,unknown,unknown,cloudy,88,fromrf,8,,,,rapue901,poncl901,randt901,froeb901,,,kiled001,appik001,,regular,2,7,SLN,ANA,y,both,y,y,y,2002
SLN200206190,ANA,SLN,STL09,20020619,0,,night,,,false,,146,35432,unknown,unknown,sunny,92,fromrf,12,,,,poncl901,randt901,froeb901,rapue901,,,morrm001,selea001,,regular,2,6,SLN,ANA,y,both,y,y,y,2002
SLN200206200,ANA,SLN,STL09,20020620,0,,day,,,false,,191,36385,unknown,unknown,cloudy,94,rtol,5,,,,froeb901,randt901,rapue901,poncl901,,,schos001,smitb004,perct001,regular,3,2,ANA,SLN,y,both,y,y,y,2002
MIL200206210,ANA,MIL,MIL06,20020621,0,,night,,,false,,170,20289,unknown,unknown,sunny,72,tocf,3,,,,younl901,millb901,vanvm901,hohnb901,,,ortir002,quevr001,,regular,11,4,ANA,MIL,y,both,y,y,y,2002
MIL200206220,ANA,MIL,MIL06,20020622,0,,night,,,false,,207,28765,unknown,unknown,sunny,90,rtol,14,,,,millb901,vanvm901,hohnb901,younl901,,,washj001,cabrj001,,regular,8,2,ANA,MIL,y,both,y,y,y,2002
MIL200206230,ANA,MIL,MIL06,20020623,0,,day,,,false,,171,23751,unknown,unknown,cloudy,87,ltor,13,,,,vanvm901,hohnb901,lampi901,millb901,,,appik001,sheeb001,perct001,regular,5,2,ANA,MIL,y,both,y,y,y,2002
TEX200206241,ANA,TEX,ARL02,20020624,1,,night,,,true,,207,0,unknown,unknown,cloudy,89,fromcf,5,,,,mealj901,fichm901,kellj901,wolfj901,,,benoj001,selea001,,regular,5,8,TEX,ANA,y,both,y,y,y,2002
TEX200206242,ANA,TEX,ARL02,20020624,2,,night,,,true,,146,23103,unknown,unknown,overcast,84,ltor,15,,,,reilm901,kellj901,wolfj901,fichm901,,,burbd001,lackj001,irabh001,regular,2,3,TEX,ANA,y,both,y,y,y,2002
TEX200206250,ANA,TEX,ARL02,20020625,0,,night,,,true,,184,20089,unknown,unknown,cloudy,85,fromcf,5,,,,kellj901,wolfj901,mealj901,reilm901,,,valdi001,schos001,,regular,5,11,TEX,ANA,y,both,y,y,y,2002
TEX200206260,ANA,TEX,ARL02,20020626,0,,night,,,true,,219,29726,unknown,unknown,cloudy,74,fromlf,8,,,,wolfj901,mealj901,reilm901,kellj901,,,webeb001,irabh001,perct001,regular,7,6,ANA,TEX,y,both,y,y,y,2002
TEX200206270,ANA,TEX,ARL02,20020627,0,,night,,,true,,196,22077,unknown,unknown,cloudy,85,torf,2,,,,mealj901,reilm901,kellj901,wolfj901,,,washj001,bellr003,perct001,regular,6,3,ANA,TEX,y,both,y,y,y,2002
ANA200206280,LAN,ANA,ANA01,20020628,0,,night,,,true,,189,43690,unknown,unknown,cloudy,74,ltor,5,munse701,,,kulpr901,scotd901,joycj901,nelsj901,,,carrg001,shies002,gagne001,regular,7,5,LAN,ANA,y,both,y,y,y,2002
ANA200206290,LAN,ANA,ANA01,20020629,0,,night,,,true,,170,43502,unknown,unknown,sunny,71,ltor,3,munse701,,,scotd901,joycj901,nelsj901,kulpr901,,,selea001,ishik001,,regular,0,7,ANA,LAN,y,both,y,y,y,2002
ANA200206300,LAN,ANA,ANA01,20020630,0,,night,,,true,,148,43059,unknown,unknown,sunny,74,ltor,3,munse701,,,joycj901,nelsj901,kulpr901,scotd901,,,lackj001,pereo001,webeb001,regular,1,5,ANA,LAN,y,both,y,y,y,2002
ANA200207020,BAL,ANA,ANA01,20020702,0,,night,,,true,,172,18521,unknown,unknown,cloudy,74,ltor,4,munse701,,,onorb901,marqa901,welkt901,cedeg901,,,loper001,ortir002,julij001,regular,3,0,BAL,ANA,y,both,y,y,y,2002
ANA200207030,BAL,ANA,ANA01,20020703,0,,night,,,true,,150,17477,unknown,unknown,sunny,72,ltor,3,munse701,,,marqa901,welkt901,cedeg901,onorb901,,,washj001,erics001,perct001,regular,0,1,ANA,BAL,y,both,y,y,y,2002
ANA200207040,BAL,ANA,ANA01,20020704,0,,night,,,true,,212,43342,unknown,unknown,cloudy,73,ltor,5,munse701,,,welkt901,cedeg901,onorb901,marqa901,,,drist001,appik001,,regular,7,2,BAL,ANA,y,both,y,y,y,2002
ANA200207050,TBA,ANA,ANA01,20020705,0,,night,,,true,,207,23648,unknown,unknown,sunny,72,tolf,3,munse701,,,danlk901,demud901,vanvm901,hudsm901,,,shies002,yan-e001,,regular,5,6,ANA,TBA,y,both,y,y,y,2002
ANA200207060,TBA,ANA,ANA01,20020706,0,,night,,,true,,153,29513,unknown,unknown,cloudy,70,tolf,3,munse701,,,demud901,vanvm901,hudsm901,danlk901,,,schos001,coloj001,perct001,regular,3,4,ANA,TBA,y,both,y,y,y,2002
ANA200207070,TBA,ANA,ANA01,20020707,0,,night,,,true,,149,26446,unknown,unknown,cloudy,78,rtol,4,munse701,,,vanvm901,hudsm901,danlk901,demud901,,,perct001,harpt002,,regular,1,2,ANA,TBA,y,both,y,y,y,2002
KCA200207110,ANA,KCA,KAN06,20020711,0,,night,,,true,,141,13031,unknown,unknown,cloudy,83,rtol,8,,,,darlg901,timmt901,emmep901,ripps901,,,washj001,may-d002,perct001,regular,1,0,ANA,KCA,y,both,y,y,y,2002
KCA200207120,ANA,KCA,KAN06,20020712,0,,night,,,true,,178,24824,unknown,unknown,cloudy,78,fromrf,14,,,,timmt901,emmep901,ripps901,darlg901,,,appik001,suppj001,,regular,11,3,ANA,KCA,y,both,y,y,y,2002
KCA200207130,ANA,KCA,KAN06,20020713,0,,night,,,true,,140,19504,unknown,unknown,sunny,81,torf,12,,,,emmep901,ripps901,darlg901,timmt901,,,byrdp001,selea001,,regular,0,4,KCA,ANA,y,both,y,y,y,2002
KCA200207140,ANA,KCA,KAN06,20020714,0,,day,,,true,,155,12457,unknown,unknown,sunny,82,fromrf,6,,,,ripps901,darlg901,timmt901,emmep901,,,asenm001,ortir002,,regular,3,12,KCA,ANA,y,both,y,y,y,2002
MIN200207150,ANA,MIN,MIN03,20020715,0,,night,,,true,,181,19189,dry,none,dome,72,unknown,0,,,,wintm901,davig901,iassd901,gibsg901,,,hawkl001,schos001,guare001,regular,8,10,MIN,ANA,y,both,y,y,y,2002
MIN200207160,ANA,MIN,MIN03,20020716,0,,day,,,true,,177,26258,dry,none,dome,72,unknown,0,,,,davig901,iassd901,gibsg901,wintm901,,,washj001,milte001,webeb001,regular,4,2,ANA,MIN,y,both,y,y,y,2002
OAK200207170,ANA,OAK,OAK01,20020717,0,,night,,,true,,206,38547,unknown,unknown,cloudy,61,ltor,14,,,,reynj901,hirsm901,schrp901,hollm901,,,appik001,hudst001,,regular,10,4,ANA,OAK,y,both,y,y,y,2002
OAK200207180,ANA,OAK,OAK01,20020718,0,,night,,,true,,161,15733,unknown,unknown,cloudy,63,ltor,16,,,,hirsm901,schrp901,hollm901,reynj901,,,zitob001,selea001,kochb001,regular,0,2,OAK,ANA,y,both,y,y,y,2002
ANA200207190,SEA,ANA,ANA01,20020719,0,,night,,,true,,199,43407,unknown,unknown,sunny,75,ltor,3,munse701,,,froeb901,poncl901,randt901,fichm901,,,ortir002,garcf002,,regular,3,15,ANA,SEA,y,both,y,y,y,2002
ANA200207200,SEA,ANA,ANA01,20020720,0,,night,,,true,,192,43109,unknown,unknown,sunny,70,ltor,3,munse701,,,poncl901,randt901,fichm901,froeb901,,,shies002,rhoda001,webeb001,regular,6,7,ANA,SEA,y,both,y,y,y,2002
ANA200207210,SEA,ANA,ANA01,20020721,0,,night,,,true,,173,34945,unknown,unknown,sunny,74,ltor,4,munse701,,,randt901,fichm901,froeb901,poncl901,,,washj001,nelsj001,webeb001,regular,5,7,ANA,SEA,y,both,y,y,y,2002
ANA200207230,OAK,ANA,ANA01,20020723,0,,night,,,true,,180,25370,unknown,unknown,sunny,78,ltor,2,munse701,,,cousd901,craft901,fostm901,fleta901,,,zitob001,appik001,kochb001,regular,2,1,OAK,ANA,y,both,y,y,y,2002
ANA200207240,OAK,ANA,ANA01,20020724,0,,night,,,true,,155,25240,unknown,unknown,sunny,80,rtol,4,munse701,,,craft901,fostm901,fleta901,cousd901,,,selea001,hudst001,,regular,1,5,ANA,OAK,y,both,y,y,y,2002
ANA200207250,OAK,ANA,ANA01,20020725,0,,day,,,true,,198,31653,unknown,unknown,sunny,87,ltor,5,munse701,,,fostm901,fleta901,cousd901,craft901,,,shies002,mecij001,webeb001,regular,4,5,ANA,OAK,y,both,y,y,y,2002
SEA200207260,ANA,SEA,SEA03,20020726,0,,night,,,true,,168,45559,unknown,unknown,overcast,61,ltor,8,,,,welkb901,reedr901,tscht901,wegnm901,,,lackj001,baldj002,,regular,8,0,ANA,SEA,y,both,y,y,y,2002
SEA200207270,ANA,SEA,SEA03,20020727,0,,day,,,true,,139,45974,unknown,unknown,cloudy,62,ltor,8,,,,reedr901,tscht901,wegnm901,welkb901,,,pinej001,washj001,sasak001,regular,1,3,SEA,ANA,y,both,y,y,y,2002
SEA200207280,ANA,SEA,SEA03,20020728,0,,day,,,true,,150,45634,dry,none,dome,72,unknown,0,,,,tscht901,wegnm901,welkb901,reedr901,,,appik001,sasak001,perct001,regular,1,0,ANA,SEA,y,both,y,y,y,2002
ANA200207290,BOS,ANA,ANA01,20020729,0,,night,,,true,,186,27929,unknown,unknown,sunny,75,ltor,2,munse701,,,monte901,wendh902,laynj901,dimum901,,,schos001,embra001,perct001,regular,4,5,ANA,BOS,y,both,y,y,y,2002
ANA200207300,BOS,ANA,ANA01,20020730,0,,night,,,true,,134,32812,unknown,unknown,cloudy,71,ltor,4,munse701,,,wendh902,laynj901,dimum901,monte901,,,martp001,ortir002,,regular,6,0,BOS,ANA,y,both,y,y,y,2002
ANA200207310,BOS,ANA,ANA01,20020731,0,,night,,,true,,196,28227,unknown,unknown,cloudy,74,ltor,3,munse701,,,laynj901,dimum901,monte901,wendh902,,,waket001,lackj001,urbiu001,regular,2,1,BOS,ANA,y,both,y,y,y,2002
ANA200208010,NYA,ANA,ANA01,20020801,0,,night,,,true,,168,42897,unknown,unknown,sunny,72,ltor,4,munse701,,,hirsj901,bellw901,buckc901,carlm901,,,washj001,weavj002,perct001,regular,1,2,ANA,NYA,y,both,y,y,y,2002
ANA200208020,NYA,ANA,ANA01,20020802,0,,night,,,true,,171,43668,unknown,unknown,sunny,73,rtol,1,munse701,,,bellw901,buckc901,carlm901,hirsj901,,,petta001,appik001,mendr001,regular,4,0,NYA,ANA,y,both,y,y,y,2002
ANA200208030,NYA,ANA,ANA01,20020803,0,,night,,,true,,169,43619,unknown,unknown,sunny,72,rtol,3,munse701,,,buckc901,carlm901,hirsj901,bellw901,,,perct001,mendr001,,regular,4,5,ANA,NYA,y,both,y,y,y,2002
ANA200208040,NYA,ANA,ANA01,20020804,0,,day,,,true,,287,43455,unknown,unknown,sunny,84,rtol,4,munse701,,,carlm901,hirsj901,bellw901,buckc901,,,stanm003,shies002,mendr001,regular,7,5,NYA,ANA,y,both,y,y,y,2002
DET200208050,ANA,DET,DET05,20020805,0,,night,,,true,,192,18546,unknown,unknown,cloudy,75,ltor,12,,,,millb901,culbf901,hohnb901,nelsj901,,,lackj001,poweb001,perct001,regular,6,3,ANA,DET,y,both,y,y,y,2002
CHA200208060,ANA,CHA,CHI12,20020806,0,,night,,,true,,185,17706,unknown,unknown,sunny,72,ltor,17,,,,hudsm901,kellk901,demud901,danlk901,,,washj001,wrigd001,levia001,regular,11,2,ANA,CHA,y,both,y,y,y,2002
CHA200208070,ANA,CHA,CHI12,20020807,0,,night,,,true,,213,14253,unknown,unknown,sunny,72,torf,17,,,,kellk901,demud901,danlk901,hudsm901,,,osuna002,donnb001,,regular,6,7,CHA,ANA,y,both,y,y,y,2002
CHA200208080,ANA,CHA,CHI12,20020808,0,,night,,,true,,164,18165,unknown,unknown,sunny,75,ltor,14,,,,demud901,danlk901,hudsm901,kellk901,,,parqj001,selea001,martd004,regular,2,3,CHA,ANA,y,both,y,y,y,2002
TOR200208090,ANA,TOR,TOR02,20020809,0,,night,,,true,,182,18728,unknown,unknown,sunny,78,torf,10,,,,eddid901,westj901,everm901,guccc901,,,walkp001,ortir002,escok001,regular,4,5,TOR,ANA,y,both,y,y,y,2002
TOR200208100,ANA,TOR,TOR02,20020810,0,,day,,,true,,167,25118,unknown,unknown,sunny,82,rtol,5,,,,westj901,everm901,guccc901,eddid901,,,lackj001,parrs001,,regular,11,4,ANA,TOR,y,both,y,y,y,2002
TOR200208110,ANA,TOR,TOR02,20020811,0,,day,,,true,,126,34013,unknown,unknown,sunny,84,torf,10,,,,everm901,guccc901,eddid901,westj901,,,washj001,hallr001,perct001,regular,1,0,ANA,TOR,y,both,y,y,y,2002
ANA200208120,DET,ANA,ANA01,20020812,0,,night,,,true,,172,19709,unknown,unknown,sunny,80,rtol,3,munse701,,,hollm901,emmep901,drakr901,darlg901,,,appik001,redmm002,,regular,0,7,ANA,DET,y,both,y,y,y,2002
ANA200208130,DET,ANA,ANA01,20020813,0,,night,,,true,,246,19694,unknown,unknown,sunny,74,ltor,3,munse701,,,emmep901,drakr901,darlg901,hollm901,,,levia001,berna001,,regular,6,7,ANA,DET,y,both,y,y,y,2002
ANA200208140,DET,ANA,ANA01,20020814,0,,night,,,true,,173,23391,unknown,unknown,overcast,70,ltor,4,munse701,,,drakr901,darlg901,hollm901,emmep901,,,ortir002,marom001,perct001,regular,4,5,ANA,DET,y,both,y,y,y,2002
ANA200208160,CLE,ANA,ANA01,20020816,0,,night,,,true,,174,41356,unknown,unknown,sunny,70,tolf,3,munse701,,,mealj901,coope901,guccc901,reilm901,,,lackj001,dresr001,perct001,regular,4,5,ANA,CLE,y,both,y,y,y,2002
ANA200208170,CLE,ANA,ANA01,20020817,0,,night,,,true,,171,39866,unknown,unknown,cloudy,69,rtol,5,munse701,,,coope901,guccc901,reilm901,mealj901,,,sadlc001,washj001,,regular,9,4,CLE,ANA,y,both,y,y,y,2002
ANA200208180,CLE,ANA,ANA01,20020818,0,,night,,,true,,146,41059,unknown,unknown,overcast,70,ltor,5,munse701,,,guccc901,reilm901,mealj901,coope901,,,appik001,sabac001,perct001,regular,1,4,ANA,CLE,y,both,y,y,y,2002
NYA200208200,ANA,NYA,NYC16,20020820,0,,night,,,true,,179,41619,unknown,unknown,sunny,81,fromlf,8,,,,rungb901,mcclt901,meric901,barrt901,,,petta001,selea001,stanm003,regular,5,7,NYA,ANA,y,both,y,y,y,2002
NYA200208210,ANA,NYA,NYC16,20020821,0,,day,,,true,,248,46423,unknown,unknown,sunny,79,rtol,8,,,,mcclt901,meric901,barrt901,rungb901,,,webeb001,weavj002,,regular,5,1,ANA,NYA,y,both,y,y,y,2002
NYA200208220,ANA,NYA,NYC16,20020822,0,,night,,,true,,159,43222,unknown,unknown,cloudy,79,rtol,17,,,,meric901,barrt901,rungb901,mcclt901,,,welld001,lackj001,karss001,regular,2,4,NYA,ANA,y,both,y,y,y,2002
BOS200208230,ANA,BOS,BOS07,20020823,0,,night,,,true,,160,33221,unknown,unknown,sunny,68,rtol,11,,,,schrp901,wolfj901,reynj901,timmt901,,,martp001,washj001,urbiu001,regular,1,4,BOS,ANA,y,both,y,y,y,2002
BOS200208240,ANA,BOS,BOS07,20020824,0,,day,,,true,,180,32510,unknown,unknown,overcast,68,ltor,1,,,,wolfj901,reynj901,timmt901,schrp901,,,appik001,waket001,perct001,regular,2,0,ANA,BOS,y,both,y,y,y,2002
BOS200208250,ANA,BOS,BOS07,20020825,0,,day,,,true,,183,32059,unknown,unknown,sunny,75,ltor,8,,,,reynj901,timmt901,schrp901,wolfj901,,,schos001,lowed001,,regular,8,3,ANA,BOS,y,both,y,y,y,2002
BOS200208260,ANA,BOS,BOS07,20020826,0,,night,,,true,,241,32869,unknown,unknown,cloudy,83,rtol,12,,,,timmt901,schrp901,reynj901,hirsm901,,,urbiu001,shies002,,regular,9,10,BOS,ANA,y,both,y,y,y,2002
ANA200208270,TBA,ANA,ANA01,20020827,0,,night,,,true,,174,19869,unknown,unknown,sunny,71,ltor,4,munse701,,,rapue901,randt901,timmt901,froeb901,,,lackj001,zambv001,webeb001,regular,3,7,ANA,TBA,y,both,y,y,y,2002
ANA200208280,TBA,ANA,ANA01,20020828,0,,night,,,true,,207,17740,unknown,unknown,sunny,70,rtol,5,munse701,,,randt901,timmt901,froeb901,rapue901,,,yan-e001,levia001,,regular,8,5,TBA,ANA,y,both,y,y,y,2002
ANA200208290,TBA,ANA,ANA01,20020829,0,,night,,,true,,158,18820,unknown,unknown,cloudy,69,ltor,3,munse701,,,timmt901,froeb901,rapue901,randt901,,,appik001,sturt001,,regular,1,6,ANA,TBA,y,both,y,y,y,2002
ANA200208300,BAL,ANA,ANA01,20020830,0,,night,,,true,,179,29959,unknown,unknown,sunny,74,ltor,4,munse701,,,hohnb901,younl901,millb901,culbf901,,,callm001,johnj007,schos001,regular,2,6,ANA,BAL,y,both,y,y,y,2002
ANA200208310,BAL,ANA,ANA01,20020831,0,,night,,,true,,153,38563,unknown,unknown,overcast,74,ltor,6,munse701,,,younl901,millb901,culbf901,hohnb901,,,ortir002,erics001,,regular,0,9,ANA,BAL,y,both,y,y,y,2002
ANA200209010,BAL,ANA,ANA01,20020901,0,,night,,,true,,180,24592,unknown,unknown,cloudy,97,ltor,2,munse701,,,millb901,culbf901,hohnb901,younl901,,,lackj001,loper001,perct001,regular,3,9,ANA,BAL,y,both,y,y,y,2002
TBA200209030,ANA,TBA,STP01,20020903,0,,night,,,true,,173,10146,dry,none,dome,72,tolf,0,,,,diazl901,wolfj901,marsr901,holbs901,,,washj001,sosaj002,,regular,10,2,ANA,TBA,y,both,y,y,y,2002
TBA200209040,ANA,TBA,STP01,20020904,0,,night,,,true,,145,10161,dry,none,dome,72,fromlf,0,,,,wolfj901,marsr901,holbs901,diazl901,,,appik001,sturt001,perct001,regular,4,2,ANA,TBA,y,both,y,y,y,2002
TBA200209050,ANA,TBA,STP01,20020905,0,,night,,,true,,151,10135,dry,none,dome,72,ltor,0,,,,marsr901,holbs901,diazl901,wolfj901,,,ortir002,kennj001,,regular,10,1,ANA,TBA,y,both,y,y,y,2002
BAL200209060,ANA,BAL,BAL12,20020906,0,,night,,,true,,197,24045,unknown,unknown,sunny,82,ltor,8,,,,cedeg901,onorb901,marqa901,welkt901,,,lackj001,dougs001,perct001,regular,6,3,ANA,BAL,y,both,y,y,y,2002
BAL200209070,ANA,BAL,BAL12,20020907,0,,night,,,true,,194,30714,unknown,unknown,sunny,84,ltor,8,,,,onorb901,marqa901,welkt901,cedeg901,,,webeb001,julij001,perct001,regular,4,2,ANA,BAL,y,both,y,y,y,2002
BAL200209080,ANA,BAL,BAL12,20020908,0,,day,,,true,,177,27665,unknown,unknown,sunny,84,ltor,5,,,,marqa901,welkt901,cedeg901,onorb901,,,washj001,hentp001,webeb001,regular,6,2,ANA,BAL,y,both,y,y,y,2002
ANA200209090,OAK,ANA,ANA01,20020909,0,,night,,,true,,168,28145,unknown,unknown,sunny,77,rtol,2,munse701,,,welkb901,reedr901,tscht901,wegnm901,,,hudst001,appik001,kochb001,regular,2,1,OAK,ANA,y,both,y,y,y,2002
ANA200209100,OAK,ANA,ANA01,20020910,0,,night,,,true,,209,35323,unknown,unknown,sunny,72,ltor,1,munse701,,,reedr901,tscht901,wegnm901,welkb901,,,ortir002,lillt001,perct001,regular,2,5,ANA,OAK,y,both,y,y,y,2002
ANA200209110,OAK,ANA,ANA01,20020911,0,,night,,,true,,207,34302,unknown,unknown,sunny,71,ltor,3,munse701,,,tscht901,wegnm901,welkb901,reedr901,,,shies002,tam-j001,perct001,regular,5,6,ANA,OAK,y,both,y,y,y,2002
ANA200209120,OAK,ANA,ANA01,20020912,0,,night,,,true,,199,31304,unknown,unknown,sunny,73,ltor,5,munse701,,,wegnm901,welkb901,reedr901,tscht901,,,donnb001,kochb001,,regular,6,7,ANA,OAK,y,both,y,y,y,2002
ANA200209130,TEX,ANA,ANA01,20020913,0,,night,,,true,,194,35345,unknown,unknown,sunny,69,ltor,3,munse701,,,mealj901,coope901,reilm901,kellj901,,,washj001,benoj001,perct001,regular,2,3,ANA,TEX,y,both,y,y,y,2002
ANA200209140,TEX,ANA,ANA01,20020914,0,,day,,,true,,211,39909,unknown,unknown,sunny,84,ltor,3,munse701,,,coope901,reilm901,kellj901,mealj901,,,shies002,vanpt001,perct001,regular,6,8,ANA,TEX,y,both,y,y,y,2002
ANA200209150,TEX,ANA,ANA01,20020915,0,,night,,,true,,172,33445,unknown,unknown,sunny,78,ltor,3,munse701,,,reilm901,kellj901,mealj901,coope901,,,ortir002,rogek001,,regular,4,13,ANA,TEX,y,both,y,y,y,2002
OAK200209160,ANA,OAK,OAK01,20020916,0,,night,,,true,,177,22326,unknown,unknown,sunny,68,unknown,14,,,,schrp901,reynj901,timmt901,drakr901,,,kochb001,levia001,,regular,3,4,OAK,ANA,y,both,y,y,y,2002
OAK200209170,ANA,OAK,OAK01,20020917,0,,night,,,true,,152,25894,unknown,unknown,sunny,71,torf,18,,,,reynj901,timmt901,hirsm901,schrp901,,,webeb001,kochb001,perct001,regular,1,0,ANA,OAK,y,both,y,y,y,2002
OAK200209180,ANA,OAK,OAK01,20020918,0,,night,,,true,,182,50730,unknown,unknown,sunny,79,ltor,8,,,,timmt901,drakr901,schrp901,reynj901,,,zitob001,callm001,kochb001,regular,4,7,OAK,ANA,y,both,y,y,y,2002
OAK200209190,ANA,OAK,OAK01,20020919,0,,day,,,true,,177,27435,unknown,unknown,sunny,76,torf,6,,,,drakr901,schrp901,reynj901,timmt901,,,hudst001,appik001,kochb001,regular,3,5,OAK,ANA,y,both,y,y,y,2002
SEA200209200,ANA,SEA,SEA03,20020920,0,,night,,,true,,159,45663,unknown,unknown,sunny,66,ltor,7,,,,eddid901,guccc901,westj901,everm901,,,ortir002,pinej001,,regular,8,1,ANA,SEA,y,both,y,y,y,2002
SEA200209210,ANA,SEA,SEA03,20020921,0,,day,,,true,,204,45784,unknown,unknown,sunny,64,ltor,10,,,,guccc901,westj901,everm901,eddid901,,,garcf002,lackj001,sasak001,regular,4,6,SEA,ANA,y,both,y,y,y,2002
SEA200209220,ANA,SEA,SEA03,20020922,0,,day,,,true,,175,45693,unknown,unknown,sunny,70,ltor,6,,,,westj901,everm901,eddid901,guccc901,,,franr001,washj001,nelsj001,regular,2,3,SEA,ANA,y,both,y,y,y,2002
TEX200209240,ANA,TEX,ARL02,20020924,0,,night,,,true,,180,21869,unknown,unknown,cloudy,77,torf,11,,,,cuzzp901,froeb901,crawj901,gormb901,,,benoj001,appik001,cordf002,regular,1,2,TEX,ANA,y,both,y,y,y,2002
TEX200209250,ANA,TEX,ARL02,20020925,0,,night,,,true,,182,20976,unknown,unknown,sunny,81,ltor,12,,,,froeb901,crawj901,gormb901,cuzzp901,,,seanr001,schos001,cordf002,regular,3,4,TEX,ANA,y,both,y,y,y,2002
TEX200209260,ANA,TEX,ARL02,20020926,0,,day,,,true,,188,21774,unknown,unknown,sunny,81,ltor,12,,,,crawj901,gormb901,cuzzp901,froeb901,,,lackj001,lewic001,,regular,10,5,ANA,TEX,y,both,y,y,y,2002
ANA200209270,SEA,ANA,ANA01,20020927,0,,night,,,true,,250,43452,unknown,unknown,cloudy,68,tolf,5,munse701,,,vanol901,diazl901,herna901,marsr901,,,halaj001,potel001,,regular,7,6,SEA,ANA,y,both,y,y,y,2002
ANA200209280,SEA,ANA,ANA01,20020928,0,,day,,,true,,161,43202,unknown,unknown,overcast,65,tocf,1,munse701,,,diazl901,herna901,marsr901,vanol901,,,callm001,franr001,,regular,4,8,ANA,SEA,y,both,y,y,y,2002
ANA200209290,SEA,ANA,ANA01,20020929,0,,day,,,true,,151,42878,unknown,unknown,cloudy,70,ltor,5,munse701,,,herna901,marsr901,vanol901,diazl901,,,lukam001,valdi001,donnb001,regular,6,7,ANA,SEA,y,both,y,y,y,2002
NYA200210010,ANA,NYA,NYC16,20021001,0,8:00PM,night,,,true,,207,56710,unknown,unknown,cloudy,77,ltor,8,,,,crawj901,eddid901,joycj901,wintm901,mcclt901,culbf901,karss001,webeb001,rivem002,divisionseries,5,8,NYA,ANA,y,both,y,y,y,2002
NYA200210020,ANA,NYA,NYC16,20021002,0,8:22PM,night,,,true,,251,56695,unknown,unknown,cloudy,83,torf,10,,,,eddid901,joycj901,wintm901,mcclt901,culbf901,crawj901,rodrf003,herno001,perct001,divisionseries,8,6,ANA,NYA,y,both,y,y,y,2002
ANA200210040,NYA,ANA,ANA01,20021004,0,5:30PM,night,,,true,,232,45072,unknown,unknown,sunny,78,ltor,5,,,,marqa901,cousd901,westj901,diazl901,davig901,meric901,rodrf003,stanm003,perct001,divisionseries,6,9,ANA,NYA,y,both,y,y,y,2002
ANA200210050,NYA,ANA,ANA01,20021005,0,1:00PM,day,,,true,,217,45067,unknown,unknown,sunny,81,ltor,3,,,,cousd901,westj901,diazl901,davig901,meric901,marqa901,washj001,welld001,,divisionseries,5,9,ANA,NYA,y,both,y,y,y,2002
MIN200210080,ANA,MIN,MIN03,20021008,0,8:20PM,night,,,true,,178,55562,dry,none,dome,72,unknown,0,,,,monte901,everm901,gormb901,younl901,demud901,rapue901,maysj001,appik001,guare001,lcs,1,2,MIN,ANA,y,both,y,y,y,2002
MIN200210090,ANA,MIN,MIN03,20021009,0,7:20PM,night,,,true,,193,55990,dry,none,dome,72,unknown,0,,,,everm901,gormb901,younl901,demud901,rapue901,monte901,ortir002,reedr002,perct001,lcs,6,3,ANA,MIN,y,both,y,y,y,2002
ANA200210110,MIN,ANA,ANA01,20021011,0,5:20PM,night,,,true,,193,44234,unknown,unknown,cloudy,68,ltor,2,,,,gormb901,younl901,demud901,rapue901,monte901,everm901,rodrf003,romej001,perct001,lcs,1,2,ANA,MIN,y,both,y,y,y,2002
ANA200210120,MIN,ANA,ANA01,20021012,0,5:15PM,night,,,true,,169,44830,unknown,unknown,overcast,67,ltor,5,,,,younl901,demud901,rapue901,monte901,everm901,gormb901,lackj001,radkb001,,lcs,1,7,ANA,MIN,y,both,y,y,y,2002
ANA200210130,MIN,ANA,ANA01,20021013,0,1:20PM,day,,,true,,210,44835,unknown,unknown,cloudy,72,ltor,3,,,,demud901,rapue901,monte901,everm901,gormb901,younl901,rodrf003,santj003,,lcs,5,13,ANA,MIN,y,both,y,y,y,2002
ANA200210190,SFN,ANA,ANA01,20021019,0,5:07PM,night,,,true,,224,44603,unknown,unknown,cloudy,71,ltor,4,,,,crawj901,herna901,tscht901,wintm901,reilm901,mcclt901,schmj001,washj001,nen-r001,worldseries,4,3,SFN,ANA,y,both,y,y,y,2002
ANA200210200,SFN,ANA,ANA01,20021020,0,5:06PM,night,,,true,,237,44584,dry,none,night,72,ltor,5,,,,herna901,tscht901,wintm901,reilm901,mcclt901,crawj901,rodrf003,rodrf002,perct001,worldseries,10,11,ANA,SFN,y,both,y,y,y,2002
SFN200210220,ANA,SFN,SFO03,20021022,0,5:34PM,night,,,false,,217,42707,unknown,unknown,cloudy,57,torf,14,,,,tscht901,wintm901,reilm901,mcclt901,crawj901,herna901,ortir002,hernl003,,worldseries,10,4,ANA,SFN,y,both,y,y,y,2002
SFN200210230,ANA,SFN,SFO03,20021023,0,5:43PM,night,,,false,,182,42703,unknown,unknown,overcast,56,tocf,12,,,,wintm901,reilm901,mcclt901,crawj901,herna901,tscht901,worrt002,rodrf003,nen-r001,worldseries,3,4,SFN,ANA,y,both,y,y,y,2002
SFN200210240,ANA,SFN,SFO03,20021024,0,5:26PM,night,,,false,,233,42713,unknown,unknown,overcast,58,torf,15,,,,reilm901,mcclt901,crawj901,herna901,tscht901,wintm901,zerbc001,washj001,,worldseries,4,16,SFN,ANA,y,both,y,y,y,2002
ANA200210260,SFN,ANA,ANA01,20021026,0,5:02PM,night,,,true,,228,44506,unknown,unknown,cloudy,66,ltor,5,,,,mcclt901,crawj901,herna901,tscht901,wintm901,reilm901,donnb001,worrt002,perct001,worldseries,5,6,ANA,SFN,y,both,y,y,y,2002
ANA200210270,SFN,ANA,ANA01,20021027,0,5:02PM,night,,,true,,196,44598,unknown,unknown,sunny,63,rtol,5,,,,crawj901,herna901,tscht901,wintm901,reilm901,mcclt901,lackj001,hernl003,perct001,worldseries,1,4,ANA,SFN,y,both,y,y,y,2002
ANA200303300,TEX,ANA,ANA01,20030330,0,5:05PM,night,,,true,,174,43525,unknown,unknown,sunny,85,tocf,12,munse701,,,froeb901,wintm901,eddid901,kulpr901,,,valdi001,lackj001,urbiu001,regular,6,3,TEX,ANA,y,both,y,y,y,2003
ANA200304010,TEX,ANA,ANA01,20030401,0,7:05PM,night,,,true,,168,43267,unknown,unknown,cloudy,62,unknown,8,munse701,,,wintm901,eddid901,kulpr901,froeb901,,,callm001,parkc002,,regular,0,10,ANA,TEX,y,both,y,y,y,2003
ANA200304020,TEX,ANA,ANA01,20030402,0,1:05PM,day,,,true,,178,25821,unknown,unknown,sunny,64,tocf,12,munse701,,,eddid901,kulpr901,froeb901,wintm901,,,ortir002,thomj005,,regular,5,11,ANA,TEX,y,both,y,y,y,2003
OAK200304040,ANA,OAK,OAK01,20030404,0,7:05PM,night,,,true,,185,18138,unknown,unknown,cloudy,53,torf,23,,,,marqa901,tscht901,nelsj901,hollm901,,,lillt001,appik001,bradc001,regular,3,7,OAK,ANA,y,both,y,y,y,2003
OAK200304050,ANA,OAK,OAK01,20030405,0,1:05PM,day,,,true,,153,23436,unknown,unknown,sunny,55,torf,7,,,,tscht901,nelsj901,hollm901,marqa901,,,halaj001,washj001,foulk001,regular,2,4,OAK,ANA,y,both,y,y,y,2003
OAK200304060,ANA,OAK,OAK01,20030406,0,5:05PM,night,,,true,,200,30140,unknown,unknown,cloudy,60,torf,18,,,,nelsj901,hollm901,marqa901,tscht901,,,bradc001,rodrf003,foulk001,regular,6,7,OAK,ANA,y,both,y,y,y,2003
SEA200304080,ANA,SEA,SEA03,20030408,0,2:05PM,day,,,true,,161,45931,unknown,unknown,overcast,64,tolf,13,,,,hirsm901,craft901,culbf901,fostm901,,,moyej001,ortir002,,regular,0,5,SEA,ANA,y,both,y,y,y,2003
SEA200304090,ANA,SEA,SEA03,20030409,0,7:05PM,night,,,true,,167,35492,unknown,unknown,overcast,56,tolf,3,,,,craft901,culbf901,fostm901,hirsm901,,,appik001,pinej001,,regular,5,1,ANA,SEA,y,both,y,y,y,2003
SEA200304100,ANA,SEA,SEA03,20030410,0,7:05PM,night,,,true,,140,32746,unknown,unknown,cloudy,61,tolf,7,,,,culbf901,fostm901,hirsm901,craft901,,,washj001,franr001,perct001,regular,3,0,ANA,SEA,y,both,y,y,y,2003
ANA200304110,OAK,ANA,ANA01,20030411,0,7:05PM,night,,,true,,177,43707,unknown,unknown,cloudy,62,tocf,3,munse701,,,diazl901,reynj901,joycj901,scotd901,,,lackj001,hudst001,rodrf003,regular,5,9,ANA,OAK,y,both,y,y,y,2003
ANA200304120,OAK,ANA,ANA01,20030412,0,7:05PM,night,,,true,,179,43449,unknown,unknown,cloudy,63,tolf,8,munse701,,,reynj901,joycj901,scotd901,diazl901,,,webeb001,halaj001,,regular,4,9,ANA,OAK,y,both,y,y,y,2003
ANA200304130,OAK,ANA,ANA01,20030413,0,1:05PM,day,,,true,,155,38149,unknown,unknown,cloudy,69,rtol,14,munse701,,,joycj901,scotd901,diazl901,reynj901,,,ortir002,zitob001,shies002,regular,2,8,ANA,OAK,y,both,y,y,y,2003
TEX200304140,ANA,TEX,ARL02,20030414,0,7:05PM,night,,,true,,159,24296,unknown,unknown,sunny,77,fromrf,18,,,,iassd901,demud901,hudsm901,gibsg901,,,valdi001,appik001,,regular,0,4,TEX,ANA,y,both,y,y,y,2003
TEX200304150,ANA,TEX,ARL02,20030415,0,7:05PM,night,,,true,,159,18152,unknown,unknown,overcast,72,fromrf,30,,,,demud901,hudsm901,gibsg901,iassd901,,,lewic001,washj001,urbiu001,regular,4,5,TEX,ANA,y,both,y,y,y,2003
TEX200304160,ANA,TEX,ARL02,20030416,0,7:05PM,night,,,true,,184,19014,unknown,unknown,sunny,82,tocf,22,,,,hudsm901,gibsg901,laynj901,demud901,,,rodrf003,cordf002,perct001,regular,9,8,ANA,TEX,y,both,y,y,y,2003
TEX200304170,ANA,TEX,ARL02,20030417,0,1:05PM,day,,,true,,201,18492,unknown,unknown,sunny,72,tocf,5,,,,gibsg901,laynj901,demud901,hudsm901,,,dresr001,callm001,urbiu001,regular,7,9,TEX,ANA,y,both,y,y,y,2003
ANA200304180,SEA,ANA,ANA01,20030418,0,7:05PM,night,,,true,,181,34658,unknown,unknown,sunny,62,torf,8,munse701,,,vanol901,guccc901,mealj901,ripps901,,,moyej001,ortir002,,regular,8,2,SEA,ANA,y,both,y,y,y,2003
ANA200304190,SEA,ANA,ANA01,20030419,0,7:05PM,night,,,true,,194,43536,unknown,unknown,sunny,65,tocf,5,munse701,,,guccc901,mealj901,ripps901,vanol901,,,rodrf003,sasak001,,regular,6,7,ANA,SEA,y,both,y,y,y,2003
ANA200304200,SEA,ANA,ANA01,20030420,0,1:05PM,day,,,true,,210,28942,unknown,unknown,cloudy,74,tolf,3,munse701,,,mealj901,ripps901,vanol901,guccc901,,,hases001,perct001,sasak001,regular,7,6,SEA,ANA,y,both,y,y,y,2003
ANA200304220,NYA,ANA,ANA01,20030422,0,7:05PM,night,,,true,,208,38343,unknown,unknown,cloudy,59,tolf,8,munse701,,,randt901,mcclt901,barrt901,buckc901,,,weavj002,lackj001,,regular,8,3,NYA,ANA,y,both,y,y,y,2003
ANA200304230,NYA,ANA,ANA01,20030423,0,7:05PM,night,,,true,,183,38340,unknown,unknown,sunny,60,tocf,8,munse701,,,mcclt901,barrt901,buckc901,randt901,,,clemr001,callm001,,regular,9,2,NYA,ANA,y,both,y,y,y,2003
ANA200304240,NYA,ANA,ANA01,20030424,0,7:05PM,night,,,true,,178,39169,unknown,unknown,sunny,62,tocf,8,munse701,,,barrt901,buckc901,randt901,mcclt901,,,ortir002,petta001,,regular,2,6,ANA,NYA,y,both,y,y,y,2003
ANA200304250,BOS,ANA,ANA01,20030425,0,7:05PM,night,,,true,,168,37203,unknown,unknown,cloudy,63,tolf,6,munse701,,,westj901,kellj901,millb901,emmep901,,,fossc001,washj001,fox-c001,regular,5,2,BOS,ANA,y,both,y,y,y,2003
ANA200304260,BOS,ANA,ANA01,20030426,0,7:05PM,night,,,true,,137,43514,unknown,unknown,sunny,63,tocf,6,munse701,,,kellj901,millb901,emmep901,westj901,,,shies002,burkj001,perct001,regular,1,3,ANA,BOS,y,both,y,y,y,2003
ANA200304270,BOS,ANA,ANA01,20030427,0,5:05PM,night,,,true,,241,43690,unknown,unknown,sunny,66,tolf,6,munse701,,,millb901,emmep901,westj901,kellj901,,,mendr001,callm001,shiej001,regular,6,4,BOS,ANA,y,both,y,y,y,2003
CLE200304290,ANA,CLE,CLE08,20030429,0,7:05PM,night,,,true,,145,16667,unknown,unknown,cloudy,55,fromlf,3,,,,brinj901,cousd901,dimum901,fleta901,,,ortir002,rodrr005,,regular,10,1,ANA,CLE,y,both,y,y,y,2003
CLE200304300,ANA,CLE,CLE08,20030430,0,7:05PM,night,,,true,,134,15761,unknown,unknown,cloudy,68,unknown,7,,,,cousd901,dimum901,fleta901,brinj901,,,washj001,andeb002,,regular,6,2,ANA,CLE,y,both,y,y,y,2003
TOR200305020,ANA,TOR,TOR02,20030502,0,7:05PM,night,,,true,,127,17799,dry,none,dome,72,tolf,0,,,,everm901,wendh902,younl901,wolfj901,,,lidlc001,lackj001,,regular,1,3,TOR,ANA,y,both,y,y,y,2003
TOR200305030,ANA,TOR,TOR02,20030503,0,1:05PM,day,,,true,,157,21007,dry,none,dome,72,ltor,0,,,,wendh902,younl901,wolfj901,everm901,,,david002,shies002,,regular,1,7,TOR,ANA,y,both,y,y,y,2003
TOR200305040,ANA,TOR,TOR02,20030504,0,1:05PM,day,,,true,,176,21513,dry,none,dome,72,ltor,0,,,,younl901,wolfj901,everm901,wendh902,,,hendm001,ortir002,escok001,regular,2,8,TOR,ANA,y,both,y,y,y,2003
ANA200305060,CLE,ANA,ANA01,20030506,0,7:05PM,night,,,true,,121,25043,unknown,unknown,sunny,61,tocf,9,munse701,,,rapue901,carlm901,nauep901,davig901,,,washj001,rodrr005,,regular,1,6,ANA,CLE,y,both,y,y,y,2003
ANA200305070,CLE,ANA,ANA01,20030507,0,7:05PM,night,,,true,,165,24063,unknown,unknown,cloudy,61,rtol,8,munse701,,,carlm901,nauep901,davig901,rapue901,,,shies002,elded001,perct001,regular,5,6,ANA,CLE,y,both,y,y,y,2003
ANA200305080,CLE,ANA,ANA01,20030508,0,7:05PM,night,,,true,,162,27957,unknown,unknown,cloudy,63,tolf,5,munse701,,,nauep901,davig901,rapue901,carlm901,,,appik001,davij005,,regular,1,7,ANA,CLE,y,both,y,y,y,2003
ANA200305090,TOR,ANA,ANA01,20030509,0,7:05PM,night,,,true,,152,42820,unknown,unknown,sunny,63,rtol,5,munse701,,,hohnb901,coope901,timmt901,reilm901,,,selea001,david002,,regular,1,6,ANA,TOR,y,both,y,y,y,2003
ANA200305100,TOR,ANA,ANA01,20030510,0,7:05PM,night,,,true,,154,43661,unknown,unknown,sunny,68,unknown,6,munse701,,,coope901,timmt901,reilm901,hohnb901,,,hendm001,ortir002,,regular,7,4,TOR,ANA,y,both,y,y,y,2003
ANA200305110,TOR,ANA,ANA01,20030511,0,1:05PM,day,,,true,,150,32129,unknown,unknown,sunny,75,rtol,6,munse701,,,timmt901,reilm901,hohnb901,coope901,,,hallr001,washj001,polic001,regular,4,2,TOR,ANA,y,both,y,y,y,2003
NYA200305130,ANA,NYA,NYC16,20030513,0,7:05PM,night,,,true,,201,37750,unknown,unknown,cloudy,57,unknown,18,,,,marsr901,herna901,schrp901,holbs901,,,lackj001,mussm001,,regular,10,3,ANA,NYA,y,both,y,y,y,2003
NYA200305140,ANA,NYA,NYC16,20030514,0,7:05PM,night,,,true,,188,33647,unknown,unknown,cloudy,62,fromlf,12,,,,herna901,marsr901,holbs901,schrp901,,,rodrf003,welld001,perct001,regular,5,3,ANA,NYA,y,both,y,y,y,2003
NYA200305150,ANA,NYA,NYC16,20030515,0,7:05PM,night,,,true,,193,29670,unknown,unknown,cloudy,61,rtol,12,,,,marsr901,holbs901,schrp901,herna901,,,weavj002,selea001,,regular,4,10,NYA,ANA,y,both,y,y,y,2003
BOS200305160,ANA,BOS,BOS07,20030516,0,7:05PM,night,,,true,,187,33170,unknown,unknown,cloudy,45,tolf,14,,,,hirsj901,danlk901,bellw901,welkb901,,,rodrf003,embra001,perct001,regular,6,5,ANA,BOS,y,both,y,y,y,2003
BOS200305170,ANA,BOS,BOS07,20030517,0,1:20PM,day,,,true,,174,33327,unknown,unknown,sunny,49,rtol,17,,,,hirsj901,bellw901,welkb901,danlk901,,,washj001,timlm001,perct001,regular,6,2,ANA,BOS,y,both,y,y,y,2003
BOS200305180,ANA,BOS,BOS07,20030518,0,2:05PM,day,,,true,,163,33347,unknown,unknown,sunny,58,tolf,9,,,,bellw901,welkb901,danlk901,hirsj901,,,burkj001,lackj001,persr001,regular,3,5,BOS,ANA,y,both,y,y,y,2003
ANA200305200,BAL,ANA,ANA01,20030520,0,7:05PM,night,,,true,,197,24657,unknown,unknown,sunny,81,tocf,4,munse701,,,onorb901,poncl901,cuzzp901,crawj901,,,schos001,julij001,,regular,6,7,ANA,BAL,y,both,y,y,y,2003
ANA200305210,BAL,ANA,ANA01,20030521,0,7:05PM,night,,,true,,166,24000,unknown,unknown,sunny,80,tocf,5,munse701,,,poncl901,cuzzp901,crawj901,onorb901,,,ponss001,selea001,julij001,regular,7,6,BAL,ANA,y,both,y,y,y,2003
ANA200305220,BAL,ANA,ANA01,20030522,0,7:05PM,night,,,true,,186,28958,unknown,unknown,sunny,63,tocf,5,munse701,,,cuzzp901,crawj901,onorb901,poncl901,,,robew001,perct001,julij001,regular,7,4,BAL,ANA,y,both,y,y,y,2003
ANA200305230,TBA,ANA,ANA01,20030523,0,7:05PM,night,,,true,,166,37902,unknown,unknown,cloudy,62,tolf,7,munse701,,,gibsg901,laynj901,demud901,hudsm901,,,gonzj003,washj001,cartl002,regular,3,1,TBA,ANA,y,both,y,y,y,2003
ANA200305240,TBA,ANA,ANA01,20030524,0,1:05PM,day,,,true,,167,41414,unknown,unknown,overcast,61,rtol,6,munse701,,,laynj901,demud901,hudsm901,gibsg901,,,lackj001,kennj001,,regular,2,7,ANA,TBA,y,both,y,y,y,2003
ANA200305250,TBA,ANA,ANA01,20030525,0,1:05PM,day,,,true,,162,34777,unknown,unknown,overcast,68,unknown,14,munse701,,,demud901,hudsm901,gibsg901,laynj901,,,appik001,brazd001,,regular,1,6,ANA,TBA,y,both,y,y,y,2003
BAL200305270,ANA,BAL,BAL12,20030527,0,7:05PM,night,,,true,,165,20100,unknown,unknown,cloudy,68,tocf,2,,,,barkl901,mcclt901,buckc901,barrt901,,,ponss001,selea001,,regular,4,12,BAL,ANA,y,both,y,y,y,2003
BAL200305280,ANA,BAL,BAL12,20030528,0,7:05PM,night,,,true,,187,20366,unknown,unknown,cloudy,67,ltor,13,,,,mcclt901,buckc901,barrt901,barkl901,,,johnj007,ortir002,,regular,2,6,BAL,ANA,y,both,y,y,y,2003
TBA200305290,ANA,TBA,STP01,20030529,0,7:15PM,night,,,true,,172,8876,dry,none,dome,72,ltor,0,,,,relic901,fichm901,fostm901,culbf901,,,washj001,zambv001,donnb001,regular,2,1,ANA,TBA,y,both,y,y,y,2003
TBA200305300,ANA,TBA,STP01,20030530,0,7:15PM,night,,,true,,171,9574,dry,none,dome,72,fromcf,0,,,,fichm901,fostm901,culbf901,relic901,,,brazd001,lackj001,cartl002,regular,6,8,TBA,ANA,y,both,y,y,y,2003
TBA200305310,ANA,TBA,STP01,20030531,0,6:15PM,night,,,true,,156,14546,dry,none,dome,72,rtol,0,,,,fostm901,culbf901,relic901,fichm901,,,appik001,kennj001,,regular,6,1,ANA,TBA,y,both,y,y,y,2003
TBA200306010,ANA,TBA,STP01,20030601,0,1:15PM,day,,,true,,175,15313,dry,none,dome,72,tocf,0,,,,culbf901,relic901,fichm901,fostm901,,,selea001,reyec001,,regular,9,4,ANA,TBA,y,both,y,y,y,2003
MON200306030,ANA,MON,SJU01,20030603,0,6:05PM,night,,,false,,177,10034,unknown,unknown,sunny,83,unknown,13,,,,marsr901,holbs901,schrp901,herna901,,,ortir002,ohkat001,,regular,15,4,ANA,MON,y,both,y,y,y,2003
MON200306040,ANA,MON,SJU01,20030604,0,6:05PM,night,,,false,,177,10501,unknown,unknown,sunny,83,unknown,10,,,,holbs901,schrp901,herna901,marsr901,,,washj001,kim-s001,,regular,11,2,ANA,MON,y,both,y,y,y,2003
MON200306050,ANA,MON,SJU01,20030605,0,6:05PM,night,,,false,,305,10598,unknown,unknown,cloudy,81,fromlf,17,,,,schrp901,herna901,marsr901,holbs901,,,eiscj001,callm001,,regular,7,8,MON,ANA,y,both,y,y,y,2003
FLO200306060,ANA,FLO,MIA01,20030606,0,7:35PM,night,,,false,,145,13188,unknown,unknown,overcast,85,fromlf,10,,,,welkt901,meric901,cedeg901,wegnm901,,,pavac001,appik001,loopb001,regular,1,4,FLO,ANA,y,both,y,y,y,2003
FLO200306070,ANA,FLO,MIA01,20030607,0,6:05PM,night,,,false,,158,23483,unknown,unknown,cloudy,85,rtol,12,,,,meric901,cedeg901,wegnm901,welkt901,,,selea001,phelt002,,regular,9,2,ANA,FLO,y,both,y,y,y,2003
FLO200306080,ANA,FLO,MIA01,20030608,0,1:35PM,day,,,false,,162,12620,unknown,unknown,cloudy,91,tolf,7,,,,cedeg901,wegnm901,welkt901,meric901,,,ortir002,pennb002,perct001,regular,8,5,ANA,FLO,y,both,y,y,y,2003
ANA200306090,PHI,ANA,ANA01,20030609,0,7:05PM,night,,,true,,151,25902,unknown,unknown,cloudy,64,tocf,7,munse701,,,everm901,wendh902,younl901,wolfj901,,,padiv001,washj001,mesaj001,regular,3,0,PHI,ANA,y,both,y,y,y,2003
ANA200306100,PHI,ANA,ANA01,20030610,0,7:05PM,night,,,true,,153,34037,unknown,unknown,cloudy,66,tocf,8,munse701,,,wendh902,younl901,wolfj901,everm901,,,lackj001,duckb001,perct001,regular,1,2,ANA,PHI,y,both,y,y,y,2003
ANA200306110,PHI,ANA,ANA01,20030611,0,7:05PM,night,,,true,,182,31130,unknown,unknown,cloudy,68,tocf,8,munse701,,,younl901,wolfj901,everm901,wendh902,,,webeb001,myerb001,perct001,regular,3,5,ANA,PHI,y,both,y,y,y,2003
ANA200306130,NYN,ANA,ANA01,20030613,0,7:05PM,night,,,true,,170,38294,unknown,unknown,sunny,71,tolf,7,munse701,,,danlk901,bellw901,drakr901,welkb901,,,bacsm001,selea001,,regular,7,3,NYN,ANA,y,both,y,y,y,2003
ANA200306140,NYN,ANA,ANA01,20030614,0,7:05PM,night,,,true,,149,43449,unknown,unknown,sunny,76,tocf,7,munse701,,,bellw901,drakr901,welkb901,danlk901,,,ortir002,roacj001,,regular,3,13,ANA,NYN,y,both,y,y,y,2003
ANA200306150,NYN,ANA,ANA01,20030615,0,1:05PM,day,,,true,,158,43721,unknown,unknown,sunny,78,rtol,7,munse701,,,drakr901,welkb901,danlk901,bellw901,,,tracs001,washj001,,regular,8,0,NYN,ANA,y,both,y,y,y,2003
SEA200306160,ANA,SEA,SEA03,20030616,0,7:05PM,night,,,true,,148,41599,unknown,unknown,sunny,77,ltor,10,,,,monte901,gormb901,drecb901,rungb901,,,pinej001,lackj001,rhoda001,regular,3,6,SEA,ANA,y,both,y,y,y,2003
SEA200306170,ANA,SEA,SEA03,20030617,0,7:05PM,night,,,true,,150,39054,unknown,unknown,cloudy,84,unknown,8,,,,gormb901,drecb901,rungb901,monte901,,,franr001,appik001,,regular,4,8,SEA,ANA,y,both,y,y,y,2003
SEA200306180,ANA,SEA,SEA03,20030618,0,7:05PM,night,,,true,,171,43473,dry,none,dome,72,unknown,0,,,,drecb901,rungb901,monte901,gormb901,,,garcf002,selea001,rhoda001,regular,0,2,SEA,ANA,y,both,y,y,y,2003
SEA200306190,ANA,SEA,SEA03,20030619,0,1:35PM,day,,,true,,156,45758,unknown,unknown,cloudy,60,unknown,0,,,,rungb901,monte901,gormb901,drecb901,,,ortir002,moyej001,perct001,regular,2,0,ANA,SEA,y,both,y,y,y,2003
LAN200306200,ANA,LAN,LOS03,20030620,0,7:10PM,night,,,false,,152,54573,unknown,unknown,overcast,65,tocf,3,,,,onorb901,poncl901,cuzzp901,crawj901,,,nomoh001,washj001,gagne001,regular,2,5,LAN,ANA,y,both,y,y,y,2003
LAN200306210,ANA,LAN,LOS03,20030621,0,1:10PM,day,,,false,,151,51874,unknown,drizzle,cloudy,67,tocf,4,,,,poncl901,cuzzp901,crawj901,onorb901,,,ashba002,lackj001,gagne001,regular,2,4,LAN,ANA,y,both,y,y,y,2003
LAN200306220,ANA,LAN,LOS03,20030622,0,1:10PM,day,,,false,,190,54631,unknown,unknown,overcast,65,tolf,6,,,,cuzzp901,crawj901,onorb901,poncl901,,,appik001,browk001,perct001,regular,6,3,ANA,LAN,y,both,y,y,y,2003
ANA200306240,SEA,ANA,ANA01,20030624,0,7:05PM,night,,,true,,166,39121,unknown,unknown,cloudy,69,tocf,7,munse701,,,eddid901,kulpr901,wintm901,froeb901,,,garcf002,selea001,nelsj001,regular,6,4,SEA,ANA,y,both,y,y,y,2003
ANA200306250,SEA,ANA,ANA01,20030625,0,7:05PM,night,,,true,,180,40651,unknown,unknown,sunny,75,unknown,7,munse701,,,kulpr901,wintm901,froeb901,eddid901,,,ortir002,moyej001,perct001,regular,3,6,ANA,SEA,y,both,y,y,y,2003
ANA200306260,SEA,ANA,ANA01,20030626,0,7:05PM,night,,,true,,177,32889,unknown,unknown,sunny,80,tocf,6,munse701,,,wintm901,froeb901,eddid901,kulpr901,,,mechg001,washj001,hases001,regular,10,6,SEA,ANA,y,both,y,y,y,2003
ANA200306270,LAN,ANA,ANA01,20030627,0,7:05PM,night,,,true,,137,43700,unknown,unknown,sunny,75,tocf,7,munse701,,,diazl901,joycj901,reynj901,scotd901,,,lackj001,browk001,perct001,regular,0,3,ANA,LAN,y,both,y,y,y,2003
ANA200306280,LAN,ANA,ANA01,20030628,0,7:05PM,night,,,true,,156,43726,unknown,unknown,sunny,71,rtol,7,munse701,,,joycj901,reynj901,scotd901,diazl901,,,appik001,ishik001,perct001,regular,1,3,ANA,LAN,y,both,y,y,y,2003
ANA200306290,LAN,ANA,ANA01,20030629,0,1:05PM,day,,,true,,157,43766,unknown,unknown,sunny,77,tocf,7,munse701,,,reynj901,scotd901,diazl901,joycj901,,,selea001,pereo001,perct001,regular,1,3,ANA,LAN,y,both,y,y,y,2003
ANA200306300,TEX,ANA,ANA01,20030630,0,7:05PM,night,,,true,,185,28328,unknown,unknown,sunny,81,tocf,6,munse701,,,wegnm901,welkt901,meric901,cedeg901,,,thomj005,ortir002,urbiu001,regular,6,3,TEX,ANA,y,both,y,y,y,2003
ANA200307010,TEX,ANA,ANA01,20030701,0,7:05PM,night,,,true,,136,26715,unknown,unknown,sunny,75,tocf,6,munse701,,,welkt901,meric901,cedeg901,wegnm901,,,washj001,valdi001,perct001,regular,5,7,ANA,TEX,y,both,y,y,y,2003
ANA200307020,TEX,ANA,ANA01,20030702,0,7:05PM,night,,,true,,146,33114,unknown,unknown,sunny,77,tocf,8,munse701,,,meric901,cedeg901,wegnm901,welkt901,,,lackj001,benoj001,,regular,0,5,ANA,TEX,y,both,y,y,y,2003
ANA200307030,TEX,ANA,ANA01,20030703,0,7:05PM,night,,,true,,186,42579,unknown,unknown,sunny,82,tocf,7,munse701,,,cedeg901,wegnm901,welkt901,meric901,,,mount001,appik001,urbiu001,regular,6,5,TEX,ANA,y,both,y,y,y,2003
OAK200307040,ANA,OAK,OAK01,20030704,0,5:05PM,night,,,true,,130,33134,unknown,unknown,sunny,67,unknown,18,,,,fostm901,culbf901,craft901,relic901,,,selea001,muldm001,perct001,regular,1,0,ANA,OAK,y,both,y,y,y,2003
OAK200307050,ANA,OAK,OAK01,20030705,0,6:05PM,night,,,true,,163,55601,unknown,unknown,sunny,62,unknown,18,,,,culbf901,craft901,relic901,fostm901,,,ortir002,haraa001,perct001,regular,6,3,ANA,OAK,y,both,y,y,y,2003
OAK200307060,ANA,OAK,OAK01,20030706,0,1:05PM,day,,,true,,188,25084,unknown,unknown,overcast,58,tolf,12,,,,craft901,relic901,fostm901,culbf901,,,foulk001,schos001,,regular,5,6,OAK,ANA,y,both,y,y,y,2003
ANA200307080,KCA,ANA,ANA01,20030708,0,7:05PM,night,,,true,,135,34283,unknown,unknown,sunny,74,tocf,6,munse701,,,barkl901,carlm901,davig901,aschd901,,,may-d002,lackj001,,regular,4,0,KCA,ANA,y,both,y,y,y,2003
ANA200307090,KCA,ANA,ANA01,20030709,0,7:05PM,night,,,true,,167,34196,unknown,unknown,sunny,74,tocf,6,munse701,,,carlm901,davig901,aschd901,barkl901,,,rodrf003,affej001,perct001,regular,3,5,ANA,KCA,y,both,y,y,y,2003
ANA200307100,KCA,ANA,ANA01,20030710,0,1:05PM,day,,,true,,164,38836,unknown,unknown,sunny,78,tocf,7,munse701,,,davig901,aschd901,barkl901,carlm901,,,selea001,georc002,,regular,1,7,ANA,KCA,y,both,y,y,y,2003
ANA200307110,MIN,ANA,ANA01,20030711,0,7:05PM,night,,,true,,142,43442,unknown,unknown,sunny,73,tocf,8,munse701,,,herna901,holbs901,schrp901,marsr901,,,ortir002,santj003,donnb001,regular,0,5,ANA,MIN,y,both,y,y,y,2003
ANA200307120,MIN,ANA,ANA01,20030712,0,1:05PM,day,,,true,,166,43174,unknown,unknown,sunny,84,unknown,6,munse701,,,holbs901,schrp901,marsr901,samuj901,,,washj001,radkb001,,regular,1,6,ANA,MIN,y,both,y,y,y,2003
ANA200307130,MIN,ANA,ANA01,20030713,0,1:05PM,day,,,true,,173,38835,unknown,unknown,sunny,86,rtol,7,munse701,,,schrp901,marsr901,samuj901,holbs901,,,lackj001,lohsk001,,regular,3,8,ANA,MIN,y,both,y,y,y,2003
BAL200307170,ANA,BAL,BAL12,20030717,0,7:05PM,night,,,true,,154,32554,unknown,unknown,sunny,84,ltor,7,,,,demud901,hudsm901,gibsg901,laynj901,,,loper001,ortir002,julij001,regular,1,2,BAL,ANA,y,both,y,y,y,2003
BAL200307180,ANA,BAL,BAL12,20030718,0,7:05PM,night,,,true,,162,33612,unknown,unknown,overcast,78,ltor,6,,,,hudsm901,gibsg901,laynj901,demud901,,,ligtk001,rodrf003,julij001,regular,5,6,BAL,ANA,y,both,y,y,y,2003
BAL200307190,ANA,BAL,BAL12,20030719,0,7:05PM,night,,,true,,158,37507,unknown,unknown,sunny,88,ltor,4,,,,gibsg901,laynj901,demud901,hudsm901,,,ponss001,appik001,carrh001,regular,4,8,BAL,ANA,y,both,y,y,y,2003
BAL200307200,ANA,BAL,BAL12,20030720,0,1:35PM,day,,,true,,182,40046,unknown,unknown,cloudy,90,rtol,6,,,,laynj901,demud901,hudsm901,gibsg901,,,johnj007,lackj001,julij001,regular,6,7,BAL,ANA,y,both,y,y,y,2003
TBA200307210,ANA,TBA,STP01,20030721,0,7:15PM,night,,,true,,147,9673,dry,none,dome,72,tolf,0,,,,timmt901,coope901,reilm901,hohnb901,,,bellr003,selea001,harpt002,regular,2,3,TBA,ANA,y,both,y,y,y,2003
TBA200307220,ANA,TBA,STP01,20030722,0,12:15PM,day,,,true,,160,21241,dry,none,dome,72,unknown,0,,,,coope901,reilm901,hohnb901,timmt901,,,ortir002,kennj001,perct001,regular,3,1,ANA,TBA,y,both,y,y,y,2003
TEX200307230,ANA,TEX,ARL02,20030723,0,7:05PM,night,,,true,,177,24093,unknown,unknown,sunny,89,unknown,4,,,,millb901,kellj901,westj901,aschd901,,,ramie001,washj001,cordf002,regular,9,12,TEX,ANA,y,both,y,y,y,2003
TEX200307240,ANA,TEX,ARL02,20030724,0,7:05PM,night,,,true,,198,28478,unknown,unknown,cloudy,93,fromcf,15,,,,kellj901,westj901,aschd901,millb901,,,appik001,benoj001,perct001,regular,10,6,ANA,TEX,y,both,y,y,y,2003
ANA200307250,OAK,ANA,ANA01,20030725,0,7:05PM,night,,,true,,170,43797,unknown,unknown,sunny,76,tolf,8,munse701,,,craft901,relic901,klemj901,culbf901,,,lillt001,donnb001,foulk001,regular,3,2,OAK,ANA,y,both,y,y,y,2003
ANA200307260,OAK,ANA,ANA01,20030726,0,1:05PM,day,,,true,,175,43279,unknown,unknown,sunny,81,rtol,7,munse701,,,relic901,klemj901,culbf901,craft901,,,hardr001,selea001,,regular,8,1,OAK,ANA,y,both,y,y,y,2003
ANA200307270,OAK,ANA,ANA01,20030727,0,1:05PM,day,,,true,,156,40342,unknown,unknown,sunny,85,unknown,8,munse701,,,klemj901,culbf901,craft901,relic901,,,hudst001,ortir002,,regular,10,1,OAK,ANA,y,both,y,y,y,2003
ANA200307280,OAK,ANA,ANA01,20030728,0,7:05PM,night,,,true,,162,38402,unknown,unknown,sunny,76,tocf,6,munse701,,,culbf901,craft901,relic901,klemj901,,,donnb001,rincr001,perct001,regular,1,2,ANA,OAK,y,both,y,y,y,2003
ANA200307290,NYA,ANA,ANA01,20030729,0,7:05PM,night,,,true,,179,43817,unknown,unknown,cloudy,80,unknown,6,munse701,,,bellw901,welkb901,hollm901,fichm901,,,petta001,appik001,,regular,6,2,NYA,ANA,y,both,y,y,y,2003
ANA200307300,NYA,ANA,ANA01,20030730,0,7:05PM,night,,,true,,162,43856,unknown,unknown,cloudy,73,unknown,7,munse701,,,welkb901,hollm901,fichm901,bellw901,,,clemr001,lackj001,,regular,8,0,NYA,ANA,y,both,y,y,y,2003
ANA200307310,NYA,ANA,ANA01,20030731,0,7:05PM,night,,,true,,219,43871,unknown,unknown,sunny,81,unknown,8,munse701,,,hollm901,fichm901,bellw901,welkb901,,,benia001,perct001,rivem002,regular,2,1,NYA,ANA,y,both,y,y,y,2003
ANA200308010,TOR,ANA,ANA01,20030801,0,7:05PM,night,,,true,,145,42635,unknown,unknown,sunny,78,tocf,7,munse701,,,nelsj901,tscht901,marqa901,kellk901,,,ortir002,hallr001,,regular,0,5,ANA,TOR,y,both,y,y,y,2003
ANA200308020,TOR,ANA,ANA01,20030802,0,7:05PM,night,,,true,,183,43087,unknown,unknown,sunny,75,unknown,8,munse701,,,tscht901,marqa901,kellk901,nelsj901,,,thurc001,washj001,,regular,6,1,TOR,ANA,y,both,y,y,y,2003
ANA200308030,TOR,ANA,ANA01,20030803,0,1:05PM,day,,,true,,166,42198,unknown,unknown,sunny,80,tolf,6,munse701,,,marqa901,kellk901,nelsj901,tscht901,,,escok001,shies002,polic001,regular,4,0,TOR,ANA,y,both,y,y,y,2003
BOS200308050,ANA,BOS,BOS07,20030805,0,7:05PM,night,,,true,,196,34678,unknown,unknown,cloudy,78,tolf,13,,,,joycj901,scotd901,reynj901,diazl901,,,timlm001,donnb001,kim-b001,regular,9,10,BOS,ANA,y,both,y,y,y,2003
BOS200308060,ANA,BOS,BOS07,20030806,0,7:05PM,night,,,true,,176,35040,unknown,unknown,sunny,83,tolf,16,,,,scotd901,reynj901,diazl901,joycj901,,,martp001,selea001,,regular,2,4,BOS,ANA,y,both,y,y,y,2003
BOS200308070,ANA,BOS,BOS07,20030807,0,7:05PM,night,,,true,,174,34570,unknown,unknown,cloudy,72,fromcf,8,,,,reynj901,diazl901,joycj901,scotd901,,,burkj001,ortir002,,regular,3,9,BOS,ANA,y,both,y,y,y,2003
CLE200308080,ANA,CLE,CLE08,20030808,0,7:05PM,night,,,true,,148,26175,unknown,unknown,cloudy,75,fromcf,6,,,,wolfj901,everm901,wendh902,younl901,,,washj001,davij005,,regular,5,2,ANA,CLE,y,both,y,y,y,2003
CLE200308091,ANA,CLE,CLE08,20030809,1,1:10PM,day,,,true,,210,26391,unknown,unknown,cloudy,76,ltor,8,,,,everm901,nelss901,younl901,wolfj901,,,cresj001,webeb001,,regular,2,3,CLE,ANA,y,both,y,y,y,2003
CLE200308092,ANA,CLE,CLE08,20030809,2,5:30PM,night,,,true,,143,20116,unknown,unknown,cloudy,77,fromcf,9,,,,wendh902,younl901,wolfj901,nelss901,,,boydj001,shies002,baezd001,regular,2,3,CLE,ANA,y,both,y,y,y,2003
CLE200308100,ANA,CLE,CLE08,20030810,0,1:05PM,day,,,true,,150,23576,unknown,unknown,cloudy,73,ltor,5,,,,younl901,wolfj901,everm901,wendh902,,,sabac001,lackj001,betar001,regular,1,3,CLE,ANA,y,both,y,y,y,2003
ANA200308110,CHA,ANA,ANA01,20030811,0,7:05PM,night,,,true,,193,35889,unknown,unknown,overcast,84,rtol,7,munse701,,,darlg901,ripps901,mealj901,vanol901,,,webeb001,colob001,,regular,8,10,ANA,CHA,y,both,y,y,y,2003
ANA200308120,CHA,ANA,ANA01,20030812,0,7:05PM,night,,,true,,197,36458,unknown,unknown,overcast,88,unknown,6,munse701,,,ripps901,mealj901,vanol901,darlg901,,,wrigd001,ortir002,,regular,10,4,CHA,ANA,y,both,y,y,y,2003
ANA200308130,CHA,ANA,ANA01,20030813,0,7:05PM,night,,,true,,147,37563,unknown,unknown,sunny,85,unknown,7,munse701,,,mealj901,vanol901,darlg901,ripps901,,,rodrf003,buehm001,perct001,regular,1,2,ANA,CHA,y,both,y,y,y,2003
ANA200308140,CHA,ANA,ANA01,20030814,0,7:05PM,night,,,true,,166,35056,unknown,unknown,cloudy,82,tocf,6,munse701,,,vanol901,darlg901,ripps901,mealj901,,,shies002,garlj001,perct001,regular,1,5,ANA,CHA,y,both,y,y,y,2003
ANA200308150,DET,ANA,ANA01,20030815,0,7:05PM,night,,,true,,136,43174,unknown,unknown,sunny,81,tocf,7,munse701,,,dimum901,cousd901,fleta901,brinj901,,,lackj001,cornn001,perct001,regular,1,3,ANA,DET,y,both,y,y,y,2003
ANA200308160,DET,ANA,ANA01,20030816,0,7:05PM,night,,,true,,180,42337,unknown,unknown,sunny,88,unknown,7,munse701,,,cousd901,fleta901,brinj901,dimum901,,,glovg001,ledew001,,regular,7,11,ANA,DET,y,both,y,y,y,2003
ANA200308170,DET,ANA,ANA01,20030817,0,1:05PM,day,,,true,,186,40745,unknown,unknown,sunny,88,tolf,8,munse701,,,fleta901,brinj901,dimum901,cousd901,,,ortir002,bondj001,,regular,6,11,ANA,DET,y,both,y,y,y,2003
CHA200308180,ANA,CHA,CHI12,20030818,0,7:05PM,night,,,true,,127,32381,unknown,unknown,sunny,81,fromcf,9,,,,coope901,guccc901,timmt901,reilm901,,,gordt001,washj001,,regular,2,4,CHA,ANA,y,both,y,y,y,2003
CHA200308190,ANA,CHA,CHI12,20030819,0,7:05PM,night,,,true,,151,22396,unknown,unknown,sunny,81,unknown,9,,,,guccc901,timmt901,reilm901,coope901,,,garlj001,shies002,gordt001,regular,2,5,CHA,ANA,y,both,y,y,y,2003
CHA200308200,ANA,CHA,CHI12,20030820,0,7:05PM,night,,,true,,169,17879,unknown,unknown,sunny,87,tolf,13,,,,timmt901,reilm901,coope901,guccc901,,,loaie001,lackj001,martd004,regular,3,5,CHA,ANA,y,both,y,y,y,2003
DET200308210,ANA,DET,DET05,20030821,0,7:05PM,night,,,true,,174,12236,unknown,unknown,cloudy,91,ltor,16,,,,davig901,nauep901,drakr901,nelss901,,,selea001,ronem001,,regular,10,7,ANA,DET,y,both,y,y,y,2003
DET200308220,ANA,DET,DET05,20030822,0,7:05PM,night,,,true,,163,21955,unknown,unknown,sunny,81,tocf,8,,,,nauep901,drakr901,nelss901,davig901,,,ortir002,bondj001,perct001,regular,6,5,ANA,DET,y,both,y,y,y,2003
DET200308230,ANA,DET,DET05,20030823,0,1:20PM,day,,,true,,220,26463,unknown,unknown,sunny,74,tocf,9,,,,drakr901,nelss901,davig901,nauep901,,,donnb001,spurc001,,regular,14,8,ANA,DET,y,both,y,y,y,2003
DET200308240,ANA,DET,DET05,20030824,0,1:05PM,day,,,true,,195,17382,unknown,unknown,cloudy,73,tolf,5,,,,nelss901,davig901,nauep901,drakr901,,,walkj001,perct001,,regular,9,10,DET,ANA,y,both,y,y,y,2003
ANA200308260,MIN,ANA,ANA01,20030826,0,7:05PM,night,,,true,,132,35415,unknown,unknown,cloudy,79,tocf,6,munse701,,,kellj901,westj901,millb901,emmep901,,,radkb001,lackj001,,regular,3,0,MIN,ANA,y,both,y,y,y,2003
ANA200308270,MIN,ANA,ANA01,20030827,0,7:05PM,night,,,true,,151,36323,unknown,unknown,sunny,77,tocf,7,munse701,,,westj901,millb901,emmep901,kellj901,,,webeb001,rincj001,perct001,regular,4,5,ANA,MIN,y,both,y,y,y,2003
ANA200308280,MIN,ANA,ANA01,20030828,0,1:05PM,day,,,true,,160,33760,unknown,unknown,sunny,82,tocf,8,munse701,,,millb901,emmep901,kellj901,westj901,,,lohsk001,ortir002,,regular,6,1,MIN,ANA,y,both,y,y,y,2003
KCA200308290,ANA,KCA,KAN06,20030829,0,7:05PM,night,,,true,,172,23836,unknown,unknown,overcast,82,unknown,0,,,,marsr901,schrp901,kellk901,holbs901,,,washj001,gobbj001,,regular,10,3,ANA,KCA,y,both,y,y,y,2003
KCA200308310,ANA,KCA,KAN06,20030831,0,1:05PM,day,,,true,,178,21324,unknown,rain,cloudy,64,rtol,4,,,,schrp901,spagd901,holbs901,marsr901,,,shies002,andeb002,perct001,regular,7,4,ANA,KCA,y,both,y,y,y,2003
MIN200309010,ANA,MIN,MIN03,20030901,0,1:05PM,day,,,true,,165,22208,dry,none,dome,72,rtol,0,,,,cuzzp901,poncl901,crawj901,onorb901,,,lackj001,rogek001,,regular,10,2,ANA,MIN,y,both,y,y,y,2003
MIN200309020,ANA,MIN,MIN03,20030902,0,7:05PM,night,,,true,,155,13307,dry,none,dome,72,tocf,0,,,,poncl901,crawj901,onorb901,cuzzp901,,,lohsk001,selea001,,regular,6,12,MIN,ANA,y,both,y,y,y,2003
MIN200309030,ANA,MIN,MIN03,20030903,0,12:05PM,day,,,true,,195,11434,dry,none,dome,72,unknown,0,,,,crawj901,onorb901,cuzzp901,poncl901,,,guare001,perct001,,regular,5,6,MIN,ANA,y,both,y,y,y,2003
ANA200309050,KCA,ANA,ANA01,20030905,0,7:05PM,night,,,true,,140,43111,unknown,unknown,sunny,87,tocf,5,munse701,,,joycj901,reynj901,diazl901,scotd901,,,andeb002,washj001,,regular,5,0,KCA,ANA,y,both,y,y,y,2003
ANA200309061,KCA,ANA,ANA01,20030906,1,1:10PM,day,,,true,,163,0,unknown,unknown,sunny,89,tocf,9,munse701,,,reynj901,samuj901,scotd901,joycj901,,,webeb001,grimj001,perct001,regular,5,6,ANA,KCA,y,both,y,y,y,2003
ANA200309062,KCA,ANA,ANA01,20030906,2,5:30PM,night,,,true,,126,43044,unknown,unknown,sunny,85,unknown,5,munse701,,,diazl901,scotd901,joycj901,samuj901,,,gregk001,wrigj001,perct001,regular,1,3,ANA,KCA,y,both,y,y,y,2003
ANA200309070,KCA,ANA,ANA01,20030907,0,1:05PM,day,,,true,,147,38943,unknown,unknown,sunny,88,rtol,7,munse701,,,scotd901,joycj901,reynj901,diazl901,,,abbop001,lackj001,affej001,regular,3,0,KCA,ANA,y,both,y,y,y,2003
OAK200309080,ANA,OAK,OAK01,20030908,0,7:05PM,night,,,true,,178,20760,unknown,unknown,sunny,68,unknown,13,,,,marqa901,nelsj901,tscht901,fichm901,,,rodrf003,hudst001,perct001,regular,3,1,ANA,OAK,y,both,y,y,y,2003
OAK200309090,ANA,OAK,OAK01,20030909,0,7:05PM,night,,,true,,151,17253,unknown,unknown,cloudy,68,unknown,9,,,,nelsj901,tscht901,fichm901,marqa901,,,duchj001,bootc001,,regular,1,8,OAK,ANA,y,both,y,y,y,2003
OAK200309100,ANA,OAK,OAK01,20030910,0,7:05PM,night,,,true,,150,31359,unknown,unknown,sunny,73,unknown,6,,,,tscht901,fichm901,marqa901,nelsj901,,,lillt001,washj001,foulk001,regular,0,3,OAK,ANA,y,both,y,y,y,2003
OAK200309110,ANA,OAK,OAK01,20030911,0,12:35PM,day,,,true,,153,26755,unknown,unknown,sunny,74,tocf,6,,,,fichm901,marqa901,nelsj901,tscht901,,,hardr001,shies002,,regular,4,14,OAK,ANA,y,both,y,y,y,2003
SEA200309120,ANA,SEA,SEA03,20030912,0,7:05PM,night,,,true,,163,41601,unknown,unknown,cloudy,69,ltor,6,,,,buckc901,mcclt901,randt901,barrt901,,,moyej001,lackj001,hases001,regular,4,7,SEA,ANA,y,both,y,y,y,2003
SEA200309130,ANA,SEA,SEA03,20030913,0,7:05PM,night,,,true,,157,45552,unknown,unknown,cloudy,72,unknown,6,,,,mcclt901,randt901,barrt901,buckc901,,,garcf002,rodrf003,,regular,1,5,SEA,ANA,y,both,y,y,y,2003
SEA200309140,ANA,SEA,SEA03,20030914,0,1:05PM,day,,,true,,166,45861,unknown,unknown,cloudy,66,ltor,9,,,,randt901,barrt901,buckc901,mcclt901,,,gregk001,franr001,perct001,regular,2,1,ANA,SEA,y,both,y,y,y,2003
ANA200309150,OAK,ANA,ANA01,20030915,0,7:05PM,night,,,true,,172,34861,unknown,unknown,sunny,73,tocf,6,munse701,,,monte901,drecb901,rungb901,gormb901,,,lillt001,ortir002,foulk001,regular,7,4,OAK,ANA,y,both,y,y,y,2003
ANA200309160,OAK,ANA,ANA01,20030916,0,7:05PM,night,,,true,,188,36446,unknown,unknown,sunny,72,tocf,6,munse701,,,drecb901,rungb901,gormb901,monte901,,,turnd001,mecij001,,regular,5,6,ANA,OAK,y,both,y,y,y,2003
ANA200309170,OAK,ANA,ANA01,20030917,0,1:05PM,day,,,true,,132,32503,unknown,unknown,sunny,78,tocf,10,munse701,,,rungb901,gormb901,monte901,drecb901,,,zitob001,shies002,mecij001,regular,2,1,OAK,ANA,y,both,y,y,y,2003
TEX200309190,ANA,TEX,ARL02,20030919,0,7:05PM,night,,,true,,145,23725,unknown,unknown,sunny,72,unknown,5,,,,randt901,barrt901,buckc901,mcclt901,,,dickr001,lackj001,cordf002,regular,2,3,TEX,ANA,y,both,y,y,y,2003
TEX200309200,ANA,TEX,ARL02,20030920,0,7:05PM,night,,,true,,154,47506,unknown,unknown,cloudy,73,fromlf,8,,,,barrt901,buckc901,mcclt901,randt901,,,lewic001,selea001,,regular,4,13,TEX,ANA,y,both,y,y,y,2003
TEX200309210,ANA,TEX,ARL02,20030921,0,2:05PM,day,,,true,,216,32689,unknown,unknown,sunny,77,unknown,5,,,,buckc901,mcclt901,randt901,barrt901,,,ortir002,mahar001,,regular,11,6,ANA,TEX,y,both,y,y,y,2003
ANA200309220,SEA,ANA,ANA01,20030922,0,7:05PM,night,,,true,,148,35537,unknown,unknown,sunny,74,unknown,5,munse701,,,ripps901,vanol901,mealj901,guccc901,,,moyej001,washj001,,regular,5,1,SEA,ANA,y,both,y,y,y,2003
ANA200309230,SEA,ANA,ANA01,20030923,0,7:05PM,night,,,true,,191,37645,unknown,unknown,sunny,66,tocf,6,munse701,,,vanol901,mealj901,guccc901,ripps901,,,rodrf003,hases001,,regular,1,2,ANA,SEA,y,both,y,y,y,2003
ANA200309240,SEA,ANA,ANA01,20030924,0,1:05PM,day,,,true,,127,30917,unknown,unknown,cloudy,71,unknown,3,munse701,,,mealj901,guccc901,ripps901,vanol901,,,lackj001,mechg001,,regular,0,4,ANA,SEA,y,both,y,y,y,2003
ANA200309260,TEX,ANA,ANA01,20030926,0,7:05PM,night,,,true,,151,43485,unknown,unknown,sunny,69,tolf,7,munse701,,,wendh902,younl901,everm901,wolfj901,,,turnd001,mahar001,rodrf003,regular,3,5,ANA,TEX,y,both,y,y,y,2003
ANA200309270,TEX,ANA,ANA01,20030927,0,1:05PM,day,,,true,,177,43218,unknown,unknown,sunny,77,rtol,5,munse701,,,younl901,everm901,wolfj901,wendh902,,,lewic001,ortir002,,regular,12,3,TEX,ANA,y,both,y,y,y,2003
ANA200309280,TEX,ANA,ANA01,20030928,0,1:05PM,day,,,true,,151,42798,unknown,unknown,cloudy,69,tocf,6,munse701,,,everm901,wolfj901,wendh902,younl901,,,shies002,thomj005,donnb001,regular,1,4,ANA,TEX,y,both,y,y,y,2003
SEA200404060,ANA,SEA,SEA03,20040406,0,2:13PM,day,,,true,,204,46142,unknown,unknown,cloudy,53,unknown,3,mosht701,,,davig901,poncl901,gibsg901,drecb901,,,colob001,moyej001,,regular,10,5,ANA,SEA,y,both,y,y,y,2004
SEA200404070,ANA,SEA,SEA03,20040407,0,7:07PM,night,,,true,,192,37947,unknown,unknown,unknown,57,fromlf,6,mosht701,,,poncl901,gibsg901,drecb901,davig901,,,washj001,pinej001,perct001,regular,10,7,ANA,SEA,y,both,y,y,y,2004
SEA200404080,ANA,SEA,SEA03,20040408,0,1:37PM,day,,,true,,161,34376,unknown,unknown,cloudy,57,fromcf,8,        ,,,gibsg901,drecb901,davig901,poncl901,,,shies002,hases001,,regular,5,1,ANA,SEA,y,both,y,y,y,2004
TEX200404090,ANA,TEX,ARL02,20040409,0,1:07PM,day,,,true,,173,50370,unknown,unknown,sunny,80,fromlf,18,wells701,,,wolfj901,westj901,craft901,dimum901,,,dickr001,ortir002,,regular,4,12,TEX,ANA,y,both,y,y,y,2004
TEX200404100,ANA,TEX,ARL02,20040410,0,7:06PM,night,,,true,,172,30331,unknown,unknown,unknown,56,torf,12,mocej701,,,westj901,craft901,dimum901,wolfj901,,,rogek001,lackj001,,regular,6,12,TEX,ANA,y,both,y,y,y,2004
TEX200404110,ANA,TEX,ARL02,20040411,0,3:06PM,day,,,true,,162,18209,unknown,unknown,overcast,52,torf,13,wells701,,,craft901,dimum901,wolfj901,westj901,,,colob001,parkc002,,regular,7,2,ANA,TEX,y,both,y,y,y,2004
TEX200404120,ANA,TEX,ARL02,20040412,0,7:07PM,night,,,true,,180,18156,unknown,unknown,overcast,57,ltor,12,mocej701,,,dimum901,wolfj901,westj901,emmep901,,,almac001,washj001,cordf002,regular,6,7,TEX,ANA,y,both,y,y,y,2004
ANA200404130,SEA,ANA,ANA01,20040413,0,7:14PM,night,,,true,,190,43443,unknown,unknown,sunny,66,tocf,7,munse701,,,mealj901,schrp901,monte901,laynj901,,,shies002,sorir001,perct001,regular,5,7,ANA,SEA,y,both,y,y,y,2004
ANA200404140,SEA,ANA,ANA01,20040414,0,7:07PM,night,,,true,,195,42888,unknown,unknown,sunny,67,tocf,7,munse701,,,schrp901,monte901,laynj901,mealj901,,,perct001,hases001,,regular,5,6,ANA,SEA,y,both,y,y,y,2004
ANA200404150,SEA,ANA,ANA01,20040415,0,7:07PM,night,,,true,,153,40032,unknown,unknown,sunny,65,tolf,7,munse701,,,monte901,laynj901,mealj901,schrp901,,,franr001,lackj001,,regular,6,2,SEA,ANA,y,both,y,y,y,2004
ANA200404160,OAK,ANA,ANA01,20040416,0,7:07PM,night,,,true,,152,43657,unknown,unknown,cloudy,62,tocf,7,munse701,,,fleta901,welkt901,reynj901,cedeg901,,,hudst001,colob001,rhoda001,regular,3,0,OAK,ANA,y,both,y,y,y,2004
ANA200404170,OAK,ANA,ANA01,20040417,0,7:08PM,night,,,true,,169,43487,unknown,unknown,cloudy,59,tocf,12,munse701,,,welkt901,reynj901,cedeg901,fleta901,,,washj001,muldm001,,regular,3,6,ANA,OAK,y,both,y,y,y,2004
ANA200404180,OAK,ANA,ANA01,20040418,0,5:09PM,night,,,true,,180,43411,unknown,unknown,cloudy,67,tocf,10,munse701,,,reynj901,cedeg901,fleta901,welkt901,,,zitob001,escok001,hammc001,regular,7,1,OAK,ANA,y,both,y,y,y,2004
ANA200404200,TEX,ANA,ANA01,20040420,0,7:07PM,night,,,true,,177,33892,unknown,unknown,sunny,69,tocf,8,munse701,,,holbs901,nauep901,marsr901,vanol901,,,rogek001,ortir002,cordf002,regular,6,3,TEX,ANA,y,both,y,y,y,2004
ANA200404210,TEX,ANA,ANA01,20040421,0,7:08PM,night,,,true,,159,36689,unknown,unknown,sunny,66,tocf,8,munse701,,,nauep901,marsr901,vanol901,holbs901,,,dickr001,lackj001,cordf002,regular,4,1,TEX,ANA,y,both,y,y,y,2004
ANA200404220,TEX,ANA,ANA01,20040422,0,1:08PM,day,,,true,,173,30725,unknown,unknown,cloudy,72,tocf,6,munse701,,,marsr901,vanol901,holbs901,nauep901,,,colob001,parkc002,perct001,regular,5,7,ANA,TEX,y,both,y,y,y,2004
OAK200404230,ANA,OAK,OAK01,20040423,0,7:06PM,night,,,true,,155,23507,unknown,unknown,sunny,71,torf,14,dybdc701,,,rungb901,hohnb901,carlm901,darlg901,,,washj001,zitob001,gregk001,regular,12,2,ANA,OAK,y,both,y,y,y,2004
OAK200404240,ANA,OAK,OAK01,20040424,0,1:05PM,day,,,true,,160,25739,unknown,unknown,sunny,71,fromcf,7,talba701,,,hohnb901,carlm901,darlg901,rungb901,,,escok001,redmm002,perct001,regular,6,3,ANA,OAK,y,both,y,y,y,2004
OAK200404250,ANA,OAK,OAK01,20040425,0,1:06PM,day,,,true,,182,33567,unknown,unknown,sunny,77,torf,6,santa701,,,carlm901,darlg901,rungb901,hohnb901,,,ortir002,hardr001,perct001,regular,4,3,ANA,OAK,y,both,y,y,y,2004
DET200404270,ANA,DET,DET05,20040427,0,7:06PM,night,,,true,,173,18208,unknown,unknown,unknown,41,unknown,7,lysos701,,,hoyej901,crawj901,onorb901,cuzzp901,,,lackj001,cornn001,shies002,regular,10,4,ANA,DET,y,both,y,y,y,2004
DET200404280,ANA,DET,DET05,20040428,0,7:06PM,night,,,true,,162,17175,unknown,unknown,sunny,69,fromcf,22,klonc701,,,crawj901,onorb901,cuzzp901,hoyej901,,,marom001,colob001,,regular,2,10,DET,ANA,y,both,y,y,y,2004
DET200404290,ANA,DET,DET05,20040429,0,1:06PM,day,,,true,,157,20678,unknown,unknown,cloudy,74,rtol,21,klonc701,,,cuzzp901,hoyej901,crawj901,fullt901,,,washj001,roben001,,regular,12,3,ANA,DET,y,both,y,y,y,2004
MIN200404300,ANA,MIN,MIN03,20040430,0,7:10PM,night,,,true,,161,21279,unknown,unknown,unknown,70,rtol,0,mee-t701,,,guccc901,millb901,scotd901,kulpr901,,,silvc001,ortir002,nathj001,regular,3,6,MIN,ANA,y,both,y,y,y,2004
MIN200405010,ANA,MIN,MIN03,20040501,0,6:11PM,night,,,true,,146,26180,unknown,unknown,unknown,70,torf,0,mee-t701,,,millb901,scotd901,kulpr901,guccc901,,,rodrf003,rincj001,perct001,regular,1,0,ANA,MIN,y,both,y,y,y,2004
MIN200405020,ANA,MIN,MIN03,20040502,0,1:11PM,day,,,true,,159,20744,unknown,unknown,unknown,70,tocf,0,mee-t701,,,scotd901,kulpr901,guccc901,millb901,,,lackj001,romej001,perct001,regular,3,1,ANA,MIN,y,both,y,y,y,2004
ANA200405030,DET,ANA,ANA01,20040503,0,7:08PM,night,,,true,,184,33683,unknown,unknown,sunny,83,torf,7,munse701,,,rapue901,barrt901,marqa901,reedr901,,,gregk001,levia001,perct001,regular,9,11,ANA,DET,y,both,y,y,y,2004
ANA200405040,DET,ANA,ANA01,20040504,0,7:07PM,night,,,true,,154,34920,unknown,unknown,sunny,75,tolf,8,munse701,,,barrt901,marqa901,reedr901,rapue901,,,washj001,roben001,,regular,4,11,ANA,DET,y,both,y,y,y,2004
ANA200405050,DET,ANA,ANA01,20040505,0,7:07PM,night,,,true,,169,39827,unknown,unknown,sunny,72,tocf,7,munse701,,,marqa901,reedr901,rapue901,barrt901,,,escok001,johnj007,perct001,regular,3,6,ANA,DET,y,both,y,y,y,2004
ANA200405060,TBA,ANA,ANA01,20040506,0,7:07PM,night,,,true,,160,34538,unknown,unknown,sunny,82,tocf,7,munse701,,,reedr901,rapue901,barrt901,marqa901,,,selea001,gonzj003,shies002,regular,3,7,ANA,TBA,y,both,y,y,y,2004
ANA200405070,TBA,ANA,ANA01,20040507,0,7:08PM,night,,,true,,130,43674,unknown,unknown,sunny,79,tocf,8,munse701,,,buckc901,coope901,reilm901,meric901,,,lackj001,hendm001,,regular,0,1,ANA,TBA,y,both,y,y,y,2004
ANA200405080,TBA,ANA,ANA01,20040508,0,7:07PM,night,,,true,,148,43465,unknown,unknown,sunny,74,torf,8,munse701,,,coope901,reilm901,meric901,buckc901,,,colob001,abbop001,,regular,2,7,ANA,TBA,y,both,y,y,y,2004
ANA200405090,TBA,ANA,ANA01,20040509,0,1:07PM,day,,,true,,159,41410,unknown,unknown,sunny,77,tocf,6,munse701,,,reilm901,meric901,buckc901,coope901,,,washj001,zambv001,rodrf003,regular,4,8,ANA,TBA,y,both,y,y,y,2004
NYA200405110,ANA,NYA,NYC16,20040511,0,7:08PM,night,,,true,,237,36706,unknown,unknown,unknown,82,rtol,12,karph701,,,davig901,poncl901,gibsg901,drecb901,,,gordt001,webeb001,,regular,7,8,NYA,ANA,y,both,y,y,y,2004
NYA200405120,ANA,NYA,NYC16,20040512,0,7:08PM,night,,,true,,174,49954,unknown,unknown,unknown,68,unknown,0,shanb701,,,poncl901,gibsg901,drecb901,davig901,,,selea001,vazqj001,,regular,11,2,ANA,NYA,y,both,y,y,y,2004
NYA200405130,ANA,NYA,NYC16,20040513,0,1:08PM,day,,,true,,140,41089,unknown,unknown,cloudy,80,tolf,6,pepep701,,,gibsg901,drecb901,davig901,poncl901,,,liebj001,lackj001,rivem002,regular,4,7,NYA,ANA,y,both,y,y,y,2004
BAL200405140,ANA,BAL,BAL12,20040514,0,7:37PM,night,,,true,,197,38232,unknown,unknown,cloudy,90,tocf,10,jacom701,,,hudsm901,demud901,joycj901,danlk901,,,perct001,julij001,shies002,regular,10,9,ANA,BAL,y,both,y,y,y,2004
BAL200405150,ANA,BAL,BAL12,20040515,0,7:06PM,night,,,true,,152,40275,unknown,unknown,unknown,92,tocf,2,jacom701,,,demud901,joycj901,danlk901,hudsm901,,,washj001,duboe001,perct001,regular,7,4,ANA,BAL,y,both,y,y,y,2004
BAL200405160,ANA,BAL,BAL12,20040516,0,8:07PM,night,,,true,,148,25448,unknown,unknown,cloudy,82,tolf,5,hennj701,,,joycj901,danlk901,hudsm901,demud901,,,ponss001,escok001,,regular,0,4,BAL,ANA,y,both,y,y,y,2004
ANA200405180,NYA,ANA,ANA01,20040518,0,7:07PM,night,,,true,,191,43660,unknown,unknown,sunny,71,torf,8,munse701,,,wendh902,timmt901,froeb901,wintm901,,,shies002,quanp001,,regular,0,1,ANA,NYA,y,both,y,y,y,2004
ANA200405190,NYA,ANA,ANA01,20040519,0,7:07PM,night,,,true,,182,43742,unknown,unknown,sunny,71,tocf,8,munse701,,,timmt901,froeb901,wintm901,wendh902,,,liebj001,lackj001,rivem002,regular,4,2,NYA,ANA,y,both,y,y,y,2004
ANA200405200,NYA,ANA,ANA01,20040520,0,7:08PM,night,,,true,,167,43810,unknown,unknown,sunny,68,tocf,8,munse701,,,froeb901,wintm901,wendh902,timmt901,,,mussm001,colob001,,regular,6,2,NYA,ANA,y,both,y,y,y,2004
ANA200405210,BAL,ANA,ANA01,20040521,0,7:07PM,night,,,true,,157,43557,unknown,unknown,sunny,66,tocf,8,munse701,,,brinj901,tscht901,nelsj901,fostm901,,,shies002,dejem001,perct001,regular,3,5,ANA,BAL,y,both,y,y,y,2004
ANA200405220,BAL,ANA,ANA01,20040522,0,7:09PM,night,,,true,,147,43586,unknown,unknown,sunny,68,tocf,7,munse701,,,tscht901,nelsj901,fostm901,brinj901,,,escok001,ponss001,perct001,regular,2,3,ANA,BAL,y,both,y,y,y,2004
ANA200405230,BAL,ANA,ANA01,20040523,0,1:08PM,day,,,true,,178,43758,unknown,unknown,unknown,69,tocf,9,munse701,,,nelsj901,fostm901,brinj901,tscht901,,,selea001,cabrd001,,regular,3,8,ANA,BAL,y,both,y,y,y,2004
TOR200405240,ANA,TOR,TOR02,20040524,0,7:07PM,night,,,true,,190,15301,unknown,unknown,unknown,66,ltor,25,maccn701,,,reynj901,cedeg901,samuj901,welkt901,,,frasj002,webeb001,,regular,5,6,TOR,ANA,y,both,y,y,y,2004
TOR200405260,ANA,TOR,TOR02,20040526,0,7:07PM,night,,,true,,182,14515,unknown,unknown,unknown,64,torf,4,maccn701,,,cedeg901,samuj901,welkt901,reynj901,,,adamt001,perct001,,regular,5,6,TOR,ANA,y,both,y,y,y,2004
TOR200405270,ANA,TOR,TOR02,20040527,0,7:07PM,night,,,true,,129,14773,dry,none,dome,68,unknown,0,maccn701,,,samuj901,welkt901,reynj901,cedeg901,,,hallr001,washj001,frasj002,regular,2,3,TOR,ANA,y,both,y,y,y,2004
CHA200405280,ANA,CHA,CHI12,20040528,0,7:06PM,night,,,true,,191,21163,unknown,unknown,sunny,58,torf,13,roseb701,,,knigb901,davig901,aschd901,cuzzp901,,,takas001,ortir002,,regular,3,4,CHA,ANA,y,both,y,y,y,2004
CHA200405290,ANA,CHA,CHI12,20040529,0,3:09PM,day,,,true,,171,25050,unknown,unknown,overcast,65,torf,14,frisd701,,,davig901,aschd901,cuzzp901,knigb901,,,selea001,raucj001,,regular,5,1,ANA,CHA,y,both,y,y,y,2004
CHA200405300,ANA,CHA,CHI12,20040530,0,2:47PM,day,,,true,,150,19859,unknown,unknown,overcast,66,fromcf,15,roseb701,,,aschd901,cuzzp901,knigb901,davig901,,,schos001,lackj001,,regular,2,11,CHA,ANA,y,both,y,y,y,2004
ANA200406010,BOS,ANA,ANA01,20040601,0,7:09PM,night,,,true,,206,43285,unknown,unknown,sunny,74,tocf,7,munse701,,,kellj901,barkl901,eddid901,iassd901,,,gregk001,arrob001,perct001,regular,6,7,ANA,BOS,y,both,y,y,y,2004
ANA200406020,BOS,ANA,ANA01,20040602,0,7:08PM,night,,,true,,180,43205,unknown,unknown,sunny,72,tolf,6,munse701,,,barkl901,eddid901,iassd901,kellj901,,,ortir002,timlm001,rodrf003,regular,7,10,ANA,BOS,y,both,y,y,y,2004
ANA200406030,CLE,ANA,ANA01,20040603,0,7:09PM,night,,,true,,143,39353,unknown,unknown,sunny,71,tocf,6,munse701,,,wolfj901,mcclt901,randt901,culbf901,,,escok001,lee-c003,,regular,2,5,ANA,CLE,y,both,y,y,y,2004
ANA200406040,CLE,ANA,ANA01,20040604,0,7:06PM,night,,,true,,180,43590,unknown,unknown,sunny,71,tocf,6,munse701,,,mcclt901,randt901,culbf901,wolfj901,,,riskd001,rodrf003,jimej001,regular,9,6,CLE,ANA,y,both,y,y,y,2004
ANA200406050,CLE,ANA,ANA01,20040605,0,7:07PM,night,,,true,,160,43514,unknown,unknown,sunny,72,tolf,12,munse701,,,randt901,culbf901,wolfj901,mcclt901,,,whitr002,lackj001,jimej001,regular,3,2,CLE,ANA,y,both,y,y,y,2004
ANA200406060,CLE,ANA,ANA01,20040606,0,1:07PM,day,,,true,,153,43337,unknown,unknown,sunny,76,tocf,6,munse701,,,culbf901,wolfj901,mcclt901,randt901,,,sabac001,colob001,,regular,7,0,CLE,ANA,y,both,y,y,y,2004
ANA200406080,MIL,ANA,ANA01,20040608,0,7:08PM,night,,,true,,286,37589,unknown,unknown,unknown,67,tocf,9,munse701,,,danlk901,hudsm901,demud901,joycj901,,,kinnm002,ortir002,kolbd001,regular,1,0,MIL,ANA,y,both,y,y,y,2004
ANA200406090,MIL,ANA,ANA01,20040609,0,7:07PM,night,,,true,,192,41423,unknown,unknown,sunny,67,tocf,9,munse701,,,hudsm901,demud901,joycj901,danlk901,,,santv001,washj001,burbd001,regular,12,2,MIL,ANA,y,both,y,y,y,2004
ANA200406100,MIL,ANA,ANA01,20040610,0,7:06PM,night,,,true,,181,39425,unknown,unknown,sunny,72,tocf,8,munse701,,,demud901,joycj901,danlk901,hudsm901,,,gregk001,bennj002,rodrf003,regular,4,5,ANA,MIL,y,both,y,y,y,2004
ANA200406110,CHN,ANA,ANA01,20040611,0,7:08PM,night,,,true,,134,43764,unknown,unknown,sunny,73,tocf,8,munse701,,,millb901,gormb901,scotd901,kulpr901,,,lackj001,maddg002,rodrf003,regular,2,3,ANA,CHN,y,both,y,y,y,2004
ANA200406120,CHN,ANA,ANA01,20040612,0,7:07PM,night,,,true,,189,43722,unknown,unknown,sunny,73,tocf,7,munse701,,,gormb901,scotd901,kulpr901,millb901,,,ruscg001,colob001,hawkl001,regular,10,5,CHN,ANA,y,both,y,y,y,2004
ANA200406130,CHN,ANA,ANA01,20040613,0,1:09PM,day,,,true,,308,43812,unknown,unknown,sunny,80,tocf,7,munse701,,,scotd901,kulpr901,millb901,gormb901,,,leicj001,hensm001,,regular,6,5,CHN,ANA,y,both,y,y,y,2004
PIT200406150,ANA,PIT,PIT08,20040615,0,7:06PM,night,,,false,,142,19035,unknown,unknown,overcast,75,fromlf,7,webbb701,,,buckc901,meric901,coope901,guccc901,,,shies002,torrs001,rodrf003,regular,4,2,ANA,PIT,y,both,y,y,y,2004
PIT200406160,ANA,PIT,PIT08,20040616,0,7:09PM,night,,,false,,154,22404,unknown,unknown,overcast,69,unknown,5,patte701,,,meric901,coope901,guccc901,buckc901,,,foggj001,lackj001,mesaj001,regular,3,5,PIT,ANA,y,both,y,y,y,2004
PIT200406170,ANA,PIT,PIT08,20040617,0,7:06PM,night,,,false,,139,15395,unknown,unknown,overcast,79,rtol,8,krizt701,,,coope901,guccc901,buckc901,meric901,,,bensk001,colob001,mesaj001,regular,2,5,PIT,ANA,y,both,y,y,y,2004
HOU200406180,ANA,HOU,HOU03,20040618,0,7:05PM,night,,,false,,176,38328,dry,none,dome,72,fromlf,0,mathd701,,,rapue901,kellk901,marqa901,barrt901,,,munrp001,escok001,,regular,0,5,HOU,ANA,y,both,y,y,y,2004
HOU200406190,ANA,HOU,HOU03,20040619,0,6:06PM,night,,,false,,180,42449,dry,none,dome,72,tolf,0,wilkt701,,,kellk901,marqa901,barrt901,rapue901,,,ortir002,clemr001,rodrf003,regular,6,4,ANA,HOU,y,both,y,y,y,2004
HOU200406200,ANA,HOU,HOU03,20040620,0,1:06PM,day,,,false,,172,41590,dry,none,dome,72,rtol,0,wilkt701,,,marqa901,barrt901,rapue901,kellk901,,,millw001,hensm001,doteo001,regular,1,3,HOU,ANA,y,both,y,y,y,2004
ANA200406210,OAK,ANA,ANA01,20040621,0,7:07PM,night,,,true,,169,43058,unknown,unknown,sunny,68,torf,7,munse701,,,monte901,samuj901,mealj901,schrp901,,,lackj001,hardr001,,regular,3,10,ANA,OAK,y,both,y,y,y,2004
ANA200406220,OAK,ANA,ANA01,20040622,0,7:05PM,night,,,true,,165,43021,unknown,unknown,sunny,70,tolf,8,munse701,,,mealj901,samuj901,schrp901,monte901,,,colob001,hudst001,,regular,1,6,ANA,OAK,y,both,y,y,y,2004
ANA200406230,OAK,ANA,ANA01,20040623,0,7:09PM,night,,,true,,176,42774,unknown,unknown,sunny,72,tocf,8,munse701,,,samuj901,schrp901,monte901,mealj901,,,redmm002,escok001,,regular,7,1,OAK,ANA,y,both,y,y,y,2004
ANA200406240,OAK,ANA,ANA01,20040624,0,1:07PM,day,,,true,,144,43461,unknown,unknown,sunny,79,tocf,7,munse701,,,schrp901,monte901,mealj901,samuj901,,,muldm001,shies002,,regular,2,1,OAK,ANA,y,both,y,y,y,2004
LAN200406250,ANA,LAN,LOS03,20040625,0,7:12PM,night,,,false,,175,54617,unknown,unknown,sunny,73,torf,5,hartd701,,,fostm901,brinj901,tscht901,nelsj901,,,washj001,limaj001,,regular,13,0,ANA,LAN,y,both,y,y,y,2004
LAN200406260,ANA,LAN,LOS03,20040626,0,1:12PM,day,,,false,,171,52715,unknown,unknown,sunny,70,ltor,13,munse701,,,brinj901,tscht901,nelsj901,fostm901,,,donnb001,motag001,rodrf003,regular,7,5,ANA,LAN,y,both,y,y,y,2004
LAN200406270,ANA,LAN,LOS03,20040627,0,1:12PM,day,,,false,,186,54333,unknown,unknown,sunny,75,unknown,4,munse701,,,tscht901,nelsj901,fostm901,brinj901,,,ishik001,colob001,,regular,5,10,LAN,ANA,y,both,y,y,y,2004
OAK200406290,ANA,OAK,OAK01,20040629,0,7:05PM,night,,,true,,165,20328,unknown,unknown,sunny,69,torf,18,dybdc701,,,wintm901,timmt901,froeb901,kellk901,,,muldm001,donnb001,doteo001,regular,4,5,OAK,ANA,y,both,y,y,y,2004
OAK200406300,ANA,OAK,OAK01,20040630,0,7:05PM,night,,,true,,158,35016,unknown,unknown,unknown,64,torf,18,feldd701,,,timmt901,froeb901,kellk901,wintm901,,,bradc001,shies002,doteo001,regular,2,4,OAK,ANA,y,both,y,y,y,2004
OAK200407010,ANA,OAK,OAK01,20040701,0,12:36PM,day,,,true,,164,22114,unknown,unknown,cloudy,64,torf,13,feldd701,,,froeb901,kellk901,wintm901,timmt901,,,saark001,washj001,,regular,3,7,OAK,ANA,y,both,y,y,y,2004
ANA200407020,LAN,ANA,ANA01,20040702,0,7:07PM,night,,,true,,153,43816,unknown,unknown,sunny,74,tocf,8,munse701,,,hirsj901,bellw901,diazl901,welkb901,,,selea001,ishik001,,regular,3,7,ANA,LAN,y,both,y,y,y,2004
ANA200407030,LAN,ANA,ANA01,20040703,0,7:07PM,night,,,true,,163,43686,unknown,unknown,cloudy,70,torf,8,munse701,,,bellw901,diazl901,welkb901,hirsj901,,,motag001,colob001,gagne001,regular,8,5,LAN,ANA,y,both,y,y,y,2004
ANA200407040,LAN,ANA,ANA01,20040704,0,7:11PM,night,,,true,,171,43823,unknown,unknown,sunny,77,tocf,7,munse701,,,diazl901,welkb901,hirsj901,bellw901,,,weavj002,escok001,,regular,6,2,LAN,ANA,y,both,y,y,y,2004
CHA200407060,ANA,CHA,CHI12,20040706,0,9:12PM,night,,,true,,156,26209,unknown,unknown,overcast,70,tolf,7,roseb701,,,holbs901,nauep901,marsr901,vanol901,,,lackj001,garcf002,,regular,6,2,ANA,CHA,y,both,y,y,y,2004
CHA200407070,ANA,CHA,CHI12,20040707,0,7:07PM,night,,,true,,147,21378,unknown,unknown,sunny,68,torf,12,roseb701,,,nauep901,marsr901,vanol901,holbs901,,,washj001,schos001,,regular,12,0,ANA,CHA,y,both,y,y,y,2004
CHA200407080,ANA,CHA,CHI12,20040708,0,1:06PM,day,,,true,,192,27845,unknown,unknown,sunny,72,unknown,7,frisd701,,,marsr901,vanol901,holbs901,nauep901,,,martd004,donnb001,,regular,8,9,CHA,ANA,y,both,y,y,y,2004
TOR200407090,ANA,TOR,TOR02,20040709,0,7:07PM,night,,,true,,147,15071,unknown,unknown,sunny,66,tocf,8,sawcj901,,,aschd901,onorb901,cuzzp901,crawj901,,,colob001,hallr001,perct001,regular,5,4,ANA,TOR,y,both,y,y,y,2004
TOR200407100,ANA,TOR,TOR02,20040710,0,4:08PM,day,,,true,,181,20635,unknown,unknown,sunny,77,fromcf,2,sawcj901,,,onorb901,cuzzp901,crawj901,aschd901,,,escok001,lillt001,,regular,11,2,ANA,TOR,y,both,y,y,y,2004
TOR200407110,ANA,TOR,TOR02,20040711,0,1:08PM,day,,,true,,159,17573,dry,none,dome,68,unknown,0,sawcj901,,,cuzzp901,crawj901,aschd901,onorb901,,,lackj001,batim001,perct001,regular,5,2,ANA,TOR,y,both,y,y,y,2004
ANA200407150,BOS,ANA,ANA01,20040715,0,7:08PM,night,,,true,,164,43623,unknown,unknown,sunny,80,tocf,6,munse701,,,carlm901,hollm901,hohnb901,kellk901,,,washj001,lowed001,,regular,1,8,ANA,BOS,y,both,y,y,y,2004
ANA200407160,BOS,ANA,ANA01,20040716,0,7:08PM,night,,,true,,189,43771,unknown,unknown,sunny,85,tocf,7,munse701,,,hollm901,hohnb901,kellk901,carlm901,,,martp001,escok001,foulk001,regular,4,2,BOS,ANA,y,both,y,y,y,2004
ANA200407170,BOS,ANA,ANA01,20040717,0,7:07PM,night,,,true,,171,43746,unknown,unknown,sunny,83,tocf,7,munse701,,,hohnb901,kellk901,carlm901,hollm901,,,colob001,waket001,,regular,3,8,ANA,BOS,y,both,y,y,y,2004
ANA200407180,BOS,ANA,ANA01,20040718,0,1:07PM,day,,,true,,165,43613,unknown,unknown,sunny,90,tocf,7,munse701,,,kellk901,carlm901,hollm901,hohnb901,,,schic002,lackj001,,regular,6,2,BOS,ANA,y,both,y,y,y,2004
ANA200407190,CLE,ANA,ANA01,20040719,0,7:06PM,night,,,true,,208,42986,unknown,unknown,sunny,86,tocf,7,munse701,,,drecb901,drakr901,poncl901,gibsg901,,,riskd001,perct001,millm002,regular,8,5,CLE,ANA,y,both,y,y,y,2004
ANA200407200,CLE,ANA,ANA01,20040720,0,1:08PM,day,,,true,,155,40000,unknown,unknown,sunny,88,tocf,8,munse701,,,drakr901,poncl901,gibsg901,drecb901,,,westj001,washj001,,regular,14,5,CLE,ANA,y,both,y,y,y,2004
TEX200407210,ANA,TEX,ARL02,20040721,0,6:07PM,night,,,true,,152,37210,unknown,unknown,sunny,91,fromlf,14,mocej701,,,rapue901,barrt901,reedr901,marqa901,,,dresr001,escok001,cordf002,regular,2,3,TEX,ANA,y,both,y,y,y,2004
TEX200407220,ANA,TEX,ARL02,20040722,0,1:06PM,day,,,true,,168,23308,unknown,unknown,sunny,91,rtol,7,mocej701,,,barrt901,reedr901,marqa901,rapue901,,,colob001,rodrr005,,regular,11,1,ANA,TEX,y,both,y,y,y,2004
SEA200407230,ANA,SEA,SEA03,20040723,0,7:08PM,night,,,true,,179,38181,unknown,unknown,sunny,93,torf,7,repad701,,,monte901,mealj901,schrp901,dowda901,,,lackj001,moyej001,,regular,8,2,ANA,SEA,y,both,y,y,y,2004
SEA200407240,ANA,SEA,SEA03,20040724,0,7:07PM,night,,,true,,209,44514,unknown,unknown,sunny,92,ltor,8,repad701,,,mealj901,schrp901,dowda901,monte901,,,selea001,matej001,,regular,8,4,ANA,SEA,y,both,y,y,y,2004
SEA200407250,ANA,SEA,SEA03,20040725,0,1:07PM,day,,,true,,142,45099,unknown,unknown,unknown,67,unknown,7,richv701,,,schrp901,dowda901,monte901,mealj901,,,pinej001,ortir002,,regular,2,6,SEA,ANA,y,both,y,y,y,2004
ANA200407260,TEX,ANA,ANA01,20040726,0,7:10PM,night,,,true,,173,42040,unknown,unknown,sunny,79,tocf,7,munse701,,,meric901,reilm901,buckc901,coope901,,,dresr001,escok001,,regular,6,1,TEX,ANA,y,both,y,y,y,2004
ANA200407270,TEX,ANA,ANA01,20040727,0,7:07PM,night,,,true,,161,42625,unknown,unknown,sunny,77,tocf,7,munse701,,,reilm901,buckc901,coope901,meric901,,,colob001,regin001,perct001,regular,0,2,ANA,TEX,y,both,y,y,y,2004
ANA200407280,TEX,ANA,ANA01,20040728,0,7:07PM,night,,,true,,157,41133,unknown,unknown,sunny,75,tocf,5,munse701,,,buckc901,coope901,meric901,reilm901,,,lackj001,rogek001,perct001,regular,0,2,ANA,TEX,y,both,y,y,y,2004
ANA200407290,SEA,ANA,ANA01,20040729,0,7:06PM,night,,,true,,250,43033,unknown,unknown,sunny,74,tocf,6,munse701,,,coope901,meric901,reilm901,buckc901,,,madrb001,gregk001,,regular,6,5,SEA,ANA,y,both,y,y,y,2004
ANA200407300,SEA,ANA,ANA01,20040730,0,7:05PM,night,,,true,,171,43635,unknown,unknown,sunny,73,tocf,6,munse701,,,wegnm901,younl901,dowda901,herna901,,,donnb001,putzj001,perct001,regular,5,6,ANA,SEA,y,both,y,y,y,2004
ANA200407310,SEA,ANA,ANA01,20040731,0,1:12PM,day,,,true,,246,43576,unknown,unknown,sunny,78,tocf,7,munse701,,,younl901,dowda901,herna901,wegnm901,,,donnb001,guare001,,regular,8,9,ANA,SEA,y,both,y,y,y,2004
ANA200408010,SEA,ANA,ANA01,20040801,0,1:07PM,day,,,true,,157,43412,unknown,unknown,sunny,76,tocf,6,munse701,,,dowda901,herna901,wegnm901,younl901,,,colob001,franr001,shies002,regular,2,3,ANA,SEA,y,both,y,y,y,2004
MIN200408030,ANA,MIN,MIN03,20040803,0,7:10PM,night,,,true,,135,22273,unknown,unknown,unknown,70,tolf,0,mee-t701,,,welkt901,cedeg901,reynj901,fleta901,,,silvc001,lackj001,,regular,0,10,MIN,ANA,y,both,y,y,y,2004
MIN200408040,ANA,MIN,MIN03,20040804,0,7:10PM,night,,,true,,143,28435,unknown,unknown,unknown,70,ltor,0,mee-t701,,,cedeg901,reynj901,fleta901,welkt901,,,lohsk001,ortir002,nathj001,regular,3,6,MIN,ANA,y,both,y,y,y,2004
MIN200408050,ANA,MIN,MIN03,20040805,0,12:10PM,day,,,true,,148,26867,unknown,unknown,unknown,70,tocf,0,mee-t701,,,reynj901,fleta901,welkt901,cedeg901,,,selea001,mulht001,,regular,8,3,ANA,MIN,y,both,y,y,y,2004
KCA200408060,ANA,KCA,KAN06,20040806,0,7:11PM,night,,,true,,152,20572,unknown,unknown,sunny,73,ltor,9,blacd701,,,eddid901,kellj901,iassd901,relic901,,,escok001,may-d002,perct001,regular,3,0,ANA,KCA,y,both,y,y,y,2004
KCA200408070,ANA,KCA,KAN06,20040807,0,6:17PM,night,,,true,,215,27046,unknown,unknown,sunny,79,rtol,13,blacd701,,,kellj901,iassd901,relic901,eddid901,,,colob001,reyed001,perct001,regular,7,5,ANA,KCA,y,both,y,y,y,2004
KCA200408080,ANA,KCA,KAN06,20040808,0,6:10PM,night,,,true,,148,18366,unknown,unknown,cloudy,80,rtol,8,ruddw701,,,iassd901,relic901,eddid901,kellj901,,,donnb001,fieln001,rodrf003,regular,6,4,ANA,KCA,y,both,y,y,y,2004
KCA200408090,ANA,KCA,KAN06,20040809,0,7:09PM,night,,,true,,164,16262,unknown,unknown,sunny,85,ltor,9,blacd701,,,relic901,eddid901,kellj901,iassd901,,,gregk001,cerdj001,perct001,regular,5,3,ANA,KCA,y,both,y,y,y,2004
ANA200408100,BAL,ANA,ANA01,20040810,0,7:19PM,night,,,true,,215,43068,unknown,unknown,sunny,82,tocf,6,munse701,,,gormb901,scotd901,kulpr901,millb901,,,cabrd001,selea001,,regular,11,3,BAL,ANA,y,both,y,y,y,2004
ANA200408110,BAL,ANA,ANA01,20040811,0,7:08PM,night,,,true,,184,41446,unknown,unknown,sunny,79,tocf,7,munse701,,,scotd901,kulpr901,millb901,gormb901,,,escok001,grimj001,perct001,regular,2,4,ANA,BAL,y,both,y,y,y,2004
ANA200408120,BAL,ANA,ANA01,20040812,0,1:08PM,day,,,true,,195,41467,unknown,unknown,overcast,75,tocf,8,munse701,,,kulpr901,millb901,gormb901,scotd901,,,loper001,colob001,,regular,6,1,BAL,ANA,y,both,y,y,y,2004
ANA200408130,DET,ANA,ANA01,20040813,0,7:06PM,night,,,true,,186,43580,unknown,unknown,sunny,76,tocf,6,munse701,,,mcclt901,wolfj901,randt901,culbf901,,,yan-e001,perct001,urbiu001,regular,5,3,DET,ANA,y,both,y,y,y,2004
ANA200408140,DET,ANA,ANA01,20040814,0,7:05PM,night,,,true,,182,43545,unknown,unknown,sunny,75,tocf,6,munse701,,,wolfj901,randt901,culbf901,mcclt901,,,gregk001,novor002,rodrf003,regular,8,11,ANA,DET,y,both,y,y,y,2004
ANA200408150,DET,ANA,ANA01,20040815,0,1:07PM,day,,,true,,154,42850,unknown,unknown,sunny,78,tocf,7,munse701,,,randt901,culbf901,mcclt901,wolfj901,,,shies002,johnj007,perct001,regular,2,3,ANA,DET,y,both,y,y,y,2004
TBA200408170,ANA,TBA,STP01,20040817,0,7:15PM,night,,,true,,175,9537,unknown,unknown,dome,72,tolf,0,martr701,,,schrp901,cousd901,monte901,mealj901,,,brazd001,escok001,,regular,3,8,TBA,ANA,y,both,y,y,y,2004
TBA200408180,ANA,TBA,STP01,20040818,0,7:09PM,night,,,true,,172,10731,unknown,unknown,dome,72,unknown,0,martr701,,,cousd901,monte901,mealj901,schrp901,,,colob001,hendm001,,regular,6,4,ANA,TBA,y,both,y,y,y,2004
TBA200408190,ANA,TBA,STP01,20040819,0,2:15PM,day,,,true,,184,9720,unknown,unknown,dome,72,unknown,0,martr701,,,monte901,mealj901,schrp901,cousd901,,,lackj001,bellr003,rodrf003,regular,10,7,ANA,TBA,y,both,y,y,y,2004
NYA200408200,ANA,NYA,NYC16,20040820,0,7:09PM,night,,,true,,159,53530,unknown,unknown,unknown,85,unknown,6,shanb701,,,diazl901,welkb901,hirsj901,bellw901,,,ortir002,liebj001,,regular,5,0,ANA,NYA,y,both,y,y,y,2004
NYA200408210,ANA,NYA,NYC16,20040821,0,1:08PM,day,,,true,,169,54008,unknown,unknown,overcast,81,tocf,7,karph701,,,welkb901,hirsj901,bellw901,diazl901,,,shies002,loaie001,,regular,6,1,ANA,NYA,y,both,y,y,y,2004
NYA200408220,ANA,NYA,NYC16,20040822,0,1:08PM,day,,,true,,165,53885,unknown,unknown,sunny,72,fromcf,8,sprej701,,,hirsj901,bellw901,diazl901,welkb901,,,escok001,browk001,perct001,regular,4,3,ANA,NYA,y,both,y,y,y,2004
ANA200408230,KCA,ANA,ANA01,20040823,0,7:08PM,night,,,true,,160,40717,unknown,unknown,sunny,70,tocf,7,munse701,,,hudsm901,demud901,joycj901,danlk901,,,colob001,may-d002,,regular,4,9,ANA,KCA,y,both,y,y,y,2004
ANA200408240,KCA,ANA,ANA01,20040824,0,7:06PM,night,,,true,,190,40183,unknown,unknown,sunny,69,tocf,7,munse701,,,demud901,joycj901,danlk901,hudsm901,,,lackj001,reyed001,perct001,regular,5,7,ANA,KCA,y,both,y,y,y,2004
ANA200408250,KCA,ANA,ANA01,20040825,0,7:07PM,night,,,true,,187,39657,unknown,unknown,sunny,73,tolf,8,munse701,,,joycj901,danlk901,hudsm901,demud901,,,ortir002,woodm002,,regular,6,21,ANA,KCA,y,both,y,y,y,2004
ANA200408270,MIN,ANA,ANA01,20040827,0,7:06PM,night,,,true,,153,43634,unknown,unknown,sunny,73,tocf,8,munse701,,,cuzzp901,drakr901,onorb901,poncl901,,,selea001,radkb001,perct001,regular,6,9,ANA,MIN,y,both,y,y,y,2004
ANA200408280,MIN,ANA,ANA01,20040828,0,1:10PM,day,,,true,,164,42778,unknown,unknown,sunny,81,tocf,9,munse701,,,drakr901,onorb901,poncl901,cuzzp901,,,santj003,colob001,,regular,7,1,MIN,ANA,y,both,y,y,y,2004
ANA200408290,MIN,ANA,ANA01,20040829,0,1:09PM,day,,,true,,163,43193,unknown,unknown,sunny,80,tocf,6,munse701,,,onorb901,poncl901,cuzzp901,drakr901,,,rodrf003,rincj001,,regular,2,4,ANA,MIN,y,both,y,y,y,2004
BOS200408310,ANA,BOS,BOS07,20040831,0,7:06PM,night,,,true,,180,35040,unknown,unknown,sunny,80,ltor,16,scogc701,,,holbs901,marsr901,vanol901,barkl901,,,schic002,lackj001,foulk001,regular,7,10,BOS,ANA,y,both,y,y,y,2004
BOS200409010,ANA,BOS,BOS07,20040901,0,7:07PM,night,,,true,,197,35076,unknown,unknown,sunny,79,ltor,12,scogc701,,,marsr901,vanol901,barkl901,holbs901,,,adamt001,selea001,,regular,7,12,BOS,ANA,y,both,y,y,y,2004
BOS200409020,ANA,BOS,BOS07,20040902,0,7:06PM,night,,,true,,197,35050,unknown,unknown,sunny,68,rtol,12,giulj701,,,vanol901,barkl901,holbs901,marsr901,,,lowed001,colob001,foulk001,regular,3,4,BOS,ANA,y,both,y,y,y,2004
CLE200409030,ANA,CLE,CLE08,20040903,0,7:05PM,night,,,true,,195,20994,unknown,unknown,unknown,79,tocf,7,kozlh701,,,kulpr901,millb901,gormb901,scotd901,,,escok001,elars001,,regular,10,5,ANA,CLE,y,both,y,y,y,2004
CLE200409040,ANA,CLE,CLE08,20040904,0,7:06PM,night,,,true,,182,23786,unknown,unknown,unknown,79,fromlf,9,murrc701,,,millb901,gormb901,scotd901,kulpr901,,,washj001,davij005,,regular,6,1,ANA,CLE,y,both,y,y,y,2004
CLE200409050,ANA,CLE,CLE08,20040905,0,8:09PM,night,,,true,,153,26208,unknown,unknown,sunny,79,tocf,9,murrc701,,,gormb901,fichm901,kulpr901,millb901,,,lackj001,westj001,rodrf003,regular,2,1,ANA,CLE,y,both,y,y,y,2004
ANA200409070,TOR,ANA,ANA01,20040907,0,7:07PM,night,,,true,,146,36277,unknown,unknown,sunny,83,tolf,7,munse701,,,relic901,kellj901,iassd901,eddid901,,,colob001,bushd001,perct001,regular,2,5,ANA,TOR,y,both,y,y,y,2004
ANA200409080,TOR,ANA,ANA01,20040908,0,7:08PM,night,,,true,,132,36905,unknown,unknown,sunny,76,tolf,6,munse701,,,kellj901,iassd901,eddid901,relic901,,,millj002,escok001,speij001,regular,1,0,TOR,ANA,y,both,y,y,y,2004
ANA200409090,TOR,ANA,ANA01,20040909,0,7:07PM,night,,,true,,144,37514,unknown,unknown,cloudy,79,tocf,5,munse701,,,iassd901,eddid901,relic901,kellj901,,,lillt001,washj001,speij001,regular,5,4,TOR,ANA,y,both,y,y,y,2004
ANA200409100,CHA,ANA,ANA01,20040910,0,7:07PM,night,,,true,,183,42431,unknown,unknown,cloudy,85,torf,7,munse701,,,cedeg901,reynj901,fleta901,welkt901,,,rodrf003,bajej001,perct001,regular,5,7,ANA,CHA,y,both,y,y,y,2004
ANA200409110,CHA,ANA,ANA01,20040911,0,7:10PM,night,,,true,,177,42568,unknown,unknown,sunny,85,tocf,6,munse701,,,reynj901,fleta901,welkt901,cedeg901,,,grilj001,selea001,,regular,13,6,CHA,ANA,y,both,y,y,y,2004
ANA200409120,CHA,ANA,ANA01,20040912,0,1:07PM,day,,,true,,159,41932,unknown,unknown,sunny,84,unknown,6,munse701,,,fleta901,welkt901,cedeg901,reynj901,,,colob001,contj002,,regular,0,11,ANA,CHA,y,both,y,y,y,2004
SEA200409130,ANA,SEA,SEA03,20040913,0,7:07PM,night,,,true,,171,30432,unknown,unknown,unknown,61,tocf,15,radoe701,,,davig901,drecb901,gibsg901,poncl901,,,escok001,baekc001,rodrf003,regular,5,1,ANA,SEA,y,both,y,y,y,2004
SEA200409140,ANA,SEA,SEA03,20040914,0,7:06PM,night,,,true,,151,28408,dry,none,dome,55,rtol,0,radoe701,,,drecb901,gibsg901,poncl901,davig901,,,madrb001,washj001,putzj001,regular,2,3,SEA,ANA,y,both,y,y,y,2004
SEA200409150,ANA,SEA,SEA03,20040915,0,7:07PM,night,,,true,,133,31269,dry,none,dome,60,rtol,0,mosht701,,,gibsg901,poncl901,davig901,drecb901,,,franr001,lackj001,,regular,0,1,SEA,ANA,y,both,y,y,y,2004
SEA200409160,ANA,SEA,SEA03,20040916,0,7:06PM,night,,,true,,168,28497,dry,none,dome,57,tolf,0,mosht701,,,poncl901,davig901,drecb901,gibsg901,,,selea001,moyej001,,regular,6,1,ANA,SEA,y,both,y,y,y,2004
ANA200409170,TEX,ANA,ANA01,20040917,0,7:07PM,night,,,true,,163,43343,unknown,unknown,sunny,73,rtol,6,munse701,,,barrt901,marqa901,rapue901,reedr901,,,colob001,parkc002,,regular,5,9,ANA,TEX,y,both,y,y,y,2004
ANA200409180,TEX,ANA,ANA01,20040918,0,1:12PM,day,,,true,,190,41233,unknown,unknown,sunny,79,unknown,7,munse701,,,marqa901,rapue901,reedr901,barrt901,,,ramie001,escok001,cordf002,regular,2,0,TEX,ANA,y,both,y,y,y,2004
ANA200409190,TEX,ANA,ANA01,20040919,0,1:07PM,day,,,true,,153,40099,unknown,unknown,cloudy,73,tocf,8,munse701,,,rapue901,reedr901,barrt901,marqa901,,,younc003,washj001,cordf002,regular,1,0,TEX,ANA,y,both,y,y,y,2004
ANA200409200,SEA,ANA,ANA01,20040920,0,7:06PM,night,,,true,,197,39074,unknown,unknown,sunny,69,tocf,7,munse701,,,bellw901,welkb901,guccc901,hirsj901,,,lackj001,franr001,perct001,regular,2,5,ANA,SEA,y,both,y,y,y,2004
ANA200409210,SEA,ANA,ANA01,20040921,0,7:07PM,night,,,true,,181,42251,unknown,unknown,sunny,76,ltor,6,munse701,,,welkb901,guccc901,hirsj901,bellw901,,,moyej001,selea001,,regular,7,3,SEA,ANA,y,both,y,y,y,2004
ANA200409220,SEA,ANA,ANA01,20040922,0,7:07PM,night,,,true,,207,37015,unknown,unknown,sunny,82,torf,5,munse701,,,guccc901,hirsj901,bellw901,welkb901,,,mechg001,colob001,,regular,16,6,SEA,ANA,y,both,y,y,y,2004
ANA200409240,OAK,ANA,ANA01,20040924,0,7:09PM,night,,,true,,175,43503,unknown,unknown,sunny,78,tocf,5,munse701,,,demud901,hudsm901,cousd901,danlk901,,,hardr001,escok001,,regular,6,3,OAK,ANA,y,both,y,y,y,2004
ANA200409250,OAK,ANA,ANA01,20040925,0,1:10PM,day,,,true,,181,43197,unknown,unknown,sunny,83,tocf,5,munse701,,,hudsm901,cousd901,danlk901,demud901,,,rodrf003,bradc001,perct001,regular,3,5,ANA,OAK,y,both,y,y,y,2004
ANA200409260,OAK,ANA,ANA01,20040926,0,5:09PM,night,,,true,,161,43512,unknown,unknown,sunny,81,tocf,7,munse701,,,cousd901,danlk901,demud901,hudsm901,,,lackj001,muldm001,,regular,2,6,ANA,OAK,y,both,y,y,y,2004
TEX200409270,ANA,TEX,ARL02,20040927,0,7:06PM,night,,,true,,161,20333,unknown,unknown,unknown,81,ltor,5,mocej701,,,gormb901,scotd901,kulpr901,millb901,,,colob001,rogek001,perct001,regular,5,3,ANA,TEX,y,both,y,y,y,2004
TEX200409280,ANA,TEX,ARL02,20040928,0,7:06PM,night,,,true,,161,26686,unknown,unknown,cloudy,78,ltor,9,mocej701,,,scotd901,kulpr901,millb901,gormb901,,,escok001,parkc002,,regular,8,2,ANA,TEX,y,both,y,y,y,2004
TEX200409290,ANA,TEX,ARL02,20040929,0,7:06PM,night,,,true,,224,31538,unknown,unknown,sunny,79,fromcf,6,wells701,,,kulpr901,millb901,gormb901,scotd901,,,shies002,cordf002,perct001,regular,8,7,ANA,TEX,y,both,y,y,y,2004
TEX200409300,ANA,TEX,ARL02,20040930,0,1:07PM,day,,,true,,152,23036,unknown,unknown,cloudy,83,fromlf,20,wells701,,,millb901,gormb901,scotd901,kulpr901,,,younc003,lackj001,dickr001,regular,3,6,TEX,ANA,y,both,y,y,y,2004
OAK200410010,ANA,OAK,OAK01,20041001,0,7:07PM,night,,,true,,174,47081,unknown,unknown,cloudy,61,ltor,9,dybdc701,,,rungb901,darlg901,hohnb901,carlm901,,,colob001,muldm001,,regular,10,0,ANA,OAK,y,both,y,y,y,2004
OAK200410020,ANA,OAK,OAK01,20041002,0,1:11PM,day,,,true,,181,42832,unknown,unknown,sunny,62,torf,7,santa701,,,darlg901,hohnb901,carlm901,rungb901,,,donnb001,rincr001,perct001,regular,5,4,ANA,OAK,y,both,y,y,y,2004
OAK200410030,ANA,OAK,OAK01,20041003,0,1:05PM,day,,,true,,140,33640,unknown,unknown,unknown,59,torf,7,santa701,,,hohnb901,carlm901,rungb901,darlg901,,,duchj001,gregk001,,regular,2,3,OAK,ANA,y,both,y,y,y,2004
ANA200410050,BOS,ANA,ANA01,20041005,0,1:09PM,day,,,true,,184,44608,unknown,unknown,sunny,73,tocf,6,munse701,,,younl901,mealj901,rungb901,cedeg901,monte901,danlk901,schic002,washj001,,divisionseries,9,3,BOS,ANA,y,both,y,y,y,2004
ANA200410060,BOS,ANA,ANA01,20041006,0,7:10PM,night,,,true,,228,45118,unknown,unknown,sunny,70,tocf,5,munse701,,,mealj901,rungb901,cedeg901,monte901,danlk901,younl901,martp001,rodrf003,foulk001,divisionseries,8,3,BOS,ANA,y,both,y,y,y,2004
BOS200410080,ANA,BOS,BOS07,20041008,0,4:10PM,day,,,true,,251,35547,unknown,unknown,cloudy,74,tocf,12,munse701,,,rungb901,cedeg901,monte901,danlk901,younl901,mealj901,lowed001,rodrf003,,divisionseries,6,8,BOS,ANA,y,both,y,y,y,2004
ANA200504050,TEX,ANA,ANA01,20050405,0,7:14PM,night,,,true,,147,43590,unknown,unknown,sunny,72,tocf,6,munse701,,,welkt901,cedeg901,onorb901,welkb901,,,colob001,dresr001,rodrf003,regular,2,3,ANA,TEX,y,both,y,y,y,2005
ANA200504060,TEX,ANA,ANA01,20050406,0,7:07PM,night,,,true,,230,35077,unknown,unknown,sunny,77,tocf,6,munse701,,,onorb901,cedeg901,welkb901,welkt901,,,shoub001,prinb001,,regular,3,2,TEX,ANA,y,both,y,y,y,2005
ANA200504070,TEX,ANA,ANA01,20050407,0,7:07PM,night,,,true,,195,35169,unknown,unknown,cloudy,60,tocf,12,munse701,,,cedeg901,welkb901,welkt901,onorb901,,,shies002,shoub001,,regular,6,7,ANA,TEX,y,both,y,y,y,2005
ANA200504080,KCA,ANA,ANA01,20050408,0,7:07PM,night,,,true,,141,39167,unknown,unknown,cloudy,63,torf,12,munse701,,,eddid901,davig901,hohnb901,drakr901,,,bautd002,byrdp001,,regular,6,2,KCA,ANA,y,both,y,y,y,2005
ANA200504090,KCA,ANA,ANA01,20050409,0,7:07PM,night,,,true,,165,42007,unknown,unknown,sunny,65,torf,13,munse701,,,davig901,hohnb901,drakr901,eddid901,,,gregk001,limaj001,,regular,3,8,ANA,KCA,y,both,y,y,y,2005
ANA200504100,KCA,ANA,ANA01,20050410,0,1:07PM,day,,,true,,185,40689,unknown,unknown,sunny,67,torf,6,munse701,,,hohnb901,drakr901,eddid901,davig901,,,andeb002,colob001,,regular,8,3,KCA,ANA,y,both,y,y,y,2005
TEX200504110,ANA,TEX,ARL02,20050411,0,1:07PM,day,,,true,,192,50054,unknown,unknown,sunny,69,tocf,16,wells701,,,cuzzp901,rapue901,barkl901,buckc901,,,shies002,dickr001,rodrf003,regular,7,6,ANA,TEX,y,both,y,y,y,2005
TEX200504120,ANA,TEX,ARL02,20050412,0,7:07PM,night,,,true,,212,23061,unknown,unknown,sunny,75,tocf,11,schid701,,,rapue901,barkl901,buckc901,cuzzp901,,,lackj001,younc003,shies002,regular,13,8,ANA,TEX,y,both,y,y,y,2005
TEX200504130,ANA,TEX,ARL02,20050413,0,7:07PM,night,,,true,,173,21625,unknown,unknown,sunny,73,torf,8,mocej701,,,barkl901,buckc901,cuzzp901,rapue901,,,parkc002,byrdp001,cordf002,regular,5,7,TEX,ANA,y,both,y,y,y,2005
OAK200504150,ANA,OAK,OAK01,20050415,0,7:05PM,night,,,true,,153,23283,unknown,unknown,sunny,61,unknown,10,feldd701,,,tscht901,kulpr901,iassd901,scotd901,,,colob001,zitob001,,regular,6,1,ANA,OAK,y,both,y,y,y,2005
OAK200504160,ANA,OAK,OAK01,20050416,0,1:05PM,day,,,true,,144,25280,unknown,unknown,sunny,59,ltor,6,feldd701,,,kulpr901,iassd901,scotd901,tscht901,,,calek001,shies002,,regular,0,1,OAK,ANA,y,both,y,y,y,2005
OAK200504170,ANA,OAK,OAK01,20050417,0,1:04PM,day,,,true,,152,36291,unknown,unknown,sunny,61,tocf,12,talba701,,,iassd901,scotd901,tscht901,kulpr901,,,streh001,lackj001,doteo001,regular,6,7,OAK,ANA,y,both,y,y,y,2005
ANA200504180,SEA,ANA,ANA01,20050418,0,7:07PM,night,,,true,,156,39638,unknown,unknown,unknown,60,tocf,6,munse701,,,danlk901,reynj901,hirsj901,bellw901,,,byrdp001,selea001,,regular,1,6,ANA,SEA,y,both,y,y,y,2005
ANA200504190,SEA,ANA,ANA01,20050419,0,1:06PM,day,,,true,,191,38667,unknown,unknown,cloudy,64,tocf,6,munse701,,,reynj901,hirsj901,bellw901,danlk901,,,moyej001,gregk001,guare001,regular,5,3,SEA,ANA,y,both,y,y,y,2005
ANA200504200,CLE,ANA,ANA01,20050420,0,7:07PM,night,,,true,,143,42531,unknown,unknown,sunny,64,tocf,8,munse701,,,everm901,timmt901,mcclt901,meric901,,,colob001,westj001,rodrf003,regular,0,2,ANA,CLE,y,both,y,y,y,2005
ANA200504210,CLE,ANA,ANA01,20050421,0,7:07PM,night,,,true,,215,39673,unknown,unknown,sunny,71,tocf,7,munse701,,,timmt901,mcclt901,meric901,everm901,,,rodrf003,davij005,,regular,5,6,ANA,CLE,y,both,y,y,y,2005
ANA200504220,OAK,ANA,ANA01,20050422,0,7:06PM,night,,,true,,179,43810,unknown,unknown,cloudy,64,tocf,5,munse701,,,guccc901,reilm901,schrp901,fleta901,,,yabuk001,rodrf003,doteo001,regular,4,3,OAK,ANA,y,both,y,y,y,2005
ANA200504230,OAK,ANA,ANA01,20050423,0,7:06PM,night,,,true,,176,43880,unknown,unknown,unknown,63,tocf,6,munse701,,,reilm901,schrp901,fleta901,guccc901,,,woodj002,hared001,,regular,5,9,ANA,OAK,y,both,y,y,y,2005
ANA200504240,OAK,ANA,ANA01,20050424,0,5:10PM,night,,,true,,147,43915,unknown,unknown,sunny,63,tocf,9,munse701,,,schrp901,fleta901,guccc901,reilm901,,,shies002,blanj001,rodrf003,regular,0,1,ANA,OAK,y,both,y,y,y,2005
NYA200504260,ANA,NYA,NYC16,20050426,0,7:08PM,night,,,true,,182,36328,unknown,unknown,cloudy,56,rtol,16,karph701,,,hallt901,carlm901,westj901,gormb901,,,pavac001,colob001,,regular,4,12,NYA,ANA,y,both,y,y,y,2005
NYA200504270,ANA,NYA,NYC16,20050427,0,7:22PM,night,,,true,,165,37934,wet,rain,unknown,59,tolf,8,shanb701,,,carlm901,westj901,gormb901,hallt901,,,washj001,mussm001,,regular,5,1,ANA,NYA,y,both,y,y,y,2005
NYA200504280,ANA,NYA,NYC16,20050428,0,7:07PM,night,,,true,,185,51951,unknown,unknown,unknown,53,rtol,15,karph701,,,westj901,gormb901,hallt901,carlm901,,,lackj001,browk001,rodrf003,regular,3,1,ANA,NYA,y,both,y,y,y,2005
MIN200504290,ANA,MIN,MIN03,20050429,0,7:10PM,night,,,true,,151,29866,unknown,unknown,unknown,70,unknown,0,mee-t701,,,wolfj901,marsr901,vanol901,holbs901,,,silvc001,byrdp001,nathj001,regular,4,7,MIN,ANA,y,both,y,y,y,2005
MIN200504300,ANA,MIN,MIN03,20050430,0,6:11PM,night,,,true,,146,31576,unknown,unknown,unknown,70,unknown,0,mee-t701,,,marsr901,vanol901,holbs901,wolfj901,,,radkb001,escok001,nathj001,regular,2,4,MIN,ANA,y,both,y,y,y,2005
MIN200505010,ANA,MIN,MIN03,20050501,0,1:11PM,day,,,true,,144,30837,unknown,unknown,unknown,69,unknown,0,mee-t701,,,vanol901,holbs901,wolfj901,marsr901,,,colob001,santj003,rodrf003,regular,2,1,ANA,MIN,y,both,y,y,y,2005
SEA200505020,ANA,SEA,SEA03,20050502,0,7:06PM,night,,,true,,159,24184,unknown,unknown,unknown,57,torf,6,radoe701,,,darlg901,poncl901,wegnm901,nauep901,,,washj001,franr001,,regular,5,0,ANA,SEA,y,both,y,y,y,2005
SEA200505030,ANA,SEA,SEA03,20050503,0,7:07PM,night,,,true,,142,29917,unknown,unknown,sunny,62,torf,3,radoe701,,,poncl901,wegnm901,nauep901,darlg901,,,lackj001,mechg001,shies002,regular,5,2,ANA,SEA,y,both,y,y,y,2005
SEA200505040,ANA,SEA,SEA03,20050504,0,3:35PM,day,,,true,,182,26303,unknown,unknown,cloudy,67,tocf,2,peted701,,,wegnm901,nauep901,darlg901,poncl901,,,byrdp001,selea001,rodrf003,regular,5,2,ANA,SEA,y,both,y,y,y,2005
ANA200505060,DET,ANA,ANA01,20050506,0,7:09PM,night,,,true,,180,44022,unknown,unknown,cloudy,66,tocf,8,munse701,,,millb901,brinj901,cousd901,nelsj901,,,escok001,ledew001,rodrf003,regular,3,4,ANA,DET,y,both,y,y,y,2005
ANA200505070,DET,ANA,ANA01,20050507,0,7:07PM,night,,,true,,141,43876,unknown,unknown,cloudy,63,tocf,9,munse701,,,brinj901,cousd901,nelsj901,millb901,,,bondj001,colob001,perct001,regular,2,1,DET,ANA,y,both,y,y,y,2005
ANA200505080,DET,ANA,ANA01,20050508,0,1:08PM,day,,,true,,143,43587,unknown,unknown,cloudy,70,tocf,7,munse701,,,cousd901,nelsj901,millb901,brinj901,,,marom001,washj001,,regular,10,1,DET,ANA,y,both,y,y,y,2005
ANA200505090,CLE,ANA,ANA01,20050509,0,7:07PM,night,,,true,,154,36763,unknown,unknown,cloudy,66,tocf,9,munse701,,,herna901,gibsg901,relic901,knigb901,,,millk004,lackj001,wickb001,regular,3,0,CLE,ANA,y,both,y,y,y,2005
ANA200505100,CLE,ANA,ANA01,20050510,0,7:07PM,night,,,true,,177,38320,unknown,unknown,sunny,67,torf,8,munse701,,,gibsg901,relic901,knigb901,barkl901,,,byrdp001,sabac001,rodrf003,regular,4,5,ANA,CLE,y,both,y,y,y,2005
ANA200505110,CLE,ANA,ANA01,20050511,0,1:08PM,day,,,true,,166,35508,unknown,unknown,sunny,73,tocf,3,munse701,,,relic901,knigb901,barkl901,gibsg901,,,lee-c003,escok001,,regular,9,3,CLE,ANA,y,both,y,y,y,2005
DET200505141,ANA,DET,DET05,20050514,1,1:31PM,day,,,true,,175,0,unknown,unknown,overcast,66,rtol,12,lysos701,,,mealj901,wintm901,hallt901,fairc901,,,donnb001,walkj001,rodrf003,regular,4,2,ANA,DET,y,both,y,y,y,2005
DET200505142,ANA,DET,DET05,20050514,2,5:38PM,night,,,true,,148,33380,unknown,unknown,unknown,62,tolf,10,lysos701,,,wendh902,hallt901,fairc901,wintm901,,,marom001,washj001,urbiu001,regular,2,3,DET,ANA,y,both,y,y,y,2005
DET200505150,ANA,DET,DET05,20050515,0,1:07PM,day,,,true,,155,23107,unknown,unknown,unknown,54,rtol,13,lysos701,,,wintm901,hallt901,mealj901,wendh902,,,lackj001,roben001,,regular,9,3,ANA,DET,y,both,y,y,y,2005
CLE200505160,ANA,CLE,CLE08,20050516,0,7:08PM,night,,,true,,148,13729,unknown,unknown,sunny,51,fromcf,7,murrc701,,,iassd901,kulpr901,hoyej901,tscht901,,,byrdp001,lee-c003,shies002,regular,3,1,ANA,CLE,y,both,y,y,y,2005
CLE200505170,ANA,CLE,CLE08,20050517,0,7:05PM,night,,,true,,182,15033,unknown,unknown,unknown,57,fromlf,15,murrc701,,,kulpr901,hoyej901,tscht901,iassd901,,,elars001,sante001,,regular,5,13,CLE,ANA,y,both,y,y,y,2005
CLE200505180,ANA,CLE,CLE08,20050518,0,12:07PM,day,,,true,,153,19030,unknown,unknown,cloudy,65,rtol,10,murrc701,,,hoyej901,tscht901,iassd901,kulpr901,,,colob001,westj001,shies002,regular,2,1,ANA,CLE,y,both,y,y,y,2005
LAN200505200,ANA,LAN,LOS03,20050520,0,7:41PM,night,,,false,,175,54543,unknown,unknown,sunny,70,tocf,5,hartd701,,,emmep901,randt901,monte901,laynj901,,,washj001,erics001,,regular,9,0,ANA,LAN,y,both,y,y,y,2005
LAN200505210,ANA,LAN,LOS03,20050521,0,1:11PM,day,,,false,,177,53631,unknown,unknown,sunny,84,torf,5,munse701,,,randt901,monte901,laynj901,emmep901,,,donnb001,carrg001,shies002,regular,3,1,ANA,LAN,y,both,y,y,y,2005
LAN200505220,ANA,LAN,LOS03,20050522,0,1:10PM,day,,,false,,144,53839,unknown,unknown,sunny,84,tocf,5,munse701,,,monte901,laynj901,emmep901,randt901,,,lowed001,byrdp001,,regular,2,6,LAN,ANA,y,both,y,y,y,2005
ANA200505230,CHA,ANA,ANA01,20050523,0,7:07PM,night,,,true,,138,40991,unknown,unknown,sunny,67,tocf,6,munse701,,,reedr901,craft901,barrt901,marqa901,,,sante001,garlj001,,regular,0,4,ANA,CHA,y,both,y,y,y,2005
ANA200505240,CHA,ANA,ANA01,20050524,0,7:07PM,night,,,true,,170,35182,unknown,unknown,sunny,69,tocf,6,munse701,,,craft901,barrt901,marqa901,reedr901,,,martd004,yan-e001,,regular,2,1,CHA,ANA,y,both,y,y,y,2005
ANA200505250,CHA,ANA,ANA01,20050525,0,7:07PM,night,,,true,,150,42716,unknown,unknown,sunny,73,tocf,8,munse701,,,barrt901,marqa901,reedr901,craft901,,,garcf002,washj001,hermd001,regular,4,2,CHA,ANA,y,both,y,y,y,2005
ANA200505260,CHA,ANA,ANA01,20050526,0,7:07PM,night,,,true,,149,39128,unknown,unknown,sunny,68,tocf,7,munse701,,,marqa901,reedr901,craft901,barrt901,,,lackj001,contj002,shies002,regular,2,3,ANA,CHA,y,both,y,y,y,2005
ANA200505270,KCA,ANA,ANA01,20050527,0,7:07PM,night,,,true,,180,40834,unknown,unknown,sunny,67,tolf,7,munse701,,,wolfj901,marsr901,holbs901,vanol901,,,shies002,macdm001,,regular,8,9,ANA,KCA,y,both,y,y,y,2005
ANA200505280,KCA,ANA,ANA01,20050528,0,7:09PM,night,,,true,,177,43929,unknown,unknown,sunny,67,tolf,7,munse701,,,marsr901,holbs901,vanol901,wolfj901,,,escok001,jensr001,bootc001,regular,1,14,ANA,KCA,y,both,y,y,y,2005
ANA200505290,KCA,ANA,ANA01,20050529,0,1:07PM,day,,,true,,165,42345,unknown,unknown,cloudy,69,tocf,7,munse701,,,holbs901,vanol901,wolfj901,marsr901,,,colob001,hernr003,shies002,regular,6,7,ANA,KCA,y,both,y,y,y,2005
CHA200505300,ANA,CHA,CHI12,20050530,0,3:07PM,day,,,true,,169,38685,unknown,unknown,sunny,62,ltor,10,reeds701,,,mcclt901,meric901,everm901,timmt901,,,polic001,shies002,,regular,4,5,CHA,ANA,y,both,y,y,y,2005
CHA200505310,ANA,CHA,CHI12,20050531,0,7:06PM,night,,,true,,160,19864,unknown,unknown,sunny,62,ltor,14,roseb701,,,meric901,everm901,timmt901,mcclt901,,,polic001,donnb001,,regular,4,5,CHA,ANA,y,both,y,y,y,2005
CHA200506010,ANA,CHA,CHI12,20050601,0,6:07PM,night,,,true,,195,19393,unknown,unknown,cloudy,68,ltor,19,roseb701,,,everm901,timmt901,mcclt901,meric901,,,byrdp001,walkk001,,regular,10,7,ANA,CHA,y,both,y,y,y,2005
BOS200506030,ANA,BOS,BOS07,20050603,0,7:06PM,night,,,true,,185,35328,unknown,unknown,unknown,72,rtol,6,scogc701,,,davig901,hohnb901,eddid901,drecb901,,,myerm001,shies002,foulk001,regular,4,7,BOS,ANA,y,both,y,y,y,2005
BOS200506040,ANA,BOS,BOS07,20050604,0,1:26PM,day,,,true,,231,34754,unknown,unknown,sunny,80,rtol,5,giulj701,,,hohnb901,eddid901,drecb901,davig901,,,colob001,embra001,,regular,13,6,ANA,BOS,y,both,y,y,y,2005
BOS200506050,ANA,BOS,BOS07,20050605,0,2:08PM,day,,,true,,172,35008,unknown,unknown,sunny,84,rtol,8,giulj701,,,eddid901,drecb901,davig901,hohnb901,,,myerm001,woodj002,foulk001,regular,3,6,BOS,ANA,y,both,y,y,y,2005
ATL200506060,ANA,ATL,ATL02,20050606,0,7:35PM,night,,,false,,160,23104,wet,drizzle,unknown,70,ltor,13,stamm701,,,relic901,barkl901,rungb901,gibsg901,,,donnb001,smolj001,rodrf003,regular,4,2,ANA,ATL,y,both,y,y,y,2005
ATL200506070,ANA,ATL,ATL02,20050607,0,7:35PM,night,,,false,,136,25276,unknown,unknown,overcast,74,ltor,8,stamm701,,,barkl901,guccc901,gibsg901,relic901,,,ramih002,byrdp001,reitc001,regular,2,3,ATL,ANA,y,both,y,y,y,2005
ATL200506080,ANA,ATL,ATL02,20050608,0,7:07PM,night,,,false,,197,27747,unknown,unknown,cloudy,81,rtol,7,fredm701,,,guccc901,gibsg901,relic901,barkl901,,,donnb001,fostj001,,regular,8,4,ANA,ATL,y,both,y,y,y,2005
NYN200506100,ANA,NYN,NYC17,20050610,0,7:12PM,night,,,false,,181,31131,unknown,unknown,unknown,75,tolf,11,donnj701,,,hudsm901,younl901,coope901,culbf901,,,colob001,ishik001,,regular,12,2,ANA,NYN,y,both,y,y,y,2005
NYN200506110,ANA,NYN,NYC17,20050611,0,8:34PM,night,,,false,,197,33889,unknown,unknown,overcast,76,tolf,10,shanb701,,,younl901,coope901,culbf901,hudsm901,,,loopb001,donnb001,,regular,3,5,NYN,ANA,y,both,y,y,y,2005
NYN200506120,ANA,NYN,NYC17,20050612,0,1:11PM,day,,,false,,173,43582,unknown,unknown,unknown,88,tocf,12,karph701,,,coope901,culbf901,hudsm901,younl901,,,shies002,loopb001,rodrf003,regular,4,3,ANA,NYN,y,both,y,y,y,2005
ANA200506130,WAS,ANA,ANA01,20050613,0,7:07PM,night,,,true,,155,40790,unknown,unknown,sunny,76,tocf,6,munse701,,,scotd901,tscht901,kulpr901,iassd901,,,byrdp001,loaie001,,regular,1,11,ANA,WAS,y,both,y,y,y,2005
ANA200506140,WAS,ANA,ANA01,20050614,0,7:07PM,night,,,true,,210,43874,unknown,unknown,sunny,71,tocf,5,munse701,,,tscht901,kulpr901,iassd901,scotd901,,,majeg001,shies002,cordc001,regular,6,3,WAS,ANA,y,both,y,y,y,2005
ANA200506150,WAS,ANA,ANA01,20050615,0,7:07PM,night,,,true,,140,43505,unknown,unknown,unknown,68,tocf,8,munse701,,,kulpr901,iassd901,scotd901,tscht901,,,dresr001,colob001,cordc001,regular,1,0,WAS,ANA,y,both,y,y,y,2005
ANA200506170,FLO,ANA,ANA01,20050617,0,7:06PM,night,,,true,,199,43767,unknown,unknown,sunny,68,tocf,6,munse701,,,westj901,gormb901,dimum901,carlm901,,,shies002,mecij001,,regular,2,3,ANA,FLO,y,both,y,y,y,2005
ANA200506180,FLO,ANA,ANA01,20050618,0,12:15PM,day,,,true,,174,43833,unknown,unknown,cloudy,71,tocf,7,munse701,,,gormb901,dimum901,carlm901,westj901,,,rodrf003,jonet003,,regular,1,2,ANA,FLO,y,both,y,y,y,2005
ANA200506190,FLO,ANA,ANA01,20050619,0,1:09PM,day,,,true,,192,43788,unknown,unknown,sunny,76,tocf,6,munse701,,,dimum901,carlm901,westj901,gormb901,,,leita001,sante001,jonet003,regular,7,5,FLO,ANA,y,both,y,y,y,2005
ANA200506200,TEX,ANA,ANA01,20050620,0,7:06PM,night,,,true,,141,41007,unknown,unknown,sunny,71,tocf,6,munse701,,,mcclt901,meric901,everm901,timmt901,,,byrdp001,younc003,,regular,1,5,ANA,TEX,y,both,y,y,y,2005
ANA200506210,TEX,ANA,ANA01,20050621,0,7:06PM,night,,,true,,174,43025,unknown,unknown,sunny,76,tocf,5,munse701,,,meric901,everm901,timmt901,mcclt901,,,colob001,parkc002,,regular,6,8,ANA,TEX,y,both,y,y,y,2005
ANA200506220,TEX,ANA,ANA01,20050622,0,7:07PM,night,,,true,,144,41763,unknown,unknown,sunny,72,tocf,4,munse701,,,everm901,timmt901,mcclt901,meric901,,,washj001,rogek001,,regular,0,6,ANA,TEX,y,both,y,y,y,2005
ANA200506240,LAN,ANA,ANA01,20050624,0,7:06PM,night,,,true,,154,44056,unknown,unknown,sunny,74,tocf,5,munse701,,,wendh902,mealj901,wintm901,froeb901,,,lackj001,weavj002,,regular,0,7,ANA,LAN,y,both,y,y,y,2005
ANA200506250,LAN,ANA,ANA01,20050625,0,7:04PM,night,,,true,,167,44107,unknown,unknown,sunny,68,tocf,7,munse701,,,mealj901,wintm901,froeb901,wendh902,,,sante001,pennb002,rodrf003,regular,1,3,ANA,LAN,y,both,y,y,y,2005
ANA200506260,LAN,ANA,ANA01,20050626,0,1:06PM,day,,,true,,156,44029,unknown,unknown,sunny,73,tocf,7,munse701,,,wintm901,froeb901,wendh902,mealj901,,,donnb001,wunsk001,rodrf003,regular,3,5,ANA,LAN,y,both,y,y,y,2005
TEX200506270,ANA,TEX,ARL02,20050627,0,7:06PM,night,,,true,,146,34471,unknown,unknown,cloudy,95,fromlf,13,mocej701,,,welkt901,onorb901,hicke901,cedeg901,,,colob001,wilsc004,,regular,13,3,ANA,TEX,y,both,y,y,y,2005
TEX200506280,ANA,TEX,ARL02,20050628,0,7:06PM,night,,,true,,196,27159,unknown,unknown,sunny,94,fromlf,14,wells701,,,onorb901,hicke901,cedeg901,welkt901,,,donnb001,loe-k001,,regular,5,1,ANA,TEX,y,both,y,y,y,2005
TEX200506290,ANA,TEX,ARL02,20050629,0,7:07PM,night,,,true,,205,30112,unknown,unknown,sunny,95,fromlf,16,wells701,,,hicke901,cedeg901,welkt901,onorb901,,,loe-k001,shies002,,regular,6,7,TEX,ANA,y,both,y,y,y,2005
TEX200506300,ANA,TEX,ARL02,20050630,0,1:07PM,day,,,true,,173,27466,unknown,unknown,sunny,97,fromlf,15,schid701,,,cedeg901,welkt901,onorb901,hicke901,,,younc003,sante001,,regular,5,18,TEX,ANA,y,both,y,y,y,2005
KCA200507010,ANA,KCA,KAN06,20050701,0,7:11PM,night,,,true,,148,17893,unknown,unknown,sunny,81,fromlf,8,blacd701,,,crawj901,buckc901,cuzzp901,rapue901,,,byrdp001,hernr003,,regular,5,0,ANA,KCA,y,both,y,y,y,2005
KCA200507020,ANA,KCA,KAN06,20050702,0,6:11PM,night,,,true,,153,16051,unknown,unknown,sunny,84,rtol,9,ruddw701,,,buckc901,cuzzp901,rapue901,crawj901,,,colob001,limaj001,rodrf003,regular,5,3,ANA,KCA,y,both,y,y,y,2005
KCA200507030,ANA,KCA,KAN06,20050703,0,6:10PM,night,,,true,,95,14872,unknown,unknown,cloudy,88,rtol,17,eskea701,,,cuzzp901,rapue901,crawj901,buckc901,,,washj001,greiz001,,regular,5,0,ANA,KCA,y,both,y,y,y,2005
ANA200507040,MIN,ANA,ANA01,20050704,0,6:07PM,night,,,true,,172,44008,unknown,unknown,sunny,73,tocf,6,munse701,,,hallt901,darlg901,drakr901,wegnm901,,,silvc001,lackj001,nathj001,regular,7,5,MIN,ANA,y,both,y,y,y,2005
ANA200507050,MIN,ANA,ANA01,20050705,0,7:06PM,night,,,true,,169,42335,unknown,unknown,sunny,76,tocf,7,munse701,,,darlg901,drakr901,wegnm901,hallt901,,,sante001,bakes002,rodrf003,regular,1,2,ANA,MIN,y,both,y,y,y,2005
ANA200507060,MIN,ANA,ANA01,20050706,0,1:07PM,day,,,true,,163,41534,unknown,unknown,sunny,77,tolf,7,munse701,,,drakr901,wegnm901,hallt901,darlg901,,,peraj002,santj003,rodrf003,regular,6,7,ANA,MIN,y,both,y,y,y,2005
ANA200507070,SEA,ANA,ANA01,20050707,0,7:07PM,night,,,true,,140,43747,unknown,unknown,sunny,73,tocf,5,munse701,,,wegnm901,hallt901,darlg901,drakr901,,,pinej001,colob001,,regular,10,2,SEA,ANA,y,both,y,y,y,2005
ANA200507080,SEA,ANA,ANA01,20050708,0,7:07PM,night,,,true,,194,43853,unknown,unknown,sunny,70,tocf,6,munse701,,,nelsj901,millb901,brinj901,cousd901,,,moyej001,washj001,,regular,10,4,SEA,ANA,y,both,y,y,y,2005
ANA200507090,SEA,ANA,ANA01,20050709,0,7:06PM,night,,,true,,163,44012,unknown,unknown,sunny,71,tocf,7,munse701,,,millb901,brinj901,cousd901,nelsj901,,,franr001,lackj001,,regular,6,3,SEA,ANA,y,both,y,y,y,2005
ANA200507100,SEA,ANA,ANA01,20050710,0,1:07PM,day,,,true,,189,41657,unknown,unknown,sunny,77,tocf,7,munse701,,,brinj901,cousd901,nelsj901,millb901,,,mechg001,sante001,guare001,regular,7,4,SEA,ANA,y,both,y,y,y,2005
MIN200507140,ANA,MIN,MIN03,20050714,0,7:10PM,night,,,true,,173,21979,unknown,unknown,unknown,70,unknown,0,mee-t701,,,carlm901,westj901,knigb901,dimum901,,,washj001,lohsk001,rodrf003,regular,3,2,ANA,MIN,y,both,y,y,y,2005
MIN200507150,ANA,MIN,MIN03,20050715,0,7:11PM,night,,,true,,144,25920,unknown,unknown,unknown,73,unknown,0,mee-t701,,,westj901,knigb901,dimum901,carlm901,,,byrdp001,radkb001,rodrf003,regular,3,2,ANA,MIN,y,both,y,y,y,2005
MIN200507160,ANA,MIN,MIN03,20050716,0,6:10PM,night,,,true,,179,34009,unknown,unknown,unknown,74,unknown,0,mee-t701,,,gormb901,dimum901,carlm901,westj901,,,santj003,colob001,nathj001,regular,4,5,MIN,ANA,y,both,y,y,y,2005
MIN200507170,ANA,MIN,MIN03,20050717,0,1:11PM,day,,,true,,140,30367,unknown,unknown,unknown,70,unknown,0,mee-t701,,,dimum901,carlm901,westj901,gormb901,,,lackj001,maysj001,rodrf003,regular,2,1,ANA,MIN,y,both,y,y,y,2005
ANA200507180,OAK,ANA,ANA01,20050718,0,7:08PM,night,,,true,,137,40546,unknown,unknown,sunny,75,tocf,7,munse701,,,herna901,gibsg901,(none),barkl901,,,sante001,saark001,rodrf003,regular,2,5,ANA,OAK,y,both,y,y,y,2005
ANA200507190,OAK,ANA,ANA01,20050719,0,7:07PM,night,,,true,,148,42155,unknown,unknown,sunny,76,tolf,6,munse701,,,gibsg901,guccc901,barkl901,herna901,,,hardr001,washj001,streh001,regular,3,1,OAK,ANA,y,both,y,y,y,2005
ANA200507200,OAK,ANA,ANA01,20050720,0,7:07PM,night,,,true,,157,42285,unknown,unknown,cloudy,77,tolf,4,munse701,,,guccc901,barkl901,herna901,gibsg901,,,zitob001,byrdp001,streh001,regular,3,0,OAK,ANA,y,both,y,y,y,2005
ANA200507210,NYA,ANA,ANA01,20050721,0,7:07PM,night,,,true,,164,44109,unknown,unknown,sunny,87,tocf,7,munse701,,,younl901,coope901,culbf901,hudsm901,,,colob001,gordt001,rodrf003,regular,5,6,ANA,NYA,y,both,y,y,y,2005
ANA200507220,NYA,ANA,ANA01,20050722,0,7:07PM,night,,,true,,184,44043,unknown,unknown,sunny,79,tocf,6,munse701,,,coope901,culbf901,hudsm901,younl901,,,lackj001,leita001,rodrf003,regular,3,6,ANA,NYA,y,both,y,y,y,2005
ANA200507230,NYA,ANA,ANA01,20050723,0,7:07PM,night,,,true,,194,44035,unknown,unknown,unknown,79,tolf,9,munse701,,,culbf901,hudsm901,younl901,coope901,,,sante001,browk001,rodrf003,regular,6,8,ANA,NYA,y,both,y,y,y,2005
ANA200507240,NYA,ANA,ANA01,20050724,0,1:07PM,day,,,true,,190,44032,unknown,unknown,cloudy,84,tolf,6,munse701,,,hudsm901,younl901,coope901,culbf901,,,mussm001,washj001,rivem002,regular,4,1,NYA,ANA,y,both,y,y,y,2005
TOR200507260,ANA,TOR,TOR02,20050726,0,7:10PM,night,,,true,,149,18754,dry,none,dome,68,unknown,0,cauzl701,,,buckc901,cuzzp901,rapue901,crawj901,,,chacg001,byrdp001,,regular,0,8,TOR,ANA,y,both,y,y,y,2005
TOR200507270,ANA,TOR,TOR02,20050727,0,7:09PM,night,,,true,,180,18998,unknown,unknown,cloudy,72,fromcf,11,cauzl701,,,cuzzp901,rapue901,crawj901,buckc901,,,batim001,donnb001,,regular,2,3,TOR,ANA,y,both,y,y,y,2005
TOR200507280,ANA,TOR,TOR02,20050728,0,7:09PM,night,,,true,,290,19706,unknown,unknown,sunny,75,torf,10,cauzl701,,,rapue901,crawj901,buckc901,cuzzp901,,,walkp001,shies002,,regular,1,2,TOR,ANA,y,both,y,y,y,2005
NYA200507290,ANA,NYA,NYC16,20050729,0,7:08PM,night,,,true,,179,54025,unknown,unknown,cloudy,80,rtol,13,shanb701,,,nauep901,wegnm901,darlg901,hallt901,,,sante001,mussm001,rodrf003,regular,4,1,ANA,NYA,y,both,y,y,y,2005
NYA200507300,ANA,NYA,NYC16,20050730,0,1:26PM,day,,,true,,223,54220,unknown,unknown,sunny,80,ltor,10,karph701,,,wegnm901,darlg901,hallt901,nauep901,,,rivem002,rodrf003,,regular,7,8,NYA,ANA,y,both,y,y,y,2005
NYA200507310,ANA,NYA,NYC16,20050731,0,1:08PM,day,,,true,,260,53653,unknown,unknown,cloudy,82,ltor,12,sprej701,,,darlg901,hallt901,nauep901,wegnm901,,,gordt001,gregk001,,regular,7,8,NYA,ANA,y,both,y,y,y,2005
ANA200508020,BAL,ANA,ANA01,20050802,0,7:07PM,night,,,true,,170,43643,unknown,unknown,sunny,73,tocf,6,munse701,,,emmep901,randt901,monte901,laynj901,,,colob001,ponss001,,regular,1,10,ANA,BAL,y,both,y,y,y,2005
ANA200508030,BAL,ANA,ANA01,20050803,0,7:07PM,night,,,true,,190,43749,unknown,unknown,sunny,75,tocf,6,munse701,,,randt901,monte901,laynj901,emmep901,,,lackj001,bedae001,,regular,4,8,ANA,BAL,y,both,y,y,y,2005
ANA200508040,BAL,ANA,ANA01,20050804,0,1:08PM,day,,,true,,183,43877,unknown,unknown,sunny,79,tolf,7,munse701,,,monte901,laynj901,emmep901,randt901,,,loper001,sante001,ryanb001,regular,4,1,BAL,ANA,y,both,y,y,y,2005
ANA200508050,TBA,ANA,ANA01,20050805,0,7:07PM,night,,,true,,143,43873,unknown,unknown,sunny,77,tocf,5,munse701,,,wolfj901,marsr901,hallt901,vanol901,,,shies002,waecd001,rodrf003,regular,4,5,ANA,TBA,y,both,y,y,y,2005
ANA200508060,TBA,ANA,ANA01,20050806,0,7:07PM,night,,,true,,173,43909,unknown,unknown,sunny,78,tocf,5,munse701,,,marsr901,hallt901,vanol901,wolfj901,,,hendm001,bootc001,baezd001,regular,6,4,TBA,ANA,y,both,y,y,y,2005
ANA200508070,TBA,ANA,ANA01,20050807,0,1:08PM,day,,,true,,166,43730,unknown,unknown,sunny,82,tolf,5,munse701,,,hallt901,vanol901,wolfj901,marsr901,,,colob001,mccls002,,regular,4,10,ANA,TBA,y,both,y,y,y,2005
OAK200508090,ANA,OAK,OAK01,20050809,0,7:06PM,night,,,true,,158,40774,unknown,unknown,sunny,65,torf,13,feldd701,,,westj901,gormb901,dimum901,carlm901,,,lackj001,hardr001,,regular,9,2,ANA,OAK,y,both,y,y,y,2005
OAK200508100,ANA,OAK,OAK01,20050810,0,7:07PM,night,,,true,,164,45131,unknown,unknown,sunny,67,fromlf,14,feldd701,,,gormb901,dimum901,carlm901,westj901,,,duchj001,shies002,streh001,regular,3,4,OAK,ANA,y,both,y,y,y,2005
OAK200508110,ANA,OAK,OAK01,20050811,0,12:36PM,day,,,true,,181,31471,unknown,unknown,sunny,72,torf,14,feldd701,,,dimum901,carlm901,westj901,gormb901,,,duchj001,shies002,,regular,4,5,OAK,ANA,y,both,y,y,y,2005
SEA200508120,ANA,SEA,SEA03,20050812,0,7:06PM,night,,,true,,182,37585,unknown,unknown,unknown,70,ltor,10,radoe701,,,hoyej901,guccc901,diazl901,demud901,,,donnb001,putzj001,,regular,9,4,ANA,SEA,y,both,y,y,y,2005
SEA200508130,ANA,SEA,SEA03,20050813,0,1:11PM,day,,,true,,165,42500,unknown,unknown,sunny,70,ltor,5,radoe701,,,guccc901,diazl901,demud901,fostm901,,,colob001,franr001,,regular,9,1,ANA,SEA,y,both,y,y,y,2005
SEA200508140,ANA,SEA,SEA03,20050814,0,1:06PM,day,,,true,,207,38468,unknown,unknown,sunny,71,ltor,4,peted701,,,diazl901,demud901,fostm901,guccc901,,,donnb001,sherg001,rodrf003,regular,7,6,ANA,SEA,y,both,y,y,y,2005
ANA200508150,TOR,ANA,ANA01,20050815,0,7:07PM,night,,,true,,229,38936,unknown,unknown,sunny,69,tolf,4,munse701,,,kulpr901,iassd901,scotd901,tscht901,,,shies002,walkp001,,regular,4,5,ANA,TOR,y,both,y,y,y,2005
ANA200508160,TOR,ANA,ANA01,20050816,0,7:07PM,night,,,true,,159,42468,unknown,unknown,sunny,73,tolf,8,munse701,,,iassd901,scotd901,tscht901,kulpr901,,,leagb001,rodrf003,batim001,regular,4,3,TOR,ANA,y,both,y,y,y,2005
ANA200508170,TOR,ANA,ANA01,20050817,0,7:07PM,night,,,true,,159,43026,unknown,unknown,sunny,75,tocf,7,munse701,,,scotd901,tscht901,kulpr901,iassd901,,,towej001,washj001,batim001,regular,4,1,TOR,ANA,y,both,y,y,y,2005
ANA200508180,BOS,ANA,ANA01,20050818,0,7:07PM,night,,,true,,177,44050,unknown,unknown,sunny,73,tocf,8,munse701,,,cedeg901,welkb901,onorb901,welkt901,,,colob001,waket001,,regular,4,13,ANA,BOS,y,both,y,y,y,2005
ANA200508190,BOS,ANA,ANA01,20050819,0,7:07PM,night,,,true,,224,43896,unknown,unknown,sunny,75,tocf,5,munse701,,,welkb901,onorb901,welkt901,cedeg901,,,schic002,shies002,,regular,4,3,BOS,ANA,y,both,y,y,y,2005
ANA200508200,BOS,ANA,ANA01,20050820,0,1:10PM,day,,,true,,183,44014,unknown,unknown,sunny,80,tolf,7,munse701,,,onorb901,welkt901,cedeg901,welkb901,,,sante001,arrob001,rodrf003,regular,2,4,ANA,BOS,y,both,y,y,y,2005
ANA200508210,BOS,ANA,ANA01,20050821,0,1:07PM,day,,,true,,184,44022,unknown,unknown,sunny,78,tocf,5,munse701,,,welkt901,cedeg901,welkb901,onorb901,,,timlm001,byrdp001,,regular,5,1,BOS,ANA,y,both,y,y,y,2005
BAL200508230,ANA,BAL,BAL12,20050823,0,7:08PM,night,,,true,,182,31768,unknown,unknown,cloudy,80,unknown,6,hennj701,,,randt901,laynj901,emmep901,monte901,,,washj001,duboe001,rodrf003,regular,7,6,ANA,BAL,y,both,y,y,y,2005
BAL200508240,ANA,BAL,BAL12,20050824,0,7:09PM,night,,,true,,160,27586,unknown,unknown,sunny,80,fromcf,5,hennj701,,,laynj901,emmep901,monte901,randt901,,,colob001,bedae001,rodrf003,regular,3,1,ANA,BAL,y,both,y,y,y,2005
BAL200508250,ANA,BAL,BAL12,20050825,0,7:09PM,night,,,true,,144,26832,unknown,unknown,unknown,80,ltor,6,jacom701,,,emmep901,monte901,randt901,laynj901,,,loper001,lackj001,ryanb001,regular,0,2,BAL,ANA,y,both,y,y,y,2005
TBA200508260,ANA,TBA,STP01,20050826,0,7:16PM,night,,,true,,189,13039,unknown,unknown,dome,72,unknown,0,martr701,,,herna901,rungb901,hallt901,gibsg901,,,fossc001,sante001,,regular,8,12,TBA,ANA,y,both,y,y,y,2005
TBA200508270,ANA,TBA,STP01,20050827,0,6:16PM,night,,,true,,142,12445,unknown,unknown,dome,72,unknown,0,fergj701,,,rungb901,hallt901,gibsg901,herna901,,,waecd001,byrdp001,baezd001,regular,3,6,TBA,ANA,y,both,y,y,y,2005
TBA200508280,ANA,TBA,STP01,20050828,0,2:16PM,day,,,true,,126,13703,unknown,unknown,dome,72,unknown,0,martr701,,,hallt901,gibsg901,herna901,rungb901,,,hendm001,washj001,baezd001,regular,1,2,TBA,ANA,y,both,y,y,y,2005
ANA200508300,OAK,ANA,ANA01,20050830,0,7:07PM,night,,,true,,177,42176,unknown,unknown,sunny,76,tocf,7,munse701,,,barkl901,reynj901,hirsj901,drakr901,,,calek001,rodrf003,streh001,regular,2,1,OAK,ANA,y,both,y,y,y,2005
ANA200508310,OAK,ANA,ANA01,20050831,0,7:07PM,night,,,true,,153,43501,unknown,unknown,sunny,72,tocf,6,munse701,,,reynj901,hirsj901,drakr901,barkl901,,,lackj001,blanj001,rodrf003,regular,1,2,ANA,OAK,y,both,y,y,y,2005
ANA200509010,OAK,ANA,ANA01,20050901,0,7:07PM,night,,,true,,149,41632,unknown,unknown,sunny,71,tocf,5,munse701,,,hirsj901,drakr901,barkl901,reynj901,,,sante001,kennj001,rodrf003,regular,0,3,ANA,OAK,y,both,y,y,y,2005
ANA200509020,SEA,ANA,ANA01,20050902,0,7:07PM,night,,,true,,139,42604,unknown,unknown,sunny,71,tolf,4,munse701,,,kellj901,schrp901,fleta901,davib902,,,byrdp001,moyej001,rodrf003,regular,1,4,ANA,SEA,y,both,y,y,y,2005
ANA200509030,SEA,ANA,ANA01,20050903,0,7:07PM,night,,,true,,190,43819,unknown,unknown,sunny,75,tocf,6,munse701,,,schrp901,fleta901,davib902,kellj901,,,putzj001,shies002,,regular,6,3,SEA,ANA,y,both,y,y,y,2005
ANA200509040,SEA,ANA,ANA01,20050904,0,1:08PM,day,,,true,,184,43757,unknown,unknown,sunny,80,tolf,5,munse701,,,fleta901,davib902,kellj901,schrp901,,,colob001,harrj001,rodrf003,regular,3,5,ANA,SEA,y,both,y,y,y,2005
BOS200509060,ANA,BOS,BOS07,20050906,0,7:05PM,night,,,true,,166,35061,unknown,unknown,sunny,69,fromlf,3,shalm701,,,coope901,culbf901,hudsm901,hoyej901,,,waket001,shies002,,regular,2,3,BOS,ANA,y,both,y,y,y,2005
BOS200509070,ANA,BOS,BOS07,20050907,0,7:08PM,night,,,true,,154,35423,unknown,unknown,sunny,78,tolf,14,carpe701,,,culbf901,hudsm901,hoyej901,younl901,,,arrob001,sante001,timlm001,regular,3,6,BOS,ANA,y,both,y,y,y,2005
BOS200509080,ANA,BOS,BOS07,20050908,0,7:08PM,night,,,true,,198,35351,unknown,unknown,sunny,83,fromlf,10,carpe701,,,hudsm901,hoyej901,younl901,coope901,,,byrdp001,clemm001,rodrf003,regular,3,0,ANA,BOS,y,both,y,y,y,2005
CHA200509090,ANA,CHA,CHI12,20050909,0,7:06PM,night,,,true,,225,28059,unknown,unknown,sunny,75,ltor,11,roseb701,,,kulpr901,iassd901,scotd901,tscht901,,,donnb001,hermd001,rodrf003,regular,6,5,ANA,CHA,y,both,y,y,y,2005
CHA200509100,ANA,CHA,CHI12,20050910,0,12:25PM,day,,,true,,183,26538,unknown,unknown,sunny,83,fromlf,11,roseb701,,,iassd901,scotd901,tscht901,kulpr901,,,colob001,garlj001,,regular,10,5,ANA,CHA,y,both,y,y,y,2005
CHA200509110,ANA,CHA,CHI12,20050911,0,2:08PM,day,,,true,,156,29321,unknown,unknown,cloudy,87,rtol,10,roseb701,,,scotd901,tscht901,kulpr901,iassd901,,,lackj001,herno001,,regular,6,1,ANA,CHA,y,both,y,y,y,2005
SEA200509120,ANA,SEA,SEA03,20050912,0,7:07PM,night,,,true,,148,27952,unknown,unknown,overcast,66,fromcf,4,padud701,,,laynj901,emmep901,monte901,randt901,,,pinej001,sante001,,regular,1,8,SEA,ANA,y,both,y,y,y,2005
SEA200509130,ANA,SEA,SEA03,20050913,0,7:07PM,night,,,true,,133,28813,unknown,unknown,sunny,70,tocf,4,peted701,,,emmep901,monte901,randt901,laynj901,,,putzj001,byrdp001,,regular,1,2,SEA,ANA,y,both,y,y,y,2005
SEA200509140,ANA,SEA,SEA03,20050914,0,1:36PM,day,,,true,,207,23397,unknown,unknown,unknown,59,tolf,3,padud701,,,monte901,randt901,laynj901,emmep901,,,guare001,rodrf003,,regular,9,10,SEA,ANA,y,both,y,y,y,2005
ANA200509150,DET,ANA,ANA01,20050915,0,7:08PM,night,,,true,,164,41962,unknown,unknown,sunny,67,torf,4,munse701,,,diazl901,davib902,demud901,fostm901,,,marom001,colob001,dingc001,regular,8,6,DET,ANA,y,both,y,y,y,2005
ANA200509160,DET,ANA,ANA01,20050916,0,7:07PM,night,,,true,,235,43144,unknown,unknown,sunny,68,torf,4,munse701,,,davib902,demud901,fostm901,diazl901,,,escok001,darev001,,regular,6,7,ANA,DET,y,both,y,y,y,2005
ANA200509170,DET,ANA,ANA01,20050917,0,7:06PM,night,,,true,,164,43831,unknown,unknown,sunny,67,tocf,6,munse701,,,demud901,fostm901,diazl901,davib902,,,sante001,spurc001,rodrf003,regular,1,3,ANA,DET,y,both,y,y,y,2005
ANA200509180,DET,ANA,ANA01,20050918,0,1:08PM,day,,,true,,171,43076,unknown,unknown,cloudy,75,tocf,5,munse701,,,fostm901,diazl901,davib902,demud901,,,byrdp001,gintm001,rodrf003,regular,3,5,ANA,DET,y,both,y,y,y,2005
ANA200509200,TEX,ANA,ANA01,20050920,0,7:08PM,night,,,true,,152,36170,unknown,unknown,cloudy,69,torf,3,munse701,,,hohnb901,drecb901,hicke901,davig901,,,colob001,domij001,rodrf003,regular,1,2,ANA,TEX,y,both,y,y,y,2005
ANA200509210,TEX,ANA,ANA01,20050921,0,7:07PM,night,,,true,,209,37776,unknown,unknown,sunny,75,torf,4,munse701,,,drecb901,hicke901,davig901,hohnb901,,,yan-e001,felds001,rodrf003,regular,5,6,ANA,TEX,y,both,y,y,y,2005
ANA200509220,TEX,ANA,ANA01,20050922,0,7:07PM,night,,,true,,153,36588,unknown,unknown,sunny,70,torf,3,munse701,,,hicke901,davig901,hohnb901,drecb901,,,sante001,volqe001,escok001,regular,4,7,ANA,TEX,y,both,y,y,y,2005
ANA200509230,TBA,ANA,ANA01,20050923,0,7:07PM,night,,,true,,163,42421,unknown,unknown,cloudy,67,tolf,7,munse701,,,millb901,brinj901,cousd901,nelsj901,,,shies002,boroj001,rodrf003,regular,5,7,ANA,TBA,y,both,y,y,y,2005
ANA200509240,TBA,ANA,ANA01,20050924,0,7:07PM,night,,,true,,136,42344,unknown,unknown,sunny,68,tocf,7,munse701,,,brinj901,cousd901,nelsj901,millb901,,,washj001,waecd001,,regular,3,7,ANA,TBA,y,both,y,y,y,2005
ANA200509250,TBA,ANA,ANA01,20050925,0,1:08PM,day,,,true,,180,41733,unknown,unknown,sunny,76,ltor,7,munse701,,,cousd901,nelsj901,millb901,brinj901,,,hendm001,colob001,,regular,8,4,TBA,ANA,y,both,y,y,y,2005
OAK200509260,ANA,OAK,OAK01,20050926,0,7:05PM,night,,,true,,149,19347,unknown,unknown,sunny,60,ltor,14,dybdc701,,,everm901,herna901,gibsg901,mcclt901,,,lackj001,blanj001,rodrf003,regular,4,3,ANA,OAK,y,both,y,y,y,2005
OAK200509270,ANA,OAK,OAK01,20050927,0,7:05PM,night,,,true,,137,18416,unknown,unknown,sunny,65,ltor,12,dybdc701,,,herna901,gibsg901,mcclt901,everm901,,,sante001,kennj001,rodrf003,regular,4,3,ANA,OAK,y,both,y,y,y,2005
OAK200509280,ANA,OAK,OAK01,20050928,0,7:07PM,night,,,true,,141,34562,unknown,unknown,sunny,72,ltor,6,dybdc701,,,gibsg901,mcclt901,everm901,herna901,,,hared001,byrdp001,,regular,1,6,OAK,ANA,y,both,y,y,y,2005
OAK200509290,ANA,OAK,OAK01,20050929,0,12:36PM,day,,,true,,140,21957,unknown,unknown,sunny,75,tocf,7,feldd701,,,mcclt901,everm901,herna901,gibsg901,,,colob001,zitob001,,regular,7,1,ANA,OAK,y,both,y,y,y,2005
TEX200509300,ANA,TEX,ARL02,20050930,0,7:07PM,night,,,true,,175,38187,unknown,unknown,sunny,81,fromcf,11,schid701,,,carlm901,gormb901,dimum901,westj901,,,lackj001,dickr001,,regular,7,1,ANA,TEX,y,both,y,y,y,2005
TEX200510010,ANA,TEX,ARL02,20051001,0,7:07PM,night,,,true,,183,48174,unknown,unknown,sunny,86,fromlf,15,wells701,,,gormb901,dimum901,westj901,carlm901,,,shies002,domij001,rodrf003,regular,7,6,ANA,TEX,y,both,y,y,y,2005
TEX200510020,ANA,TEX,ARL02,20051002,0,1:08PM,day,,,true,,154,38334,unknown,unknown,cloudy,87,fromlf,16,wells701,,,dimum901,westj901,carlm901,gormb901,,,sante001,loe-k001,rodrf003,regular,7,4,ANA,TEX,y,both,y,y,y,2005
ANA200510040,NYA,ANA,ANA01,20051004,0,5:20PM,night,,,true,,179,45142,unknown,unknown,sunny,78,tocf,7,frisd701,,,darlg901,mealj901,cousd901,marqa901,westj901,reynj901,mussm001,colob001,rivem002,divisionseries,4,2,NYA,ANA,y,both,y,y,y,2005
ANA200510050,NYA,ANA,ANA01,20051005,0,7:09PM,night,,,true,,185,45150,unknown,unknown,sunny,81,ltor,7,frisd701,,,mealj901,cousd901,marqa901,westj901,reynj901,darlg901,escok001,wangc001,rodrf003,divisionseries,3,5,ANA,NYA,y,both,y,y,y,2005
NYA200510070,ANA,NYA,NYC16,20051007,0,8:09PM,night,,,true,,240,56277,wet,rain,unknown,74,fromlf,12,frisd701,,,cousd901,marqa901,westj901,reynj901,darlg901,mealj901,shies002,smala001,,divisionseries,11,7,ANA,NYA,y,both,y,y,y,2005
NYA200510090,ANA,NYA,NYC16,20051009,0,7:56PM,night,,,true,,193,56226,unknown,unknown,unknown,61,ltor,6,frisd701,,,marqa901,westj901,reynj901,darlg901,mealj901,cousd901,leita001,shies002,rivem002,divisionseries,2,3,NYA,ANA,y,both,y,y,y,2005
ANA200510100,NYA,ANA,ANA01,20051010,0,5:16PM,night,,,true,,209,45133,unknown,unknown,sunny,77,tocf,6,frisd701,,,westj901,reynj901,darlg901,mealj901,cousd901,marqa901,sante001,mussm001,rodrf003,divisionseries,3,5,ANA,NYA,y,both,y,y,y,2005
CHA200510110,ANA,CHA,CHI12,20051011,0,7:19PM,night,,,true,,167,40659,unknown,unknown,sunny,61,fromcf,10,munse701,,,crawj901,eddid901,barrt901,kulpr901,rapue901,marsr901,byrdp001,contj002,rodrf003,lcs,3,2,ANA,CHA,y,both,y,y,y,2005
CHA200510120,ANA,CHA,CHI12,20051012,0,7:28PM,night,,,true,,154,41013,dry,none,unknown,62,ltor,6,munse701,,,eddid901,barrt901,kulpr901,rapue901,marsr901,crawj901,buehm001,escok001,,lcs,1,2,CHA,ANA,y,both,y,y,y,2005
ANA200510140,CHA,ANA,ANA01,20051014,0,5:28PM,night,,,true,,162,44725,unknown,unknown,sunny,89,tocf,8,munse701,,,barrt901,kulpr901,rapue901,marsr901,crawj901,eddid901,garlj001,lackj001,,lcs,5,2,CHA,ANA,y,both,y,y,y,2005
ANA200510150,CHA,ANA,ANA01,20051015,0,5:16PM,night,,,true,,166,44857,unknown,unknown,cloudy,69,tocf,8,munse701,,,kulpr901,rapue901,marsr901,crawj901,eddid901,barrt901,garcf002,sante001,,lcs,8,2,CHA,ANA,y,both,y,y,y,2005
ANA200510160,CHA,ANA,ANA01,20051016,0,5:29PM,night,,,true,,191,44712,unknown,unknown,unknown,64,rtol,3,munse701,,,rapue901,marsr901,crawj901,eddid901,barrt901,kulpr901,contj002,escok001,,lcs,6,3,CHA,ANA,y,both,y,y,y,2005
SEA200604030,ANA,SEA,SEA03,20060403,0,2:09PM,day,,,true,,188,45515,dry,none,dome,53,torf,15,radoe701,,,relic901,vanol901,gibsg901,nauep901,,,shies002,sherg001,rodrf003,regular,5,4,ANA,SEA,y,both,y,y,y,2006
SEA200604040,ANA,SEA,SEA03,20060404,0,7:07PM,night,,,true,,181,20051,unknown,unknown,cloudy,54,fromlf,11,radoe701,,,vanol901,gibsg901,nauep901,relic901,,,pinej001,lackj001,,regular,8,10,SEA,ANA,y,both,y,y,y,2006
SEA200604050,ANA,SEA,SEA03,20060405,0,3:36PM,day,,,true,,162,21394,unknown,unknown,unknown,60,tocf,6,padud701,,,gibsg901,nauep901,relic901,vanol901,,,washj001,weavj002,sherg001,regular,4,6,SEA,ANA,y,both,y,y,y,2006
ANA200604070,NYA,ANA,ANA01,20060407,0,7:14PM,night,,,true,,165,44221,unknown,unknown,cloudy,60,fromcf,10,munse701,,,randt901,westj901,hallt901,rapue901,,,escok001,chacs001,rodrf003,regular,1,4,ANA,NYA,y,both,y,y,y,2006
ANA200604080,NYA,ANA,ANA01,20060408,0,7:10PM,night,,,true,,153,44044,unknown,unknown,sunny,66,torf,6,munse701,,,westj901,hallt901,rapue901,randt901,,,sante001,johnr005,rodrf003,regular,2,3,ANA,NYA,y,both,y,y,y,2006
ANA200604090,NYA,ANA,ANA01,20060409,0,12:37PM,day,,,true,,174,44020,unknown,unknown,cloudy,64,fromcf,7,munse701,,,hallt901,rapue901,randt901,westj901,,,mussm001,colob001,,regular,10,1,NYA,ANA,y,both,y,y,y,2006
ANA200604100,TEX,ANA,ANA01,20060410,0,7:07PM,night,,,true,,145,38003,unknown,unknown,cloudy,61,tocf,7,munse701,,,cedeg901,reynj901,welkt901,danlk901,,,lackj001,loe-k001,rodrf003,regular,2,5,ANA,TEX,y,both,y,y,y,2006
ANA200604110,TEX,ANA,ANA01,20060411,0,7:07PM,night,,,true,,167,40012,unknown,unknown,cloudy,62,fromcf,5,munse701,,,reynj901,welkt901,danlk901,cedeg901,,,romej001,cordf002,,regular,4,5,ANA,TEX,y,both,y,y,y,2006
ANA200604120,TEX,ANA,ANA01,20060412,0,7:08PM,night,,,true,,174,42911,unknown,unknown,sunny,64,tocf,6,munse701,,,welkt901,danlk901,cedeg901,reynj901,,,koroj001,escok001,,regular,11,3,TEX,ANA,y,both,y,y,y,2006
BAL200604140,ANA,BAL,BAL12,20060414,0,7:08PM,night,,,true,,140,25415,unknown,unknown,cloudy,79,tocf,13,hennj701,,,davig901,gormb901,coope901,millb901,,,byrdt001,shies002,,regular,5,6,BAL,ANA,y,both,y,y,y,2006
BAL200604150,ANA,BAL,BAL12,20060415,0,4:37PM,day,,,true,,144,24497,unknown,unknown,cloudy,84,tocf,13,hennj701,,,gormb901,coope901,millb901,davig901,,,bedae001,colob001,ray-c001,regular,2,3,BAL,ANA,y,both,y,y,y,2006
BAL200604160,ANA,BAL,BAL12,20060416,0,1:39PM,day,,,true,,162,19904,unknown,unknown,unknown,75,unknown,0,hennj701,,,coope901,millb901,davig901,gormb901,,,lackj001,bensk001,,regular,9,3,ANA,BAL,y,both,y,y,y,2006
BAL200604170,ANA,BAL,BAL12,20060417,0,7:07PM,night,,,true,,132,15691,unknown,unknown,sunny,69,fromlf,7,hennj701,,,millb901,davig901,gormb901,coope901,,,cabrd001,weavj002,ray-c001,regular,2,4,BAL,ANA,y,both,y,y,y,2006
MIN200604180,ANA,MIN,MIN03,20060418,0,7:10PM,night,,,true,,144,15787,unknown,unknown,unknown,70,unknown,0,mee-t701,,,mealj901,fleta901,reilm901,kellj901,,,escok001,silvc001,shies002,regular,8,2,ANA,MIN,y,both,y,y,y,2006
MIN200604190,ANA,MIN,MIN03,20060419,0,7:10PM,night,,,true,,200,21507,unknown,unknown,unknown,70,unknown,0,mee-t701,,,fleta901,reilm901,kellj901,mealj901,,,nathj001,romej001,,regular,10,12,MIN,ANA,y,both,y,y,y,2006
MIN200604200,ANA,MIN,MIN03,20060420,0,12:12PM,day,,,true,,188,12990,unknown,unknown,unknown,68,unknown,0,mee-t701,,,reilm901,kellj901,mealj901,fleta901,,,gregk001,craij001,rodrf003,regular,6,4,ANA,MIN,y,both,y,y,y,2006
OAK200604210,ANA,OAK,OAK01,20060421,0,7:06PM,night,,,true,,169,19874,unknown,unknown,cloudy,55,torf,12,dybdc701,,,barkl901,joycj901,eddid901,davib902,,,hardr001,romej001,calek001,regular,3,5,OAK,ANA,y,both,y,y,y,2006
OAK200604220,ANA,OAK,OAK01,20060422,0,1:05PM,day,,,true,,154,22670,unknown,unknown,unknown,58,fromlf,9,feldd701,,,joycj901,eddid901,davib902,barkl901,,,weavj002,hared001,rodrf003,regular,5,4,ANA,OAK,y,both,y,y,y,2006
OAK200604230,ANA,OAK,OAK01,20060423,0,1:05PM,day,,,true,,137,27104,unknown,unknown,unknown,57,fromlf,13,feldd701,,,eddid901,davib902,barkl901,joycj901,,,escok001,loaie001,rodrf003,regular,4,3,ANA,OAK,y,both,y,y,y,2006
ANA200604240,DET,ANA,ANA01,20060424,0,7:08PM,night,,,true,,146,39776,unknown,unknown,sunny,65,tocf,8,munse701,,,buckc901,hirsj901,bellw901,carlm901,,,sante001,rogek001,rodrf003,regular,0,3,ANA,DET,y,both,y,y,y,2006
ANA200604250,DET,ANA,ANA01,20060425,0,7:08PM,night,,,true,,149,40007,unknown,unknown,unknown,60,fromcf,5,munse701,,,hirsj901,bellw901,carlm901,buckc901,,,bondj001,carrh001,jonet003,regular,5,2,DET,ANA,y,both,y,y,y,2006
ANA200604260,DET,ANA,ANA01,20060426,0,12:36PM,day,,,true,,135,37532,unknown,unknown,cloudy,61,fromcf,5,munse701,,,bellw901,carlm901,buckc901,hirsj901,,,lackj001,marom001,,regular,0,4,ANA,DET,y,both,y,y,y,2006
ANA200604280,CHA,ANA,ANA01,20060428,0,7:08PM,night,,,true,,183,43940,unknown,unknown,unknown,63,fromcf,5,munse701,,,gibsg901,nauep901,relic901,vanol901,,,garcf002,weavj002,,regular,8,5,CHA,ANA,y,both,y,y,y,2006
ANA200604290,CHA,ANA,ANA01,20060429,0,7:08PM,night,,,true,,144,44065,unknown,unknown,sunny,69,tocf,7,munse701,,,nauep901,relic901,vanol901,gibsg901,,,contj002,escok001,jenkb001,regular,2,1,CHA,ANA,y,both,y,y,y,2006
ANA200604300,CHA,ANA,ANA01,20060430,0,12:37PM,day,,,true,,155,44135,unknown,unknown,cloudy,70,fromcf,4,munse701,,,relic901,vanol901,gibsg901,nauep901,,,polic001,shies002,cottn001,regular,6,5,CHA,ANA,y,both,y,y,y,2006
ANA200605010,OAK,ANA,ANA01,20060501,0,7:08PM,night,,,true,,162,41721,unknown,unknown,sunny,67,tocf,6,munse701,,,kulpr901,scotd901,fairc901,hoyej901,,,zitob001,carrh001,duchj001,regular,1,0,OAK,ANA,y,both,y,y,y,2006
ANA200605020,OAK,ANA,ANA01,20060502,0,12:37PM,day,,,true,,178,35943,unknown,unknown,unknown,66,fromcf,2,munse701,,,scotd901,fairc901,hoyej901,kulpr901,,,halsb001,lackj001,,regular,10,3,OAK,ANA,y,both,y,y,y,2006
DET200605030,ANA,DET,DET05,20060503,0,7:06PM,night,,,true,,140,17171,unknown,unknown,sunny,70,rtol,7,klonc701,,,westj901,rapue901,randt901,wolfj901,,,zumaj001,weavj002,rodnf001,regular,1,2,DET,ANA,y,both,y,y,y,2006
DET200605040,ANA,DET,DET05,20060504,0,1:06PM,day,,,true,,132,24879,unknown,unknown,sunny,77,tolf,14,klonc701,,,rapue901,randt901,wolfj901,westj901,,,gregk001,verlj001,,regular,7,2,ANA,DET,y,both,y,y,y,2006
TOR200605050,ANA,TOR,TOR02,20060505,0,7:08PM,night,,,true,,170,22227,dry,none,dome,68,unknown,0,uttes701,,,marqa901,drakr901,younl901,everm901,,,chacg001,sante001,,regular,3,13,TOR,ANA,y,both,y,y,y,2006
TOR200605060,ANA,TOR,TOR02,20060506,0,1:07PM,day,,,true,,146,29761,dry,none,dome,68,unknown,0,hobbd701,,,drakr901,younl901,everm901,marqa901,,,escok001,lillt001,rodrf003,regular,3,0,ANA,TOR,y,both,y,y,y,2006
TOR200605070,ANA,TOR,TOR02,20060507,0,1:08PM,day,,,true,,120,24351,dry,none,dome,68,unknown,0,hobbd701,,,younl901,everm901,marqa901,drakr901,,,jansc001,lackj001,ryanb001,regular,1,3,TOR,ANA,y,both,y,y,y,2006
TOR200605080,ANA,TOR,TOR02,20060508,0,7:06PM,night,,,true,,119,18611,dry,none,dome,68,unknown,0,uttes701,,,everm901,marqa901,drakr901,younl901,,,hallr001,weavj002,,regular,1,5,TOR,ANA,y,both,y,y,y,2006
CHA200605090,ANA,CHA,CHI12,20060509,0,7:06PM,night,,,true,,154,36539,unknown,unknown,sunny,66,rtol,9,roseb701,,,danlk901,cedeg901,reynj901,welkt901,,,garcf002,gregk001,,regular,1,9,CHA,ANA,y,both,y,y,y,2006
CHA200605100,ANA,CHA,CHI12,20060510,0,7:07PM,night,,,true,,195,31034,unknown,unknown,overcast,63,fromlf,7,roseb701,,,cedeg901,reynj901,welkt901,danlk901,,,sante001,haegc001,rodrf003,regular,12,5,ANA,CHA,y,both,y,y,y,2006
ANA200605120,SEA,ANA,ANA01,20060512,0,7:09PM,night,,,true,,173,43912,unknown,unknown,unknown,66,tocf,9,munse701,,,reilm901,kellj901,mealj901,fleta901,,,escok001,pinej001,carrh001,regular,7,12,ANA,SEA,y,both,y,y,y,2006
ANA200605130,SEA,ANA,ANA01,20060513,0,7:07PM,night,,,true,,251,43821,unknown,unknown,sunny,67,torf,7,munse701,,,kellj901,mealj901,fleta901,reilm901,,,sherg001,gregk001,woodj002,regular,5,4,SEA,ANA,y,both,y,y,y,2006
ANA200605140,SEA,ANA,ANA01,20060514,0,12:37PM,day,,,true,,171,43191,unknown,unknown,sunny,72,tocf,3,munse701,,,mealj901,fleta901,reilm901,kellj901,,,mechg001,weavj002,frute001,regular,9,4,SEA,ANA,y,both,y,y,y,2006
ANA200605160,TOR,ANA,ANA01,20060516,0,7:08PM,night,,,true,,179,43066,unknown,unknown,cloudy,68,fromcf,7,munse701,,,wintm901,rungb901,emmep901,froeb901,,,sante001,lillt001,,regular,3,8,ANA,TOR,y,both,y,y,y,2006
ANA200605170,TOR,ANA,ANA01,20060517,0,7:08PM,night,,,true,,146,38767,unknown,unknown,cloudy,68,fromcf,6,munse701,,,rungb901,emmep901,froeb901,wintm901,,,jansc001,escok001,ryanb001,regular,3,0,TOR,ANA,y,both,y,y,y,2006
ANA200605180,TOR,ANA,ANA01,20060518,0,7:07PM,night,,,true,,204,37850,unknown,unknown,cloudy,65,fromcf,7,munse701,,,emmep901,froeb901,wintm901,rungb901,,,frasj002,rodrf003,,regular,8,4,TOR,ANA,y,both,y,y,y,2006
LAN200605190,ANA,LAN,LOS03,20060519,0,7:40PM,night,,,false,,181,55655,unknown,unknown,unknown,64,torf,7,munse701,,,buckc901,bellw901,armer901,emmep901,,,selea001,weavj002,,regular,3,16,LAN,ANA,y,both,y,y,y,2006
LAN200605200,ANA,LAN,LOS03,20060520,0,1:12PM,day,,,false,,181,55587,unknown,unknown,sunny,72,torf,8,munse701,,,bellw901,armer901,emmep901,buckc901,,,beimj001,shies002,,regular,4,8,LAN,ANA,y,both,y,y,y,2006
LAN200605210,ANA,LAN,LOS03,20060521,0,1:11PM,day,,,false,,150,55662,unknown,unknown,overcast,68,tocf,3,hartd701,,,armer901,emmep901,buckc901,bellw901,,,lowed001,sante001,,regular,0,7,LAN,ANA,y,both,y,y,y,2006
TEX200605220,ANA,TEX,ARL02,20060522,0,7:05PM,night,,,true,,148,22032,unknown,unknown,cloudy,86,fromlf,13,wells701,,,barrt901,diazl901,reedr901,tscht901,,,loe-k001,escok001,otsua001,regular,2,3,TEX,ANA,y,both,y,y,y,2006
TEX200605230,ANA,TEX,ARL02,20060523,0,7:06PM,night,,,true,,197,21833,unknown,unknown,cloudy,89,fromlf,20,schid701,,,diazl901,reedr901,tscht901,barrt901,,,carrh001,cordf002,rodrf003,regular,7,6,ANA,TEX,y,both,y,y,y,2006
TEX200605240,ANA,TEX,ARL02,20060524,0,1:06PM,day,,,true,,184,16536,unknown,unknown,cloudy,86,fromlf,18,mocej701,,,reedr901,tscht901,barrt901,diazl901,,,weavj002,tejer001,,regular,8,5,ANA,TEX,y,both,y,y,y,2006
ANA200605260,BAL,ANA,ANA01,20060526,0,7:09PM,night,,,true,,155,42675,unknown,unknown,unknown,67,fromcf,5,munse701,,,nelsj901,cousd901,timmt901,brinj901,,,shies002,willt001,rodrf003,regular,2,5,ANA,BAL,y,both,y,y,y,2006
ANA200605270,BAL,ANA,ANA01,20060527,0,7:08PM,night,,,true,,158,43005,unknown,unknown,cloudy,67,fromcf,7,munse701,,,cousd901,timmt901,brinj901,nelsj901,,,weavj003,bedae001,,regular,1,10,ANA,BAL,y,both,y,y,y,2006
ANA200605280,BAL,ANA,ANA01,20060528,0,12:38PM,day,,,true,,181,40856,unknown,unknown,sunny,71,tocf,2,munse701,,,timmt901,brinj901,nelsj901,cousd901,,,birkk001,escok001,ray-c001,regular,7,6,BAL,ANA,y,both,y,y,y,2006
ANA200605290,MIN,ANA,ANA01,20060529,0,6:05PM,night,,,true,,196,40007,unknown,unknown,sunny,75,tocf,12,munse701,,,hudsm901,monte901,armer901,hicke901,,,shies002,craij001,,regular,3,4,ANA,MIN,y,both,y,y,y,2006
ANA200605300,MIN,ANA,ANA01,20060530,0,7:06PM,night,,,true,,153,37299,unknown,unknown,sunny,74,fromcf,4,munse701,,,monte901,armer901,hicke901,hudsm901,,,weavj002,bakes002,rodrf003,regular,3,6,ANA,MIN,y,both,y,y,y,2006
ANA200605310,MIN,ANA,ANA01,20060531,0,7:07PM,night,,,true,,154,44001,unknown,unknown,sunny,78,fromcf,6,munse701,,,armer901,hicke901,hudsm901,monte901,,,lirif001,sante001,,regular,7,1,MIN,ANA,y,both,y,y,y,2006
CLE200606020,ANA,CLE,CLE08,20060602,0,7:07PM,night,,,true,,190,22957,unknown,unknown,unknown,64,fromlf,9,murrc701,,,younl901,hallt901,everm901,marqa901,,,weavj003,johnj007,,regular,10,3,ANA,CLE,y,both,y,y,y,2006
CLE200606030,ANA,CLE,CLE08,20060603,0,1:26PM,day,,,true,,163,23769,unknown,unknown,unknown,65,ltor,12,maveb701,,,hallt901,everm901,marqa901,younl901,,,lee-c003,escok001,,regular,2,14,CLE,ANA,y,both,y,y,y,2006
CLE200606040,ANA,CLE,CLE08,20060604,0,8:09PM,night,,,true,,184,19148,unknown,unknown,cloudy,64,fromcf,3,brosc701,,,everm901,marqa901,younl901,hallt901,,,lackj001,sabac001,,regular,14,2,ANA,CLE,y,both,y,y,y,2006
TBA200606050,ANA,TBA,STP01,20060605,0,7:16PM,night,,,true,,161,9519,unknown,unknown,dome,72,unknown,0,fergj701,,,schrp901,demud901,joycj901,eddid901,,,shiej002,weavj002,walkt003,regular,0,4,TBA,ANA,y,both,y,y,y,2006
TBA200606060,ANA,TBA,STP01,20060606,0,7:16PM,night,,,true,,167,13762,unknown,unknown,dome,72,unknown,0,fergj701,,,demud901,joycj901,eddid901,schrp901,,,sante001,kazms001,,regular,12,2,ANA,TBA,y,both,y,y,y,2006
TBA200606070,ANA,TBA,STP01,20060607,0,4:15PM,day,,,true,,141,9517,unknown,unknown,dome,72,unknown,0,martr701,,,joycj901,eddid901,schrp901,demud901,,,weavj003,mccls002,,regular,6,2,ANA,TBA,y,both,y,y,y,2006
ANA200606090,SEA,ANA,ANA01,20060609,0,7:09PM,night,,,true,,149,44114,unknown,unknown,cloudy,72,tocf,9,munse701,,,reint901,crawj901,onorb901,meric901,,,washj001,escok001,putzj001,regular,4,1,SEA,ANA,y,both,y,y,y,2006
ANA200606100,SEA,ANA,ANA01,20060610,0,7:07PM,night,,,true,,192,44129,unknown,unknown,cloudy,70,fromcf,4,munse701,,,crawj901,onorb901,meric901,reint901,,,mechg001,lackj001,,regular,12,6,SEA,ANA,y,both,y,y,y,2006
ANA200606110,SEA,ANA,ANA01,20060611,0,12:37PM,day,,,true,,152,42198,unknown,unknown,sunny,72,tocf,1,munse701,,,onorb901,meric901,reint901,crawj901,,,hernf002,weavj002,,regular,6,2,SEA,ANA,y,both,y,y,y,2006
ANA200606120,KCA,ANA,ANA01,20060612,0,7:07PM,night,,,true,,157,36146,unknown,unknown,cloudy,70,fromcf,6,munse701,,,bellw901,carlm901,buckc901,knigb901,,,sante001,keppb001,rodrf003,regular,3,4,ANA,KCA,y,both,y,y,y,2006
ANA200606130,KCA,ANA,ANA01,20060613,0,7:08PM,night,,,true,,151,38820,unknown,unknown,sunny,73,fromcf,4,franm701,,,carlm901,buckc901,knigb901,bellw901,,,weavj003,duckb001,rodrf003,regular,1,4,ANA,KCA,y,both,y,y,y,2006
ANA200606140,KCA,ANA,ANA01,20060614,0,7:09PM,night,,,true,,148,38910,unknown,unknown,sunny,81,torf,8,munse701,,,buckc901,knigb901,bellw901,carlm901,,,redmm002,shies002,burga001,regular,4,3,KCA,ANA,y,both,y,y,y,2006
ANA200606150,KCA,ANA,ANA01,20060615,0,7:07PM,night,,,true,,175,41649,unknown,unknown,sunny,73,fromcf,4,munse701,,,knigb901,bellw901,carlm901,buckc901,,,carrh001,desse001,,regular,2,3,ANA,KCA,y,both,y,y,y,2006
ANA200606160,SDN,ANA,ANA01,20060616,0,7:08PM,night,,,true,,153,44005,unknown,unknown,sunny,84,fromcf,5,munse701,,,reilm901,kellj901,mealj901,fleta901,,,embra001,rodrf003,hofft001,regular,5,4,SDN,ANA,y,both,y,y,y,2006
ANA200606170,SDN,ANA,ANA01,20060617,0,1:11PM,day,,,true,,166,43909,unknown,unknown,sunny,85,tocf,10,munse701,,,kellj901,mealj901,fleta901,reilm901,,,sante001,peavj001,rodrf003,regular,2,3,ANA,SDN,y,both,y,y,y,2006
ANA200606180,SDN,ANA,ANA01,20060618,0,12:36PM,day,,,true,,169,44159,unknown,unknown,sunny,78,tolf,6,munse701,,,mealj901,fleta901,reilm901,kellj901,,,parkc002,colob001,,regular,7,3,SDN,ANA,y,both,y,y,y,2006
SFN200606190,ANA,SFN,SFO03,20060619,0,7:16PM,night,,,false,,136,37594,unknown,unknown,sunny,61,torf,15,dybdc701,,,relic901,nauep901,vanol901,gibsg901,,,cainm001,escok001,benia001,regular,1,2,SFN,ANA,y,both,y,y,y,2006
SFN200606200,ANA,SFN,SFO03,20060620,0,7:16PM,night,,,false,,161,40887,unknown,unknown,sunny,67,ltor,17,santa701,,,nauep901,vanol901,gibsg901,relic901,,,morrm001,lackj001,benia001,regular,2,3,SFN,ANA,y,both,y,y,y,2006
SFN200606210,ANA,SFN,SFO03,20060621,0,12:35PM,day,,,false,,181,40900,unknown,unknown,sunny,70,unknown,0,ducam701,,,vanol901,gibsg901,relic901,nauep901,,,shies002,accaj001,rodrf003,regular,6,3,ANA,SFN,y,both,y,y,y,2006
ARI200606230,ANA,ARI,PHO01,20060623,0,6:43PM,night,,,false,,179,23684,dry,none,dome,81,unknown,0,rausg701,,,fairc901,everm901,marqa901,younl901,,,sante001,gonze002,,regular,8,2,ANA,ARI,y,both,y,y,y,2006
ARI200606240,ANA,ARI,PHO01,20060624,0,6:41PM,night,,,false,,244,33525,dry,none,dome,78,unknown,0,rausg701,,,everm901,marqa901,younl901,fairc901,,,donnb001,meddb001,rodrf003,regular,6,4,ANA,ARI,y,both,y,y,y,2006
ARI200606250,ANA,ARI,PHO01,20060625,0,1:40PM,day,,,false,,187,24778,dry,none,dome,78,unknown,0,rausg701,,,marqa901,younl901,fairc901,everm901,,,batim001,escok001,julij001,regular,7,9,ARI,ANA,y,both,y,y,y,2006
ANA200606260,COL,ANA,ANA01,20060626,0,7:07PM,night,,,true,,142,43781,unknown,unknown,cloudy,85,fromcf,4,munse701,,,wintm901,rungb901,emmep901,froeb901,,,lackj001,mesaj001,rodrf003,regular,4,5,ANA,COL,y,both,y,y,y,2006
ANA200606270,COL,ANA,ANA01,20060627,0,7:08PM,night,,,true,,181,39341,unknown,unknown,cloudy,87,fromcf,4,munse701,,,rungb901,emmep901,froeb901,wintm901,,,cooka002,weavj002,,regular,12,4,COL,ANA,y,both,y,y,y,2006
ANA200606280,COL,ANA,ANA01,20060628,0,7:07PM,night,,,true,,177,38153,unknown,unknown,sunny,84,fromcf,4,munse701,,,emmep901,froeb901,wintm901,rungb901,,,ramir003,shies002,,regular,6,2,COL,ANA,y,both,y,y,y,2006
ANA200606300,LAN,ANA,ANA01,20060630,0,7:09PM,night,,,true,,144,44233,unknown,unknown,sunny,90,tocf,7,munse701,,,brinj901,nelsj901,cousd901,timmt901,,,pennb002,colob001,,regular,6,1,LAN,ANA,y,both,y,y,y,2006
ANA200607010,LAN,ANA,ANA01,20060701,0,1:12PM,day,,,true,,169,43891,unknown,unknown,sunny,89,fromcf,6,munse701,,,nelsj901,cousd901,timmt901,brinj901,,,escok001,hendm001,,regular,2,9,ANA,LAN,y,both,y,y,y,2006
ANA200607020,LAN,ANA,ANA01,20060702,0,12:37PM,day,,,true,,158,44223,unknown,unknown,sunny,89,tocf,9,munse701,,,cousd901,timmt901,brinj901,nelsj901,,,lackj001,billc001,,regular,0,4,ANA,LAN,y,both,y,y,y,2006
SEA200607030,ANA,SEA,SEA03,20060703,0,7:07PM,night,,,true,,170,30632,unknown,unknown,sunny,73,torf,4,padud701,,,meric901,crawj901,onorb901,cuzzp901,,,weavj003,hernf002,,regular,7,1,ANA,SEA,y,both,y,y,y,2006
SEA200607040,ANA,SEA,SEA03,20060704,0,1:06PM,day,,,true,,148,30853,unknown,unknown,sunny,62,ltor,3,peted701,,,crawj901,onorb901,cuzzp901,meric901,,,sante001,matej001,,regular,14,6,ANA,SEA,y,both,y,y,y,2006
SEA200607050,ANA,SEA,SEA03,20060705,0,7:05PM,night,,,true,,123,25009,unknown,unknown,unknown,64,fromcf,3,peted701,,,cuzzp901,knigb901,meric901,crawj901,,,colob001,moyej001,,regular,4,0,ANA,SEA,y,both,y,y,y,2006
OAK200607060,ANA,OAK,OAK01,20060706,0,7:06PM,night,,,true,,163,14673,unknown,unknown,sunny,63,fromlf,13,feldd701,,,davig901,gormb901,millb901,coope901,,,streh001,shies002,,regular,5,7,OAK,ANA,y,both,y,y,y,2006
OAK200607070,ANA,OAK,OAK01,20060707,0,7:05PM,night,,,true,,121,20711,unknown,unknown,sunny,75,ltor,15,talba701,,,gormb901,millb901,coope901,davig901,,,lackj001,zitob001,,regular,3,0,ANA,OAK,y,both,y,y,y,2006
OAK200607080,ANA,OAK,OAK01,20060708,0,6:06PM,night,,,true,,167,25289,unknown,unknown,sunny,80,rtol,13,feldd701,,,millb901,coope901,davig901,gormb901,,,weavj003,blanj001,rodrf003,regular,6,4,ANA,OAK,y,both,y,y,y,2006
OAK200607090,ANA,OAK,OAK01,20060709,0,1:05PM,day,,,true,,139,26603,unknown,unknown,sunny,70,fromcf,10,feldd701,,,coope901,davig901,gormb901,millb901,,,sante001,hared001,rodrf003,regular,4,2,ANA,OAK,y,both,y,y,y,2006
ANA200607140,TBA,ANA,ANA01,20060714,0,7:08PM,night,,,true,,135,44026,unknown,unknown,sunny,91,torf,7,franm701,,,mcclt901,culbf901,welkb901,fostm901,,,lackj001,seo-j001,,regular,0,4,ANA,TBA,y,both,y,y,y,2006
ANA200607150,TBA,ANA,ANA01,20060715,0,7:07PM,night,,,true,,162,44125,unknown,unknown,sunny,92,fromcf,3,munse701,,,culbf901,welkb901,fostm901,mcclt901,,,sante001,shiej002,,regular,2,9,ANA,TBA,y,both,y,y,y,2006
ANA200607160,TBA,ANA,ANA01,20060716,0,12:37PM,day,,,true,,183,41646,unknown,unknown,unknown,88,tocf,8,munse701,,,welkb901,fostm901,mcclt901,culbf901,,,shies002,harvc001,rodrf003,regular,5,7,ANA,TBA,y,both,y,y,y,2006
ANA200607170,CLE,ANA,ANA01,20060717,0,7:09PM,night,,,true,,179,43921,unknown,unknown,cloudy,78,fromcf,4,franm701,,,wegnm901,hudsm901,monte901,laynj901,,,mosed001,westj001,,regular,5,10,ANA,CLE,y,both,y,y,y,2006
ANA200607180,CLE,ANA,ANA01,20060718,0,7:07PM,night,,,true,,178,44020,unknown,unknown,sunny,80,tolf,12,munse701,,,hudsm901,monte901,laynj901,wegnm901,,,saunj001,lee-c003,rodrf003,regular,5,7,ANA,CLE,y,both,y,y,y,2006
ANA200607190,CLE,ANA,ANA01,20060719,0,12:37PM,day,,,true,,200,43744,unknown,unknown,cloudy,85,tolf,7,munse701,,,monte901,laynj901,wegnm901,hudsm901,,,byrdp001,lackj001,wickb001,regular,6,4,CLE,ANA,y,both,y,y,y,2006
KCA200607200,ANA,KCA,KAN06,20060720,0,7:12PM,night,,,true,,205,12178,unknown,unknown,sunny,96,unknown,2,blacd701,,,randt901,wolfj901,westj901,rapue901,,,desse001,gregk001,,regular,4,9,KCA,ANA,y,both,y,y,y,2006
KCA200607210,ANA,KCA,KAN06,20060721,0,7:11PM,night,,,true,,152,20988,unknown,unknown,sunny,78,fromlf,6,blacd701,,,wolfj901,westj901,rapue901,randt901,,,hernr003,colob001,,regular,3,8,KCA,ANA,y,both,y,y,y,2006
KCA200607220,ANA,KCA,KAN06,20060722,0,6:09PM,night,,,true,,186,26873,unknown,unknown,cloudy,82,ltor,5,ruddw701,,,westj901,rapue901,randt901,wolfj901,,,shies002,wellt002,rodrf003,regular,4,3,ANA,KCA,y,both,y,y,y,2006
KCA200607230,ANA,KCA,KAN06,20060723,0,1:10PM,day,,,true,,160,17496,unknown,unknown,sunny,84,ltor,3,ruddw701,,,rapue901,randt901,wolfj901,westj901,,,weavj003,duckb001,rodrf003,regular,3,1,ANA,KCA,y,both,y,y,y,2006
TBA200607240,ANA,TBA,STP01,20060724,0,7:16PM,night,,,true,,144,11020,unknown,unknown,dome,72,unknown,0,fergj701,,,eddid901,joycj901,delld901,demud901,,,lackj001,seo-j001,,regular,8,4,ANA,TBA,y,both,y,y,y,2006
TBA200607250,ANA,TBA,STP01,20060725,0,7:15PM,night,,,true,,165,11253,unknown,unknown,dome,72,unknown,0,fergj701,,,joycj901,delld901,demud901,eddid901,,,switj001,sante001,,regular,3,6,TBA,ANA,y,both,y,y,y,2006
TBA200607260,ANA,TBA,STP01,20060726,0,12:15PM,day,,,true,,182,18525,unknown,unknown,dome,72,unknown,0,martr701,,,delld901,demud901,eddid901,joycj901,,,gregk001,fossc001,,regular,15,6,ANA,TBA,y,both,y,y,y,2006
BOS200607280,ANA,BOS,BOS07,20060728,0,9:07PM,night,,,true,,193,36109,unknown,unknown,unknown,77,tocf,12,scogc701,,,davib902,reynj901,danlk901,cedeg901,,,escok001,lestj001,,regular,8,3,ANA,BOS,y,both,y,y,y,2006
BOS200607290,ANA,BOS,BOS07,20060729,0,1:26PM,day,,,true,,239,35621,unknown,unknown,sunny,89,torf,11,giulj701,,,reynj901,danlk901,cedeg901,davib902,,,tavaj001,carrh001,,regular,6,7,BOS,ANA,y,both,y,y,y,2006
BOS200607300,ANA,BOS,BOS07,20060730,0,8:10PM,night,,,true,,187,36048,unknown,unknown,cloudy,72,fromlf,9,scogc701,,,danlk901,cedeg901,davib902,reynj901,,,lackj001,schic002,,regular,10,4,ANA,BOS,y,both,y,y,y,2006
ANA200607310,OAK,ANA,ANA01,20060731,0,7:07PM,night,,,true,,134,43558,unknown,unknown,unknown,77,tocf,10,munse701,,,onorb901,meric901,cuzzp901,crawj901,,,hared001,sante001,,regular,3,1,OAK,ANA,y,both,y,y,y,2006
ANA200608010,OAK,ANA,ANA01,20060801,0,7:07PM,night,,,true,,143,44111,unknown,unknown,sunny,77,fromcf,4,munse701,,,meric901,cuzzp901,crawj901,onorb901,,,saunj001,blanj001,rodrf003,regular,2,3,ANA,OAK,y,both,y,y,y,2006
ANA200608020,OAK,ANA,ANA01,20060802,0,12:37PM,day,,,true,,176,44149,unknown,unknown,cloudy,82,torf,3,munse701,,,cuzzp901,crawj901,onorb901,meric901,,,calek001,shies002,streh001,regular,3,2,OAK,ANA,y,both,y,y,y,2006
ANA200608030,TEX,ANA,ANA01,20060803,0,7:07PM,night,,,true,,240,43569,unknown,unknown,unknown,74,fromcf,4,munse701,,,cousd901,gormb901,timmt901,drakr901,,,littw001,gregk001,otsua001,regular,7,6,TEX,ANA,y,both,y,y,y,2006
ANA200608040,TEX,ANA,ANA01,20060804,0,7:06PM,night,,,true,,144,44074,unknown,unknown,sunny,77,tocf,10,munse701,,,gormb901,timmt901,drakr901,cousd901,,,padiv001,lackj001,,regular,7,3,TEX,ANA,y,both,y,y,y,2006
ANA200608050,TEX,ANA,ANA01,20060805,0,1:11PM,day,,,true,,162,43701,unknown,unknown,sunny,80,fromcf,4,munse701,,,timmt901,drakr901,cousd901,gormb901,,,sante001,koroj001,,regular,3,10,ANA,TEX,y,both,y,y,y,2006
ANA200608060,TEX,ANA,ANA01,20060806,0,12:37PM,day,,,true,,153,43804,unknown,unknown,cloudy,78,tocf,7,munse701,,,drakr901,cousd901,gormb901,timmt901,,,saunj001,eatoa001,,regular,1,9,ANA,TEX,y,both,y,y,y,2006
CHA200608070,ANA,CHA,CHI12,20060807,0,6:09PM,night,,,true,,160,37477,unknown,unknown,sunny,78,ltor,9,roseb701,,,coope901,davig901,gormb901,millb901,,,escok001,buehm001,rodrf003,regular,6,3,ANA,CHA,y,both,y,y,y,2006
CLE200608080,ANA,CLE,CLE08,20060808,0,7:05PM,night,,,true,,187,23293,unknown,unknown,sunny,73,fromcf,13,murrc701,,,scotd901,kulpr901,iassd901,barkl901,,,donnb001,betar001,rodrf003,regular,5,4,ANA,CLE,y,both,y,y,y,2006
CLE200608090,ANA,CLE,CLE08,20060809,0,7:05PM,night,,,true,,138,18804,unknown,unknown,sunny,74,fromlf,13,murrc701,,,kulpr901,iassd901,barkl901,scotd901,,,westj001,lackj001,,regular,0,4,CLE,ANA,y,both,y,y,y,2006
CLE200608100,ANA,CLE,CLE08,20060810,0,7:06PM,night,,,true,,201,24362,unknown,unknown,sunny,77,fromcf,6,brosc701,,,iassd901,barkl901,scotd901,kulpr901,,,lee-c003,sante001,,regular,2,14,CLE,ANA,y,both,y,y,y,2006
NYA200608110,ANA,NYA,NYC16,20060811,0,7:07PM,night,,,true,,191,54450,unknown,unknown,cloudy,76,ltor,9,shanb701,,,davib902,wegnm901,hudsm901,laynj901,,,saunj001,lidlc001,rodrf003,regular,7,4,ANA,NYA,y,both,y,y,y,2006
NYA200608120,ANA,NYA,NYC16,20060812,0,1:26PM,day,,,true,,172,54157,unknown,unknown,sunny,74,ltor,11,karph701,,,wegnm901,hudsm901,laynj901,davib902,,,wrigj002,escok001,rivem002,regular,2,5,NYA,ANA,y,both,y,y,y,2006
NYA200608130,ANA,NYA,NYC16,20060813,0,1:09PM,day,,,true,,199,54309,unknown,unknown,cloudy,77,tocf,8,freed701,,,hudsm901,laynj901,davib902,wegnm901,,,weavj003,wangc001,rodrf003,regular,5,3,ANA,NYA,y,both,y,y,y,2006
NYA200608140,ANA,NYA,NYC16,20060814,0,7:08PM,night,,,true,,177,52100,unknown,unknown,cloudy,84,fromlf,11,shanb701,,,laynj901,davib902,wegnm901,hudsm901,,,johnr005,lackj001,,regular,2,7,NYA,ANA,y,both,y,y,y,2006
TEX200608150,ANA,TEX,ARL02,20060815,0,7:06PM,night,,,true,,175,26561,unknown,unknown,sunny,101,rtol,11,wells701,,,wendh902,holbs901,marsr901,herna901,,,carrh001,littw001,rodrf003,regular,9,7,ANA,TEX,y,both,y,y,y,2006
TEX200608160,ANA,TEX,ARL02,20060816,0,7:07PM,night,,,true,,171,31723,unknown,unknown,sunny,101,fromcf,16,mocej701,,,holbs901,marsr901,herna901,wendh902,,,eatoa001,saunj001,,regular,3,9,TEX,ANA,y,both,y,y,y,2006
ANA200608170,SEA,ANA,ANA01,20060817,0,7:07PM,night,,,true,,163,43813,unknown,unknown,cloudy,77,tocf,8,franm701,,,tscht901,diazl901,reedr901,guccc901,,,escok001,moyej001,rodrf003,regular,2,5,ANA,SEA,y,both,y,y,y,2006
ANA200608180,SEA,ANA,ANA01,20060818,0,7:07PM,night,,,true,,168,44072,unknown,unknown,sunny,83,tolf,7,munse701,,,diazl901,reedr901,guccc901,tscht901,,,weavj003,hernf002,rodrf003,regular,0,3,ANA,SEA,y,both,y,y,y,2006
ANA200608190,SEA,ANA,ANA01,20060819,0,7:07PM,night,,,true,,186,44106,unknown,unknown,sunny,79,tocf,9,munse701,,,reedr901,guccc901,tscht901,diazl901,,,carrh001,washj001,rodrf003,regular,7,9,ANA,SEA,y,both,y,y,y,2006
ANA200608200,SEA,ANA,ANA01,20060820,0,12:37PM,day,,,true,,165,43876,unknown,unknown,sunny,81,tocf,9,munse701,,,guccc901,tscht901,diazl901,reedr901,,,donnb001,putzj001,,regular,2,3,ANA,SEA,y,both,y,y,y,2006
ANA200608220,BOS,ANA,ANA01,20060822,0,7:07PM,night,,,true,,187,44041,unknown,unknown,sunny,86,tocf,10,munse701,,,everm901,younl901,marqa901,hallt901,,,shies002,gabbk001,rodrf003,regular,3,4,ANA,BOS,y,both,y,y,y,2006
ANA200608230,BOS,ANA,ANA01,20060823,0,7:07PM,night,,,true,,197,44093,unknown,unknown,sunny,86,tocf,8,munse701,,,younl901,marqa901,hallt901,everm901,,,lestj001,escok001,papej001,regular,5,4,BOS,ANA,y,both,y,y,y,2006
ANA200608240,BOS,ANA,ANA01,20060824,0,7:07PM,night,,,true,,178,44109,unknown,unknown,sunny,80,fromcf,4,munse701,,,marqa901,hallt901,everm901,younl901,,,beckj002,weavj003,papej001,regular,2,1,BOS,ANA,y,both,y,y,y,2006
ANA200608250,NYA,ANA,ANA01,20060825,0,7:07PM,night,,,true,,226,44253,unknown,unknown,sunny,76,tocf,9,munse701,,,welkb901,fostm901,mcclt901,knigb901,,,rodrf003,myerm001,,regular,5,6,ANA,NYA,y,both,y,y,y,2006
ANA200608260,NYA,ANA,ANA01,20060826,0,1:11PM,day,,,true,,220,44185,unknown,unknown,sunny,81,fromcf,3,munse701,,,mcclt901,knigb901,fostm901,welkb901,,,sante001,brunb001,rodrf003,regular,7,12,ANA,NYA,y,both,y,y,y,2006
ANA200608270,NYA,ANA,ANA01,20060827,0,12:36PM,day,,,true,,213,44225,unknown,unknown,sunny,86,tocf,2,munse701,,,fostm901,welkb901,knigb901,mcclt901,,,karsj001,saunj001,,regular,11,8,NYA,ANA,y,both,y,y,y,2006
SEA200608280,ANA,SEA,SEA03,20060828,0,7:08PM,night,,,true,,111,28748,unknown,unknown,sunny,76,rtol,6,padud701,,,meric901,cuzzp901,crawj901,onorb901,,,hernf002,escok001,,regular,0,2,SEA,ANA,y,both,y,y,y,2006
SEA200608290,ANA,SEA,SEA03,20060829,0,7:07PM,night,,,true,,183,29059,unknown,unknown,unknown,59,unknown,0,peted701,,,cuzzp901,crawj901,onorb901,meric901,,,washj001,weavj003,putzj001,regular,4,6,SEA,ANA,y,both,y,y,y,2006
SEA200608300,ANA,SEA,SEA03,20060830,0,7:06PM,night,,,true,,159,31269,unknown,unknown,cloudy,65,unknown,0,peted701,,,crawj901,onorb901,meric901,cuzzp901,,,lackj001,woodj002,rodrf003,regular,5,3,ANA,SEA,y,both,y,y,y,2006
DET200609010,ANA,DET,DET05,20060901,0,7:07PM,night,,,true,,170,37509,unknown,unknown,unknown,69,ltor,14,lysos701,,,poncl901,hicke901,darlg901,drecb901,,,rogek001,sante001,,regular,0,9,DET,ANA,y,both,y,y,y,2006
DET200609020,ANA,DET,DET05,20060902,0,7:20PM,night,,,true,,203,37826,unknown,unknown,unknown,60,ltor,15,lysos701,,,hicke901,darlg901,drecb901,poncl901,,,rodrf003,jonet003,,regular,7,2,ANA,DET,y,both,y,y,y,2006
DET200609030,ANA,DET,DET05,20060903,0,8:11PM,night,,,true,,145,38688,unknown,unknown,unknown,68,tolf,8,lysos701,,,darlg901,drecb901,poncl901,hicke901,,,escok001,ledew001,rodrf003,regular,2,1,ANA,DET,y,both,y,y,y,2006
ANA200609040,BAL,ANA,ANA01,20060904,0,7:08PM,night,,,true,,145,38217,unknown,unknown,cloudy,88,tocf,7,franm701,,,eddid901,demud901,joycj901,schrp901,,,weavj003,loper001,rodrf003,regular,0,1,ANA,BAL,y,both,y,y,y,2006
ANA200609050,BAL,ANA,ANA01,20060905,0,7:07PM,night,,,true,,193,43658,unknown,unknown,cloudy,88,tocf,6,franm701,,,demud901,joycj901,schrp901,eddid901,,,donnb001,manoj001,,regular,2,5,ANA,BAL,y,both,y,y,y,2006
ANA200609060,BAL,ANA,ANA01,20060906,0,12:38PM,day,,,true,,162,33736,unknown,unknown,sunny,92,fromcf,3,munse701,,,joycj901,schrp901,eddid901,demud901,,,sante001,britc001,,regular,4,8,ANA,BAL,y,both,y,y,y,2006
ANA200609080,TOR,ANA,ANA01,20060908,0,7:07PM,night,,,true,,140,42259,unknown,unknown,sunny,70,tocf,7,munse701,,,laynj901,davib902,wegnm901,hudsm901,,,saunj001,burna001,rodrf003,regular,1,4,ANA,TOR,y,both,y,y,y,2006
ANA200609090,TOR,ANA,ANA01,20060909,0,7:08PM,night,,,true,,163,44007,unknown,unknown,sunny,70,fromcf,4,munse701,,,davib902,wegnm901,hudsm901,laynj901,,,chacg001,escok001,ryanb001,regular,2,1,TOR,ANA,y,both,y,y,y,2006
ANA200609100,TOR,ANA,ANA01,20060910,0,12:38PM,day,,,true,,207,40506,unknown,unknown,sunny,78,tocf,7,munse701,,,wegnm901,hudsm901,laynj901,davib902,,,weavj003,towej001,rodrf003,regular,3,4,ANA,TOR,y,both,y,y,y,2006
ANA200609110,CHA,ANA,ANA01,20060911,0,7:07PM,night,,,true,,142,39316,unknown,unknown,sunny,75,tocf,7,munse701,,,emmep901,rungb901,wintm901,froeb901,,,contj002,lackj001,jenkb001,regular,3,2,CHA,ANA,y,both,y,y,y,2006
ANA200609120,CHA,ANA,ANA01,20060912,0,7:08PM,night,,,true,,183,39304,unknown,unknown,sunny,84,tocf,8,franm701,,,rungb901,wintm901,froeb901,emmep901,,,carrh001,jenkb001,,regular,3,4,ANA,CHA,y,both,y,y,y,2006
ANA200609130,CHA,ANA,ANA01,20060913,0,12:37PM,day,,,true,,157,37030,unknown,unknown,sunny,82,fromcf,5,munse701,,,wintm901,froeb901,emmep901,rungb901,,,garcf002,saunj001,,regular,9,0,CHA,ANA,y,both,y,y,y,2006
TEX200609140,ANA,TEX,ARL02,20060914,0,7:07PM,night,,,true,,159,21488,unknown,unknown,sunny,89,ltor,8,mocej701,,,diazl901,reedr901,tscht901,barrt901,,,carrh001,volqe001,rodrf003,regular,2,1,ANA,TEX,y,both,y,y,y,2006
TEX200609150,ANA,TEX,ARL02,20060915,0,7:38PM,night,,,true,,189,30788,unknown,unknown,sunny,91,fromcf,10,schid701,,,reedr901,tscht901,barrt901,diazl901,,,donnb001,franf001,,regular,2,1,ANA,TEX,y,both,y,y,y,2006
TEX200609160,ANA,TEX,ARL02,20060916,0,7:09PM,night,,,true,,171,40196,unknown,unknown,cloudy,95,fromlf,18,wells701,,,tscht901,barrt901,diazl901,reedr901,,,eatoa001,lackj001,,regular,6,12,TEX,ANA,y,both,y,y,y,2006
TEX200609170,ANA,TEX,ARL02,20060917,0,1:08PM,day,,,true,,150,24303,unknown,unknown,unknown,85,rtol,9,wells701,,,barrt901,diazl901,reedr901,tscht901,,,padiv001,sante001,,regular,1,8,TEX,ANA,y,both,y,y,y,2006
KCA200609190,ANA,KCA,KAN06,20060919,0,7:09PM,night,,,true,,168,9048,unknown,unknown,sunny,62,ltor,5,blacd701,,,fairc901,cedeg901,danlk901,welkt901,,,saunj001,delaj001,rodrf003,regular,5,2,ANA,KCA,y,both,y,y,y,2006
KCA200609200,ANA,KCA,KAN06,20060920,0,7:11PM,night,,,true,,175,8947,unknown,unknown,sunny,68,rtol,5,ruddw701,,,reynj901,danlk901,welkt901,cedeg901,,,escok001,pereo001,rodrf003,regular,3,0,ANA,KCA,y,both,y,y,y,2006
OAK200609220,ANA,OAK,OAK01,20060922,0,7:05PM,night,,,true,,213,35077,unknown,unknown,sunny,68,ltor,10,dybdc701,,,kulpr901,iassd901,barkl901,scotd901,,,halsb001,rodrf003,,regular,4,5,OAK,ANA,y,both,y,y,y,2006
OAK200609230,ANA,OAK,OAK01,20060923,0,1:10PM,day,,,true,,155,34077,unknown,unknown,sunny,75,torf,5,feldd701,,,iassd901,barkl901,scotd901,kulpr901,,,lackj001,blanj001,,regular,6,2,ANA,OAK,y,both,y,y,y,2006
OAK200609240,ANA,OAK,OAK01,20060924,0,1:05PM,day,,,true,,132,34077,unknown,unknown,sunny,75,torf,7,feldd701,,,barkl901,scotd901,kulpr901,iassd901,,,sante001,hared001,,regular,7,1,ANA,OAK,y,both,y,y,y,2006
ANA200609250,TEX,ANA,ANA01,20060925,0,7:09PM,night,,,true,,151,39781,unknown,unknown,sunny,73,fromcf,4,munse701,,,poncl901,darlg901,drecb901,hicke901,,,saunj001,volqe001,shies002,regular,3,8,ANA,TEX,y,both,y,y,y,2006
ANA200609260,TEX,ANA,ANA01,20060926,0,7:09PM,night,,,true,,147,37339,unknown,unknown,sunny,71,fromlf,4,franm701,,,darlg901,drecb901,hicke901,poncl901,,,tejer001,escok001,littw001,regular,5,2,TEX,ANA,y,both,y,y,y,2006
ANA200609270,TEX,ANA,ANA01,20060927,0,7:07PM,night,,,true,,163,38032,unknown,unknown,sunny,72,fromlf,4,munse701,,,drecb901,hicke901,poncl901,darlg901,,,donnb001,wilsc004,rodrf003,regular,5,6,ANA,TEX,y,both,y,y,y,2006
ANA200609280,OAK,ANA,ANA01,20060928,0,7:07PM,night,,,true,,141,41944,unknown,unknown,sunny,72,fromlf,4,munse701,,,buckc901,carlm901,bellw901,armer901,,,lackj001,zitob001,rodrf003,regular,0,2,ANA,OAK,y,both,y,y,y,2006
ANA200609290,OAK,ANA,ANA01,20060929,0,7:07PM,night,,,true,,137,43948,unknown,unknown,cloudy,74,tocf,6,munse701,,,carlm901,bellw901,armer901,buckc901,,,sante001,loaie001,,regular,0,6,ANA,OAK,y,both,y,y,y,2006
ANA200609300,OAK,ANA,ANA01,20060930,0,7:08PM,night,,,true,,166,43944,unknown,unknown,unknown,71,tolf,3,munse701,,,bellw901,armer901,buckc901,carlm901,,,carrh001,florr002,rodrf003,regular,6,7,ANA,OAK,y,both,y,y,y,2006
ANA200610010,OAK,ANA,ANA01,20061001,0,12:37PM,day,,,true,,225,44107,unknown,unknown,unknown,75,tocf,8,munse701,,,armer901,buckc901,carlm901,bellw901,,,gaudc001,bootc001,florr002,regular,11,10,OAK,ANA,y,both,y,y,y,2006
ANA200704020,TEX,ANA,ANA01,20070402,0,7:09PM,night,,,true,,164,43906,unknown,unknown,sunny,63,tocf,6,munse701,,,crawj901,hohnb901,onorb901,cuzzp901,,,lackj001,millk004,rodrf003,regular,1,4,ANA,TEX,y,both,y,y,y,2007
ANA200704030,TEX,ANA,ANA01,20070403,0,7:22PM,night,,,true,,181,42463,unknown,unknown,sunny,65,tocf,5,munse701,,,hohnb901,onorb901,cuzzp901,crawj901,,,escok001,padiv001,,regular,3,8,ANA,TEX,y,both,y,y,y,2007
ANA200704040,TEX,ANA,ANA01,20070404,0,12:37PM,day,,,true,,146,35701,unknown,unknown,cloudy,70,tocf,6,munse701,,,onorb901,cuzzp901,crawj901,hohnb901,,,sante001,mccab001,rodrf003,regular,3,5,ANA,TEX,y,both,y,y,y,2007
ANA200704050,OAK,ANA,ANA01,20070405,0,7:09PM,night,,,true,,179,39234,unknown,unknown,cloudy,65,tocf,5,munse701,,,cuzzp901,crawj901,hohnb901,onorb901,,,duchj001,rodrf003,streh001,regular,4,3,OAK,ANA,y,both,y,y,y,2007
ANA200704060,OAK,ANA,ANA01,20070406,0,7:06PM,night,,,true,,165,43534,unknown,unknown,cloudy,58,tocf,5,munse701,,,iassd901,scotd901,kulpr901,emmep901,,,mosed001,kennj001,rodrf003,regular,2,5,ANA,OAK,y,both,y,y,y,2007
ANA200704070,OAK,ANA,ANA01,20070407,0,6:07PM,night,,,true,,137,44007,unknown,unknown,unknown,64,tocf,8,munse701,,,scotd901,kulpr901,emmep901,iassd901,,,lackj001,hared001,shies002,regular,1,2,ANA,OAK,y,both,y,y,y,2007
ANA200704080,OAK,ANA,ANA01,20070408,0,12:37PM,day,,,true,,174,37783,unknown,unknown,unknown,64,tocf,7,munse701,,,kulpr901,emmep901,iassd901,scotd901,,,blanj001,escok001,streh001,regular,2,1,OAK,ANA,y,both,y,y,y,2007
CLE200704100,ANA,CLE,MIL06,20070410,0,6:07PM,night,,,true,,192,19031,dry,none,dome,59,unknown,0,franw701,,,schrp901,fostm901,mcclt901,culbf901,,,sabac001,sante001,boroj001,regular,6,7,CLE,ANA,y,both,y,y,y,2007
CLE200704110,ANA,CLE,MIL06,20070411,0,6:07PM,night,,,true,,163,16375,dry,none,dome,62,unknown,0,franw701,,,fostm901,mcclt901,culbf901,schrp901,,,saunj001,westj001,rodrf003,regular,4,1,ANA,CLE,y,both,y,y,y,2007
CLE200704120,ANA,CLE,MIL06,20070412,0,12:08PM,day,,,true,,157,17090,dry,none,dome,59,unknown,0,franw701,,,mcclt901,culbf901,schrp901,fostm901,,,fulta001,shies002,boroj001,regular,2,4,CLE,ANA,y,both,y,y,y,2007
BOS200704130,ANA,BOS,BOS07,20070413,0,7:07PM,night,,,true,,169,35946,unknown,unknown,unknown,48,fromlf,21,scogc701,,,marqa901,timmt901,reedr901,meric901,,,waket001,lackj001,,regular,1,10,BOS,ANA,y,both,y,y,y,2007
BOS200704140,ANA,BOS,BOS07,20070414,0,3:57PM,day,,,true,,186,36300,unknown,unknown,unknown,52,tocf,14,shalm701,,,timmt901,reedr901,meric901,marqa901,,,schic002,carrh001,,regular,0,8,BOS,ANA,y,both,y,y,y,2007
BOS200704160,ANA,BOS,BOS07,20070416,0,12:18PM,day,,,true,,152,35424,wet,rain,unknown,47,tolf,15,scogc701,,,reedr901,meric901,marqa901,timmt901,,,beckj002,sante001,,regular,2,7,BOS,ANA,y,both,y,y,y,2007
OAK200704170,ANA,OAK,OAK01,20070417,0,7:09PM,night,,,true,,137,20174,unknown,unknown,cloudy,51,torf,28,dybdc701,,,barrt901,carlm901,younl901,herna901,,,gaudc001,weavj003,streh001,regular,1,4,OAK,ANA,y,both,y,y,y,2007
OAK200704180,ANA,OAK,OAK01,20070418,0,12:37PM,day,,,true,,129,17322,unknown,unknown,sunny,55,ltor,13,bushd701,,,carlm901,younl901,herna901,barrt901,,,hared001,lackj001,streh001,regular,0,3,OAK,ANA,y,both,y,y,y,2007
ANA200704200,SEA,ANA,ANA01,20070420,0,7:09PM,night,,,true,,150,43359,unknown,unknown,unknown,54,tocf,8,franm701,,,demud901,cousd901,danlk901,eddid901,,,saunj001,batim001,rodrf003,regular,4,8,ANA,SEA,y,both,y,y,y,2007
ANA200704210,SEA,ANA,ANA01,20070421,0,6:07PM,night,,,true,,177,43752,unknown,unknown,cloudy,60,tocf,9,munse701,,,cousd901,danlk901,eddid901,demud901,,,colob001,ramih002,rodrf003,regular,6,7,ANA,SEA,y,both,y,y,y,2007
ANA200704220,SEA,ANA,ANA01,20070422,0,12:38PM,day,,,true,,159,43628,unknown,unknown,unknown,61,tocf,9,munse701,,,danlk901,eddid901,demud901,cousd901,,,sante001,weavj002,,regular,1,6,ANA,SEA,y,both,y,y,y,2007
ANA200704230,DET,ANA,ANA01,20070423,0,7:09PM,night,,,true,,202,40563,unknown,unknown,sunny,62,tocf,7,munse701,,,tscht901,joycj901,nelsj901,wolfj901,,,grilj001,weavj003,,regular,9,5,DET,ANA,y,both,y,y,y,2007
ANA200704240,DET,ANA,ANA01,20070424,0,12:39PM,day,,,true,,217,36055,unknown,unknown,sunny,74,tocf,6,munse701,,,joycj901,nelsj901,wolfj901,tscht901,,,mosed001,jonet003,,regular,8,9,ANA,DET,y,both,y,y,y,2007
ANA200704250,TBA,ANA,ANA01,20070425,0,7:08PM,night,,,true,,169,36850,unknown,unknown,sunny,74,torf,7,franm701,,,guccc901,cedeg901,barkl901,reynj901,,,lackj001,jacke001,,regular,1,9,ANA,TBA,y,both,y,y,y,2007
ANA200704260,TBA,ANA,ANA01,20070426,0,12:36PM,day,,,true,,160,35597,unknown,unknown,sunny,71,tocf,7,munse701,,,cedeg901,barkl901,reynj901,guccc901,,,colob001,seo-j001,,regular,3,11,ANA,TBA,y,both,y,y,y,2007
CHA200704270,ANA,CHA,CHI12,20070427,0,7:11PM,night,,,true,,174,30193,unknown,unknown,sunny,51,fromcf,4,roseb701,,,kulpr901,scotd901,dowda901,iassd901,,,contj002,sante001,,regular,3,7,CHA,ANA,y,both,y,y,y,2007
CHA200704280,ANA,CHA,CHI12,20070428,0,6:07PM,night,,,true,,159,38208,unknown,unknown,cloudy,68,torf,12,frisd701,,,scotd901,dowda901,iassd901,kulpr901,,,weavj003,garlj001,rodrf003,regular,3,0,ANA,CHA,y,both,y,y,y,2007
CHA200704290,ANA,CHA,CHI12,20070429,0,1:07PM,day,,,true,,150,38513,unknown,unknown,sunny,73,rtol,12,roseb701,,,dowda901,iassd901,kulpr901,scotd901,,,escok001,buehm001,rodrf003,regular,5,2,ANA,CHA,y,both,y,y,y,2007
KCA200704300,ANA,KCA,KAN06,20070430,0,7:11PM,night,,,true,,170,10866,unknown,unknown,sunny,81,rtol,5,blacd701,,,mealj901,drecb901,mcclt901,poncl901,,,lackj001,pereo001,rodrf003,regular,3,1,ANA,KCA,y,both,y,y,y,2007
KCA200705010,ANA,KCA,KAN06,20070501,0,7:11PM,night,,,true,,164,11225,unknown,unknown,unknown,73,rtol,3,blacd701,,,drecb901,mcclt901,poncl901,mealj901,,,colob001,greiz001,rodrf003,regular,7,5,ANA,KCA,y,both,y,y,y,2007
KCA200705020,ANA,KCA,KAN06,20070502,0,7:10PM,night,,,true,,146,9697,wet,drizzle,unknown,60,fromlf,2,blacd701,,,mcclt901,poncl901,mealj901,drecb901,,,delaj001,sante001,sorij001,regular,1,3,KCA,ANA,y,both,y,y,y,2007
KCA200705030,ANA,KCA,KAN06,20070503,0,1:10PM,day,,,true,,163,12683,wet,drizzle,unknown,64,rtol,3,blacd701,,,poncl901,mealj901,drecb901,mcclt901,,,mechg001,weavj003,sorij001,regular,2,5,KCA,ANA,y,both,y,y,y,2007
ANA200705040,CHA,ANA,ANA01,20070504,0,7:08PM,night,,,true,,143,44126,unknown,unknown,unknown,62,torf,15,munse701,,,welkb901,bellw901,diazl901,muchm901,,,escok001,contj002,shies002,regular,1,5,ANA,CHA,y,both,y,y,y,2007
ANA200705050,CHA,ANA,ANA01,20070505,0,12:57PM,day,,,true,,161,42574,unknown,unknown,cloudy,70,torf,9,munse701,,,bellw901,diazl901,muchm901,welkb901,,,garlj001,lackj001,jenkb001,regular,6,3,CHA,ANA,y,both,y,y,y,2007
ANA200705060,CHA,ANA,ANA01,20070506,0,12:37PM,day,,,true,,177,42017,unknown,unknown,sunny,82,fromcf,10,munse701,,,diazl901,muchm901,welkb901,bellw901,,,thorm001,rodrf003,jenkb001,regular,4,3,CHA,ANA,y,both,y,y,y,2007
ANA200705080,CLE,ANA,ANA01,20070508,0,7:07PM,night,,,true,,143,41731,unknown,unknown,sunny,78,torf,8,franm701,,,herna901,barrt901,carlm901,younl901,,,lee-c003,sante001,,regular,5,1,CLE,ANA,y,both,y,y,y,2007
ANA200705090,CLE,ANA,ANA01,20070509,0,7:08PM,night,,,true,,154,40007,unknown,unknown,sunny,79,tocf,7,munse701,,,barrt901,carlm901,younl901,herna901,,,mosed001,cabrf002,rodrf003,regular,2,3,ANA,CLE,y,both,y,y,y,2007
ANA200705100,CLE,ANA,ANA01,20070510,0,12:37PM,day,,,true,,139,33698,unknown,unknown,sunny,78,tocf,7,munse701,,,carlm901,younl901,herna901,barrt901,,,escok001,sowej001,,regular,0,8,ANA,CLE,y,both,y,y,y,2007
TEX200705110,ANA,TEX,ARL02,20070511,0,7:07PM,night,,,true,,135,30782,unknown,unknown,cloudy,83,torf,7,schid701,,,reedr901,meric901,marqa901,timmt901,,,lackj001,padiv001,,regular,6,3,ANA,TEX,y,both,y,y,y,2007
TEX200705120,ANA,TEX,ARL02,20070512,0,2:46PM,day,,,true,,165,36474,unknown,unknown,cloudy,85,torf,5,wells701,,,meric901,marqa901,timmt901,reedr901,,,colob001,loe-k001,rodrf003,regular,6,3,ANA,TEX,y,both,y,y,y,2007
TEX200705130,ANA,TEX,ARL02,20070513,0,2:06PM,day,,,true,,169,24847,unknown,unknown,cloudy,88,ltor,9,schid701,,,marqa901,timmt901,reedr901,meric901,,,gagne001,shies002,,regular,6,7,TEX,ANA,y,both,y,y,y,2007
TEX200705140,ANA,TEX,ARL02,20070514,0,1:07PM,day,,,true,,178,23421,unknown,unknown,cloudy,86,rtol,7,mocej701,,,timmt901,reedr901,meric901,marqa901,,,weavj003,millk004,,regular,7,2,ANA,TEX,y,both,y,y,y,2007
SEA200705150,ANA,SEA,SEA03,20070515,0,7:10PM,night,,,true,,165,21769,unknown,unknown,sunny,73,ltor,1,padud701,,,fostm901,schrp901,mcclt901,culbf901,,,whits002,escok001,,regular,3,11,SEA,ANA,y,both,y,y,y,2007
SEA200705160,ANA,SEA,SEA03,20070516,0,7:11PM,night,,,true,,152,22331,unknown,unknown,cloudy,57,fromlf,2,padud701,,,schrp901,mcclt901,culbf901,fostm901,,,lackj001,baekc001,,regular,5,0,ANA,SEA,y,both,y,y,y,2007
SEA200705170,ANA,SEA,SEA03,20070517,0,7:10PM,night,,,true,,153,20488,unknown,unknown,sunny,62,torf,2,radoe701,,,mcclt901,culbf901,fostm901,schrp901,,,colob001,washj001,,regular,7,3,ANA,SEA,y,both,y,y,y,2007
ANA200705180,LAN,ANA,ANA01,20070518,0,7:07PM,night,,,true,,159,44342,unknown,unknown,sunny,66,tocf,6,munse701,,,kulpr901,scotd901,emmep901,iassd901,,,sante001,pennb002,,regular,1,9,ANA,LAN,y,both,y,y,y,2007
ANA200705190,LAN,ANA,ANA01,20070519,0,6:07PM,night,,,true,,146,44380,unknown,unknown,sunny,70,tolf,8,munse701,,,scotd901,emmep901,iassd901,kulpr901,,,weavj003,hendm001,,regular,2,6,ANA,LAN,y,both,y,y,y,2007
ANA200705200,LAN,ANA,ANA01,20070520,0,12:38PM,day,,,true,,141,44301,unknown,unknown,overcast,66,torf,4,munse701,,,emmep901,iassd901,kulpr901,scotd901,,,escok001,lowed001,rodrf003,regular,1,4,ANA,LAN,y,both,y,y,y,2007
DET200705220,ANA,DET,DET05,20070522,0,7:06PM,night,,,true,,167,28678,unknown,unknown,sunny,72,fromlf,10,klonc701,,,coope901,reilm901,kellj901,fairc901,,,lackj001,marom001,rodrf003,regular,6,3,ANA,DET,y,both,y,y,y,2007
DET200705230,ANA,DET,DET05,20070523,0,7:04PM,night,,,true,,174,28105,unknown,unknown,sunny,81,ltor,10,klonc701,,,reilm901,kellj901,fairc901,coope901,,,durbc001,colob001,jonet003,regular,7,8,DET,ANA,y,both,y,y,y,2007
DET200705240,ANA,DET,DET05,20070524,0,1:04PM,day,,,true,,148,36048,unknown,unknown,sunny,86,fromlf,9,klonc701,,,kellj901,fairc901,coope901,reilm901,,,bondj001,sante001,,regular,0,12,DET,ANA,y,both,y,y,y,2007
NYA200705250,ANA,NYA,NYC16,20070525,0,7:09PM,night,,,true,,217,50363,unknown,unknown,sunny,89,tolf,7,shanb701,,,joycj901,nelsj901,wolfj901,tscht901,,,weavj003,clipt001,,regular,10,6,ANA,NYA,y,both,y,y,y,2007
NYA200705260,ANA,NYA,NYC16,20070526,0,1:09PM,day,,,true,,167,52536,unknown,unknown,cloudy,85,torf,10,sprej701,,,nelsj901,wolfj901,tscht901,joycj901,,,escok001,wangc001,rodrf003,regular,3,1,ANA,NYA,y,both,y,y,y,2007
NYA200705270,ANA,NYA,NYC16,20070527,0,1:08PM,day,,,true,,188,53508,unknown,unknown,sunny,81,tolf,8,karph701,,,wolfj901,tscht901,joycj901,nelsj901,,,lackj001,procs001,rodrf003,regular,4,3,ANA,NYA,y,both,y,y,y,2007
ANA200705280,SEA,ANA,ANA01,20070528,0,6:07PM,night,,,true,,173,42352,unknown,unknown,sunny,65,tocf,8,munse701,,,hudsm901,laynj901,monte901,millb901,,,batim001,colob001,,regular,12,5,SEA,ANA,y,both,y,y,y,2007
ANA200705290,SEA,ANA,ANA01,20070529,0,7:07PM,night,,,true,,128,38174,unknown,unknown,sunny,70,tocf,10,franm701,,,laynj901,monte901,millb901,hudsm901,,,sante001,feier001,rodrf003,regular,1,4,ANA,SEA,y,both,y,y,y,2007
ANA200705300,SEA,ANA,ANA01,20070530,0,7:07PM,night,,,true,,175,39288,unknown,unknown,sunny,64,tocf,7,munse701,,,monte901,millb901,hudsm901,laynj901,,,mosed001,hernf002,rodrf003,regular,6,8,ANA,SEA,y,both,y,y,y,2007
ANA200705310,BAL,ANA,ANA01,20070531,0,7:09PM,night,,,true,,174,42266,unknown,unknown,sunny,65,torf,8,franm701,,,demud901,cousd901,danlk901,knigb901,,,burrb001,escok001,,regular,6,2,BAL,ANA,y,both,y,y,y,2007
ANA200706010,BAL,ANA,ANA01,20070601,0,7:07PM,night,,,true,,142,43012,unknown,unknown,overcast,66,tocf,7,munse701,,,cousd901,danlk901,knigb901,demud901,,,lackj001,cabrd001,rodrf003,regular,2,3,ANA,BAL,y,both,y,y,y,2007
ANA200706020,BAL,ANA,ANA01,20070602,0,6:07PM,night,,,true,,172,42190,unknown,unknown,sunny,69,tocf,8,munse701,,,danlk901,knigb901,demud901,cousd901,,,saunj001,tracs001,,regular,4,7,ANA,BAL,y,both,y,y,y,2007
ANA200706030,BAL,ANA,ANA01,20070603,0,12:37PM,day,,,true,,132,41026,unknown,unknown,overcast,71,torf,3,munse701,,,knigb901,demud901,cousd901,danlk901,,,bootc001,ray-c001,,regular,3,4,ANA,BAL,y,both,y,y,y,2007
ANA200706040,MIN,ANA,ANA01,20070604,0,7:09PM,night,,,true,,162,37380,unknown,unknown,cloudy,75,torf,9,franm701,,,gormb901,davig901,everm901,nauep901,,,weavj003,bonsb001,,regular,3,16,ANA,MIN,y,both,y,y,y,2007
ANA200706050,MIN,ANA,ANA01,20070605,0,7:07PM,night,,,true,,134,42001,unknown,unknown,cloudy,70,tocf,8,munse701,,,davig901,everm901,nauep901,gormb901,,,escok001,bakes002,,regular,1,5,ANA,MIN,y,both,y,y,y,2007
ANA200706060,MIN,ANA,ANA01,20070606,0,12:37PM,day,,,true,,166,36453,unknown,unknown,cloudy,67,tocf,13,munse701,,,everm901,nauep901,gormb901,davig901,,,slowk001,lackj001,nathj001,regular,8,5,MIN,ANA,y,both,y,y,y,2007
SLN200706080,ANA,SLN,STL10,20070608,0,7:10PM,night,,,false,,207,44156,unknown,unknown,sunny,74,ltor,10,smitm701,,,hallt901,crawj901,onorb901,dowda901,,,carrh001,johnt002,,regular,10,6,ANA,SLN,y,both,y,y,y,2007
SLN200706090,ANA,SLN,STL10,20070609,0,6:18PM,night,,,false,,181,45392,unknown,unknown,sunny,81,unknown,2,muelg701,,,crawj901,onorb901,dowda901,hallt901,,,sante001,loopb001,,regular,9,3,ANA,SLN,y,both,y,y,y,2007
SLN200706100,ANA,SLN,STL10,20070610,0,1:15PM,day,,,false,,187,43612,unknown,unknown,overcast,76,fromlf,5,durbj701,,,onorb901,dowda901,hallt901,crawj901,,,wellt002,bootc001,,regular,6,9,SLN,ANA,y,both,y,y,y,2007
CIN200706120,ANA,CIN,CIN09,20070612,0,7:10PM,night,,,false,,185,23153,unknown,unknown,cloudy,85,ltor,12,sampg701,,,relic901,gibsg901,vanol901,randt901,,,coutj001,mosed001,weatd001,regular,3,5,CIN,ANA,y,both,y,y,y,2007
CIN200706130,ANA,CIN,CIN09,20070613,0,7:11PM,night,,,false,,153,29655,unknown,unknown,cloudy,89,torf,8,rothr701,,,gibsg901,vanol901,randt901,relic901,,,lackj001,lohsk001,rodrf003,regular,6,3,ANA,CIN,y,both,y,y,y,2007
CIN200706140,ANA,CIN,CIN09,20070614,0,12:38PM,day,,,false,,190,32860,unknown,unknown,sunny,84,unknown,5,sampg701,,,vanol901,randt901,relic901,gibsg901,,,colob001,majeg001,rodrf003,regular,9,7,ANA,CIN,y,both,y,y,y,2007
LAN200706150,ANA,LAN,LOS03,20070615,0,7:40PM,night,,,false,,136,56000,unknown,unknown,sunny,69,tocf,7,munse701,,,cousd901,fostm901,schrp901,culbf901,,,lowed001,sante001,saitt001,regular,1,2,LAN,ANA,y,both,y,y,y,2007
LAN200706160,ANA,LAN,LOS03,20070616,0,12:55PM,day,,,false,,187,56000,unknown,unknown,sunny,74,tocf,9,munse701,,,fostm901,schrp901,culbf901,cousd901,,,weavj003,schmj001,rodrf003,regular,3,0,ANA,LAN,y,both,y,y,y,2007
LAN200706170,ANA,LAN,LOS03,20070617,0,1:10PM,day,,,false,,192,56000,unknown,unknown,sunny,78,tocf,6,hartd701,,,schrp901,culbf901,cousd901,fostm901,,,escok001,wolfr001,,regular,10,4,ANA,LAN,y,both,y,y,y,2007
ANA200706180,HOU,ANA,ANA01,20070618,0,7:07PM,night,,,true,,211,42232,unknown,unknown,sunny,74,torf,9,munse701,,,carlm901,younl901,herna901,barrt901,,,rodrf003,borkd001,,regular,9,10,ANA,HOU,y,both,y,y,y,2007
ANA200706190,HOU,ANA,ANA01,20070619,0,7:07PM,night,,,true,,189,42156,unknown,unknown,sunny,80,tocf,8,munse701,,,younl901,herna901,barrt901,carlm901,,,jennj001,colob001,,regular,9,5,HOU,ANA,y,both,y,y,y,2007
ANA200706200,HOU,ANA,ANA01,20070620,0,7:07PM,night,,,true,,174,40761,unknown,unknown,sunny,82,torf,6,franm701,,,herna901,barrt901,carlm901,younl901,,,carrh001,borkd001,,regular,4,8,ANA,HOU,y,both,y,y,y,2007
ANA200706220,PIT,ANA,ANA01,20070622,0,7:08PM,night,,,true,,205,43545,unknown,unknown,sunny,75,tocf,7,franm701,,,reedr901,meric901,marqa901,timmt901,,,shies002,baylj001,,regular,4,5,ANA,PIT,y,both,y,y,y,2007
ANA200706230,PIT,ANA,ANA01,20070623,0,6:06PM,night,,,true,,157,44010,unknown,unknown,sunny,75,tocf,8,munse701,,,meric901,marqa901,timmt901,reedr901,,,escok001,sneli001,,regular,1,10,ANA,PIT,y,both,y,y,y,2007
ANA200706240,PIT,ANA,ANA01,20070624,0,12:37PM,day,,,true,,211,42346,unknown,unknown,sunny,75,torf,4,munse701,,,marqa901,timmt901,reedr901,meric901,,,bootc001,cappm001,,regular,3,4,ANA,PIT,y,both,y,y,y,2007
ANA200706250,KCA,ANA,ANA01,20070625,0,7:07PM,night,,,true,,143,43895,unknown,unknown,sunny,73,tocf,10,munse701,,,davib902,holbs901,wendh902,marsr901,,,thomj005,lackj001,doteo001,regular,5,3,KCA,ANA,y,both,y,y,y,2007
ANA200706260,KCA,ANA,ANA01,20070626,0,7:06PM,night,,,true,,192,44002,unknown,unknown,sunny,72,tocf,7,franm701,,,holbs901,wendh902,marsr901,davib902,,,mechg001,sante001,,regular,12,4,KCA,ANA,y,both,y,y,y,2007
ANA200706270,KCA,ANA,ANA01,20070627,0,12:38PM,day,,,true,,158,41269,unknown,unknown,sunny,81,tocf,7,munse701,,,wendh902,marsr901,davib902,holbs901,,,delaj001,weavj003,doteo001,regular,1,0,KCA,ANA,y,both,y,y,y,2007
BAL200706290,ANA,BAL,BAL12,20070629,0,7:08PM,night,,,true,,196,36689,unknown,unknown,overcast,78,ltor,3,hennj701,,,everm901,nauep901,davig901,gormb901,,,shies002,ray-c001,rodrf003,regular,9,7,ANA,BAL,y,both,y,y,y,2007
BAL200706300,ANA,BAL,BAL12,20070630,0,7:06PM,night,,,true,,163,26235,unknown,unknown,cloudy,84,fromcf,3,hennj701,,,nauep901,davig901,gormb901,everm901,,,burrb001,colob001,shuep001,regular,3,6,BAL,ANA,y,both,y,y,y,2007
BAL200707010,ANA,BAL,BAL12,20070701,0,1:36PM,day,,,true,,146,25058,unknown,unknown,cloudy,82,fromlf,13,jacom701,,,davig901,gormb901,everm901,nauep901,,,lackj001,guthj001,rodrf003,regular,4,3,ANA,BAL,y,both,y,y,y,2007
TEX200707030,ANA,TEX,ARL02,20070703,0,7:35PM,night,,,true,,164,24871,unknown,unknown,unknown,78,tocf,4,schid701,,,hirsj901,welkb901,campa902,diazl901,,,millk004,sante001,,regular,3,8,TEX,ANA,y,both,y,y,y,2007
TEX200707040,ANA,TEX,ARL02,20070704,0,7:37PM,night,,,true,,167,46105,unknown,unknown,unknown,81,fromlf,10,schid701,,,welkb901,campa902,diazl901,hirsj901,,,wrigj001,weavj003,gagne001,regular,2,4,TEX,ANA,y,both,y,y,y,2007
TEX200707050,ANA,TEX,ARL02,20070705,0,7:37PM,night,,,true,,173,22062,unknown,unknown,unknown,77,ltor,9,mocej701,,,campa902,diazl901,hirsj901,welkb901,,,escok001,tejer001,,regular,5,2,ANA,TEX,y,both,y,y,y,2007
NYA200707060,ANA,NYA,NYC16,20070706,0,7:09PM,night,,,true,,200,52059,unknown,unknown,unknown,82,rtol,11,shanb701,,,demud901,cousd901,guccc901,eddid901,,,ramie003,bootc001,,regular,9,14,NYA,ANA,y,both,y,y,y,2007
NYA200707070,ANA,NYA,NYC16,20070707,0,3:57PM,day,,,true,,226,54497,unknown,unknown,unknown,85,ltor,11,shanb701,,,cousd901,guccc901,eddid901,demud901,,,rodrf003,vizcl001,,regular,2,1,ANA,NYA,y,both,y,y,y,2007
NYA200707080,ANA,NYA,NYC16,20070708,0,1:09PM,day,,,true,,179,53921,unknown,unknown,cloudy,92,rtol,17,karph701,,,guccc901,eddid901,demud901,cousd901,,,wangc001,sante001,,regular,0,12,NYA,ANA,y,both,y,y,y,2007
ANA200707130,TEX,ANA,ANA01,20070713,0,7:07PM,night,,,true,,158,44100,unknown,unknown,sunny,87,tocf,7,munse701,,,timmt901,reedr901,meric901,marqa901,,,rodrf003,benoj001,,regular,1,2,ANA,TEX,y,both,y,y,y,2007
ANA200707140,TEX,ANA,ANA01,20070714,0,6:07PM,night,,,true,,196,44026,unknown,unknown,cloudy,83,torf,10,munse701,,,reedr901,meric901,marqa901,timmt901,,,lackj001,loe-k001,,regular,5,9,ANA,TEX,y,both,y,y,y,2007
ANA200707150,TEX,ANA,ANA01,20070715,0,12:38PM,day,,,true,,211,44068,unknown,unknown,sunny,83,torf,8,munse701,,,meric901,marqa901,timmt901,reedr901,,,wilsc004,speij001,gagne001,regular,5,4,TEX,ANA,y,both,y,y,y,2007
TBA200707170,ANA,TBA,STP01,20070717,0,7:10PM,night,,,true,,166,9430,unknown,unknown,dome,72,unknown,0,fergj701,,,emmep901,iassd901,scotd901,kulpr901,,,shiej002,sante001,,regular,3,8,TBA,ANA,y,both,y,y,y,2007
TBA200707180,ANA,TBA,STP01,20070718,0,7:10PM,night,,,true,,173,13521,unknown,unknown,dome,72,unknown,0,fergj701,,,iassd901,scotd901,kulpr901,emmep901,,,kazms001,colob001,,regular,2,7,TBA,ANA,y,both,y,y,y,2007
TBA200707190,ANA,TBA,STP01,20070719,0,12:10PM,day,,,true,,161,18163,unknown,unknown,dome,72,unknown,0,mathb701,,,scotd901,kulpr901,emmep901,iassd901,,,escok001,sonna001,rodrf003,regular,3,0,ANA,TBA,y,both,y,y,y,2007
MIN200707200,ANA,MIN,MIN03,20070720,0,7:10PM,night,,,true,,159,35794,unknown,unknown,unknown,70,unknown,0,sinkh701,,,randt901,relic901,gibsg901,vanol901,,,silvc001,lackj001,nathj001,regular,5,7,MIN,ANA,y,both,y,y,y,2007
MIN200707210,ANA,MIN,MIN03,20070721,0,6:10PM,night,,,true,,155,33868,unknown,unknown,unknown,69,unknown,0,sinkh701,,,relic901,gibsg901,vanol901,randt901,,,neshp001,shies002,nathj001,regular,2,5,MIN,ANA,y,both,y,y,y,2007
MIN200707220,ANA,MIN,MIN03,20070722,0,1:11PM,day,,,true,,176,33217,unknown,unknown,unknown,70,unknown,0,sinkh701,,,gibsg901,vanol901,randt901,relic901,,,saunj001,garzm001,,regular,7,2,ANA,MIN,y,both,y,y,y,2007
ANA200707230,OAK,ANA,ANA01,20070723,0,7:07PM,night,,,true,,204,43847,unknown,unknown,cloudy,85,torf,11,munse701,,,reilm901,kellj901,coope901,fleta901,,,kennj001,colob001,,regular,12,6,OAK,ANA,y,both,y,y,y,2007
ANA200707240,OAK,ANA,ANA01,20070724,0,7:09PM,night,,,true,,183,43784,unknown,unknown,cloudy,81,tolf,8,munse701,,,kellj901,coope901,fleta901,reilm901,,,dinal001,escok001,embra001,regular,4,3,OAK,ANA,y,both,y,y,y,2007
ANA200707250,OAK,ANA,ANA01,20070725,0,12:38PM,day,,,true,,195,44252,unknown,unknown,sunny,86,torf,5,munse701,,,coope901,fleta901,reilm901,kellj901,,,rodrf003,kennj001,,regular,6,7,ANA,OAK,y,both,y,y,y,2007
ANA200707270,DET,ANA,ANA01,20070727,0,7:10PM,night,,,true,,181,44042,unknown,unknown,sunny,84,torf,10,franm701,,,millb901,hudsm901,monte901,gormb901,,,weavj003,roben001,,regular,6,11,ANA,DET,y,both,y,y,y,2007
ANA200707280,DET,ANA,ANA01,20070728,0,12:59PM,day,,,true,,210,43122,unknown,unknown,cloudy,85,tocf,10,franm701,,,hudsm901,monte901,gormb901,millb901,,,shies002,grilj001,,regular,3,10,ANA,DET,y,both,y,y,y,2007
ANA200707290,DET,ANA,ANA01,20070729,0,5:10PM,night,,,true,,196,44019,unknown,unknown,sunny,82,tocf,11,munse701,,,monte901,gormb901,millb901,hudsm901,,,bootc001,bondj001,,regular,4,13,ANA,DET,y,both,y,y,y,2007
SEA200707300,ANA,SEA,SEA03,20070730,0,7:11PM,night,,,true,,148,31232,unknown,unknown,sunny,70,ltor,2,peted701,,,cousd901,danlk901,eddid901,demud901,,,batim001,escok001,putzj001,regular,0,2,SEA,ANA,y,both,y,y,y,2007
SEA200707310,ANA,SEA,SEA03,20070731,0,7:10PM,night,,,true,,145,28903,unknown,unknown,sunny,77,unknown,0,radoe701,,,danlk901,eddid901,demud901,cousd901,,,lackj001,weavj002,,regular,8,0,ANA,SEA,y,both,y,y,y,2007
SEA200708010,ANA,SEA,SEA03,20070801,0,7:10PM,night,,,true,,231,34471,unknown,unknown,sunny,80,ltor,1,radoe701,,,eddid901,demud901,cousd901,danlk901,,,oflae001,speij001,,regular,7,8,SEA,ANA,y,both,y,y,y,2007
OAK200708020,ANA,OAK,OAK01,20070802,0,7:09PM,night,,,true,,170,21654,unknown,unknown,sunny,65,ltor,12,bushd701,,,marqa901,guccc901,everm901,davig901,,,saunj001,gaudc001,rodrf003,regular,6,4,ANA,OAK,y,both,y,y,y,2007
OAK200708030,ANA,OAK,OAK01,20070803,0,7:08PM,night,,,true,,171,21552,unknown,unknown,sunny,67,ltor,12,bushd701,,,rapue901,hicke901,buckc901,westj901,,,garcj002,shies002,,regular,4,8,OAK,ANA,y,both,y,y,y,2007
OAK200708040,ANA,OAK,OAK01,20070804,0,12:58PM,day,,,true,,151,29144,unknown,unknown,sunny,72,ltor,14,bushd701,,,hicke901,buckc901,westj901,rapue901,,,blanj001,escok001,embra001,regular,1,2,OAK,ANA,y,both,y,y,y,2007
OAK200708050,ANA,OAK,OAK01,20070805,0,1:07PM,day,,,true,,178,26782,wet,rain,unknown,61,tocf,15,bushd701,,,buckc901,westj901,rapue901,hicke901,,,lackj001,calek001,rodrf003,regular,4,3,ANA,OAK,y,both,y,y,y,2007
ANA200708060,BOS,ANA,ANA01,20070806,0,7:09PM,night,,,true,,185,44142,unknown,unknown,sunny,77,tocf,8,munse701,,,hoyej901,cuzzp901,hallt901,crawj901,,,speij001,schic002,rodrf003,regular,2,4,ANA,BOS,y,both,y,y,y,2007
ANA200708070,BOS,ANA,ANA01,20070807,0,7:08PM,night,,,true,,176,44177,unknown,unknown,sunny,74,torf,8,munse701,,,cuzzp901,hallt901,crawj901,hoyej901,,,saunj001,waket001,,regular,4,10,ANA,BOS,y,both,y,y,y,2007
ANA200708080,BOS,ANA,ANA01,20070808,0,7:08PM,night,,,true,,242,44243,unknown,unknown,sunny,82,tocf,7,munse701,,,hallt901,crawj901,hoyej901,cuzzp901,,,okajh001,speij001,papej001,regular,9,6,BOS,ANA,y,both,y,y,y,2007
ANA200708100,MIN,ANA,ANA01,20070810,0,7:10PM,night,,,true,,172,43810,unknown,unknown,sunny,76,torf,7,franm701,,,drecb901,darlg901,poncl901,mealj901,,,escok001,bakes002,,regular,1,10,ANA,MIN,y,both,y,y,y,2007
ANA200708110,MIN,ANA,ANA01,20070811,0,6:07PM,night,,,true,,156,44064,unknown,unknown,sunny,79,tocf,9,munse701,,,darlg901,poncl901,mealj901,drecb901,,,lackj001,neshp001,rodrf003,regular,3,4,ANA,MIN,y,both,y,y,y,2007
ANA200708120,MIN,ANA,ANA01,20070812,0,12:38PM,day,,,true,,160,43911,unknown,unknown,cloudy,86,tocf,5,munse701,,,poncl901,mealj901,drecb901,darlg901,,,weavj003,bonsb001,,regular,2,6,ANA,MIN,y,both,y,y,y,2007
TOR200708140,ANA,TOR,TOR02,20070814,0,7:09PM,night,,,true,,118,31978,unknown,unknown,sunny,82,torf,14,cauzl701,,,reilm901,kellj901,coope901,fleta901,,,hallr001,saunj001,,regular,1,4,TOR,ANA,y,both,y,y,y,2007
TOR200708150,ANA,TOR,TOR02,20070815,0,7:08PM,night,,,true,,153,30353,unknown,unknown,overcast,79,fromlf,13,cauzl701,,,kellj901,coope901,fleta901,reilm901,,,marcs001,mosed001,accaj001,regular,1,2,TOR,ANA,y,both,y,y,y,2007
TOR200708160,ANA,TOR,TOR02,20070816,0,7:08PM,night,,,true,,158,27861,unknown,unknown,sunny,81,fromlf,23,cauzl701,,,coope901,fleta901,reilm901,kellj901,,,escok001,mcgod001,rodrf003,regular,4,3,ANA,TOR,y,both,y,y,y,2007
BOS200708171,ANA,BOS,BOS07,20070817,1,1:08PM,day,,,true,,198,36686,unknown,unknown,unknown,76,tolf,12,scogc701,,,froeb901,johna901,wegnm901,wintm901,,,buchc001,lackj001,papej001,regular,4,8,BOS,ANA,y,both,y,y,y,2007
BOS200708172,ANA,BOS,BOS07,20070817,2,7:07PM,night,,,true,,194,36538,unknown,unknown,unknown,78,torf,17,shalm701,,,rungb901,wegnm901,wintm901,johna901,,,rodrf003,gagne001,,regular,7,5,ANA,BOS,y,both,y,y,y,2007
BOS200708180,ANA,BOS,BOS07,20070818,0,7:07PM,night,,,true,,195,36652,unknown,unknown,sunny,71,ltor,11,petrm701,,,wegnm901,wintm901,froeb901,rungb901,,,schic002,weavj003,,regular,5,10,BOS,ANA,y,both,y,y,y,2007
BOS200708190,ANA,BOS,BOS07,20070819,0,2:07PM,day,,,true,,169,36346,unknown,unknown,unknown,70,fromlf,11,scogc701,,,wintm901,froeb901,rungb901,wegnm901,,,saunj001,tavaj001,rodrf003,regular,3,1,ANA,BOS,y,both,y,y,y,2007
ANA200708200,NYA,ANA,ANA01,20070820,0,7:08PM,night,,,true,,221,44249,unknown,unknown,sunny,88,tocf,6,munse701,,,scotd901,kulpr901,emmep901,iassd901,,,olivd001,henns001,,regular,6,7,ANA,NYA,y,both,y,y,y,2007
ANA200708210,NYA,ANA,ANA01,20070821,0,7:08PM,night,,,true,,204,44264,unknown,unknown,sunny,88,tocf,5,munse701,,,kulpr901,emmep901,iassd901,scotd901,,,escok001,mussm001,gwynm001,regular,9,18,ANA,NYA,y,both,y,y,y,2007
ANA200708220,NYA,ANA,ANA01,20070822,0,7:08PM,night,,,true,,188,44326,unknown,unknown,sunny,80,tocf,4,munse701,,,emmep901,iassd901,scotd901,kulpr901,,,petta001,lackj001,,regular,8,2,NYA,ANA,y,both,y,y,y,2007
ANA200708230,TOR,ANA,ANA01,20070823,0,7:07PM,night,,,true,,148,41009,unknown,unknown,sunny,75,torf,7,franm701,,,relic901,gibsg901,vanol901,randt901,,,litsj001,sante001,accaj001,regular,5,4,TOR,ANA,y,both,y,y,y,2007
ANA200708240,TOR,ANA,ANA01,20070824,0,7:07PM,night,,,true,,148,41131,unknown,unknown,sunny,76,tocf,8,franm701,,,gibsg901,vanol901,randt901,relic901,,,weavj003,hallr001,rodrf003,regular,0,3,ANA,TOR,y,both,y,y,y,2007
ANA200708250,TOR,ANA,ANA01,20070825,0,6:07PM,night,,,true,,178,41631,unknown,unknown,cloudy,79,torf,8,munse701,,,vanol901,randt901,relic901,gibsg901,,,marcs001,saunj001,,regular,9,2,TOR,ANA,y,both,y,y,y,2007
ANA200708260,TOR,ANA,ANA01,20070826,0,12:38PM,day,,,true,,139,40565,unknown,unknown,overcast,78,torf,6,munse701,,,randt901,relic901,gibsg901,vanol901,,,escok001,mcgod001,rodrf003,regular,1,3,ANA,TOR,y,both,y,y,y,2007
SEA200708270,ANA,SEA,SEA03,20070827,0,7:10PM,night,,,true,,144,45998,unknown,unknown,cloudy,69,fromlf,3,radoe701,,,darlg901,poncl901,drecb901,mealj901,,,lackj001,batim001,,regular,6,0,ANA,SEA,y,both,y,y,y,2007
SEA200708280,ANA,SEA,SEA03,20070828,0,7:10PM,night,,,true,,192,44395,unknown,unknown,sunny,73,fromlf,10,radoe701,,,poncl901,drecb901,mealj901,darlg901,,,speij001,morrb001,,regular,10,6,ANA,SEA,y,both,y,y,y,2007
SEA200708290,ANA,SEA,SEA03,20070829,0,1:40PM,day,,,true,,151,46047,unknown,unknown,sunny,72,torf,4,padud701,,,drecb901,mealj901,darlg901,poncl901,,,weavj003,hernf002,,regular,8,2,ANA,SEA,y,both,y,y,y,2007
ANA200708310,TEX,ANA,ANA01,20070831,0,7:07PM,night,,,true,,190,41012,unknown,unknown,cloudy,93,tocf,7,munse701,,,reynj901,cedeg901,barkl901,hohnb901,,,olivd001,franf001,,regular,6,7,ANA,TEX,y,both,y,y,y,2007
ANA200709010,TEX,ANA,ANA01,20070901,0,12:56PM,day,,,true,,208,38342,unknown,unknown,sunny,101,tocf,5,munse701,,,cedeg901,barkl901,hohnb901,reynj901,,,volqe001,escok001,wilsc004,regular,7,6,TEX,ANA,y,both,y,y,y,2007
ANA200709020,TEX,ANA,ANA01,20070902,0,5:10PM,night,,,true,,184,40635,unknown,unknown,cloudy,97,tocf,11,munse701,,,barkl901,hohnb901,reynj901,cedeg901,,,littw001,shies002,wilsc004,regular,8,7,TEX,ANA,y,both,y,y,y,2007
ANA200709030,OAK,ANA,ANA01,20070903,0,6:08PM,night,,,true,,173,39164,unknown,unknown,cloudy,106,torf,5,munse701,,,nelsj901,wolfj901,tscht901,joycj901,,,sante001,gaudc001,,regular,5,9,ANA,OAK,y,both,y,y,y,2007
ANA200709040,OAK,ANA,ANA01,20070904,0,7:08PM,night,,,true,,157,39017,unknown,unknown,sunny,83,tocf,9,munse701,,,wolfj901,tscht901,joycj901,nelsj901,,,weavj003,dinal001,rodrf003,regular,3,4,ANA,OAK,y,both,y,y,y,2007
ANA200709050,OAK,ANA,ANA01,20070905,0,12:38PM,day,,,true,,160,34000,unknown,unknown,sunny,81,tocf,6,munse701,,,tscht901,joycj901,nelsj901,wolfj901,,,blanj001,saunj001,,regular,6,2,OAK,ANA,y,both,y,y,y,2007
ANA200709060,CLE,ANA,ANA01,20070906,0,7:08PM,night,,,true,,197,41720,unknown,unknown,cloudy,70,tocf,6,franm701,,,scotd901,guccc901,cuzzp901,hallt901,,,escok001,byrdp001,,regular,3,10,ANA,CLE,y,both,y,y,y,2007
ANA200709070,CLE,ANA,ANA01,20070907,0,7:07PM,night,,,true,,196,40020,unknown,unknown,sunny,76,torf,7,munse701,,,guccc901,cuzzp901,hallt901,scotd901,,,shies002,betar001,,regular,2,3,ANA,CLE,y,both,y,y,y,2007
ANA200709080,CLE,ANA,ANA01,20070908,0,6:07PM,night,,,true,,166,43544,unknown,unknown,sunny,78,tocf,11,munse701,,,cuzzp901,hallt901,scotd901,guccc901,,,sabac001,sante001,,regular,6,1,CLE,ANA,y,both,y,y,y,2007
ANA200709090,CLE,ANA,ANA01,20070909,0,5:10PM,night,,,true,,174,40037,unknown,unknown,sunny,81,torf,9,munse701,,,hallt901,scotd901,guccc901,cuzzp901,,,laffa001,weavj003,,regular,6,2,CLE,ANA,y,both,y,y,y,2007
BAL200709110,ANA,BAL,BAL12,20070911,0,7:07PM,night,,,true,,206,15371,unknown,unknown,unknown,80,rtol,3,hennj701,,,iassd901,scotd901,kulpr901,emmep901,,,saunj001,santv001,,regular,10,5,ANA,BAL,y,both,y,y,y,2007
BAL200709120,ANA,BAL,BAL12,20070912,0,7:08PM,night,,,true,,215,15136,unknown,unknown,sunny,81,tolf,12,jacom701,,,scotd901,kulpr901,emmep901,iassd901,,,escok001,cabrd001,,regular,18,6,ANA,BAL,y,both,y,y,y,2007
BAL200709130,ANA,BAL,BAL12,20070913,0,7:06PM,night,,,true,,136,16359,unknown,unknown,cloudy,82,tocf,3,hennj701,,,kulpr901,emmep901,iassd901,scotd901,,,leicj001,lackj001,walkj001,regular,0,3,BAL,ANA,y,both,y,y,y,2007
CHA200709140,ANA,CHA,CHI12,20070914,0,7:11PM,night,,,true,,171,33581,unknown,unknown,unknown,61,torf,7,roseb701,,,coope901,fleta901,reilm901,kellj901,,,contj002,colob001,jenkb001,regular,3,5,CHA,ANA,y,both,y,y,y,2007
CHA200709150,ANA,CHA,CHI12,20070915,0,6:07PM,night,,,true,,193,36485,unknown,unknown,sunny,61,ltor,3,reeds701,,,fleta901,reilm901,kellj901,coope901,,,weavj003,garlj001,rodrf003,regular,2,1,ANA,CHA,y,both,y,y,y,2007
CHA200709160,ANA,CHA,CHI12,20070916,0,1:07PM,day,,,true,,186,29010,unknown,unknown,sunny,68,rtol,10,roseb701,,,reilm901,kellj901,coope901,fleta901,,,macdm001,mosed001,,regular,7,9,CHA,ANA,y,both,y,y,y,2007
ANA200709170,TBA,ANA,ANA01,20070917,0,7:09PM,night,,,true,,228,37530,unknown,unknown,sunny,71,tocf,9,franm701,,,froeb901,wegnm901,rungb901,wintm901,,,olivd001,jacke001,,regular,7,10,ANA,TBA,y,both,y,y,y,2007
ANA200709180,TBA,ANA,ANA01,20070918,0,7:06PM,night,,,true,,158,36313,unknown,unknown,sunny,76,tocf,9,munse701,,,wegnm901,rungb901,wintm901,froeb901,,,lackj001,hammj002,rodrf003,regular,1,2,ANA,TBA,y,both,y,y,y,2007
ANA200709190,TBA,ANA,ANA01,20070919,0,12:36PM,day,,,true,,156,33699,unknown,unknown,unknown,70,tocf,5,munse701,,,rungb901,wintm901,froeb901,wegnm901,,,sante001,howej003,rodrf003,regular,1,2,ANA,TBA,y,both,y,y,y,2007
ANA200709200,SEA,ANA,ANA01,20070920,0,7:08PM,night,,,true,,186,40016,unknown,unknown,sunny,67,tocf,9,munse701,,,demud901,danlk901,eddid901,everm901,,,weavj003,feier001,,regular,5,9,ANA,SEA,y,both,y,y,y,2007
ANA200709210,SEA,ANA,ANA01,20070921,0,7:08PM,night,,,true,,146,44018,unknown,unknown,unknown,67,tocf,9,munse701,,,danlk901,eddid901,everm901,demud901,,,washj001,saunj001,,regular,6,0,SEA,ANA,y,both,y,y,y,2007
ANA200709220,SEA,ANA,ANA01,20070922,0,1:45PM,day,,,true,,174,43583,unknown,unknown,unknown,69,tolf,7,munse701,,,eddid901,everm901,demud901,danlk901,,,batim001,colob001,putzj001,regular,3,2,SEA,ANA,y,both,y,y,y,2007
ANA200709230,SEA,ANA,ANA01,20070923,0,12:37PM,day,,,true,,179,44234,unknown,unknown,cloudy,71,torf,3,munse701,,,everm901,demud901,danlk901,eddid901,,,lackj001,weavj002,rodrf003,regular,4,7,ANA,SEA,y,both,y,y,y,2007
TEX200709240,ANA,TEX,ARL02,20070924,0,7:08PM,night,,,true,,186,22881,unknown,unknown,sunny,89,fromcf,12,mocej701,,,joycj901,nelsj901,wolfj901,tscht901,,,whitb001,sante001,littw001,regular,7,8,TEX,ANA,y,both,y,y,y,2007
TEX200709250,ANA,TEX,ARL02,20070925,0,7:06PM,night,,,true,,158,30708,unknown,unknown,cloudy,90,fromcf,5,schid701,,,nelsj901,wolfj901,tscht901,joycj901,,,wrigj001,olivd001,,regular,1,3,TEX,ANA,y,both,y,y,y,2007
TEX200709260,ANA,TEX,ARL02,20070926,0,1:36PM,day,,,true,,195,24223,unknown,unknown,cloudy,89,tolf,8,wells701,,,wolfj901,tscht901,joycj901,nelsj901,,,rheij001,saunj001,,regular,2,16,TEX,ANA,y,both,y,y,y,2007
OAK200709280,ANA,OAK,OAK01,20070928,0,7:07PM,night,,,true,,145,32287,unknown,unknown,cloudy,59,torf,17,dybdc701,,,schrp901,mcclt901,culbf901,fostm901,,,lackj001,hared001,rodrf003,regular,2,0,ANA,OAK,y,both,y,y,y,2007
OAK200709290,ANA,OAK,OAK01,20070929,0,1:05PM,day,,,true,,143,26480,unknown,unknown,sunny,68,ltor,9,bushd701,,,mcclt901,culbf901,fostm901,schrp901,,,escok001,dinal001,rodrf003,regular,3,2,ANA,OAK,y,both,y,y,y,2007
OAK200709300,ANA,OAK,OAK01,20070930,0,1:05PM,day,,,true,,127,28062,unknown,unknown,sunny,68,torf,8,feldd701,,,culbf901,fostm901,schrp901,mcclt901,,,streh001,bootc001,,regular,2,3,OAK,ANA,y,both,y,y,y,2007
BOS200710030,ANA,BOS,BOS07,20071003,0,6:38PM,night,,,true,,147,37597,unknown,unknown,unknown,65,tolf,6,shalm701,,,darlg901,iassd901,rungb901,barrt901,tscht901,buckc901,beckj002,lackj001,,divisionseries,0,4,BOS,ANA,y,both,y,y,y,2007
BOS200710050,ANA,BOS,BOS07,20071005,0,8:39PM,night,,,true,,245,37706,unknown,unknown,sunny,78,fromlf,12,shalm701,,,iassd901,rungb901,barrt901,tscht901,buckc901,darlg901,papej001,speij001,,divisionseries,3,6,BOS,ANA,y,both,y,y,y,2007
ANA200710070,BOS,ANA,ANA01,20071007,0,12:08PM,day,,,true,,209,45262,unknown,unknown,sunny,82,fromlf,11,shalm701,,,rungb901,barrt901,tscht901,buckc901,darlg901,iassd901,schic002,weavj003,,divisionseries,9,1,BOS,ANA,y,both,y,y,y,2007
MIN200803310,ANA,MIN,MIN03,20080331,0,6:11PM,night,,,true,,160,49596,unknown,unknown,unknown,72,unknown,0,wongg701,,,relic901,danlk901,rungb901,guccc901,,,hernl003,weavj003,nathj001,regular,2,3,MIN,ANA,y,both,y,y,y,2008
MIN200804010,ANA,MIN,MIN03,20080401,0,7:10PM,night,,,true,,173,24586,unknown,unknown,unknown,70,unknown,0,thors701,,,danlk901,rungb901,guccc901,relic901,,,garlj001,bonsb001,,regular,9,1,ANA,MIN,y,both,y,y,y,2008
MIN200804020,ANA,MIN,MIN03,20080402,0,7:10PM,night,,,true,,129,21932,unknown,unknown,unknown,70,unknown,0,thors701,,,rungb901,guccc901,relic901,danlk901,,,saunj001,blacn001,rodrf003,regular,1,0,ANA,MIN,y,both,y,y,y,2008
MIN200804030,ANA,MIN,MIN03,20080403,0,12:10PM,day,,,true,,186,17084,unknown,unknown,unknown,68,unknown,0,wongg701,,,guccc901,relic901,danlk901,rungb901,,,sante001,slowk001,rodrf003,regular,5,4,ANA,MIN,y,both,y,y,y,2008
ANA200804040,TEX,ANA,ANA01,20080404,0,7:15PM,night,,,true,,192,43838,unknown,unknown,sunny,66,torf,9,munse701,,,cousd901,herna901,coope901,fostm901,,,gabbk001,mosed001,,regular,11,6,TEX,ANA,y,both,y,y,y,2008
ANA200804050,TEX,ANA,ANA01,20080405,0,6:07PM,night,,,true,,144,41170,unknown,unknown,cloudy,65,tocf,8,munse701,,,herna901,coope901,fostm901,cousd901,,,weavj003,millk004,rodrf003,regular,1,2,ANA,TEX,y,both,y,y,y,2008
ANA200804060,TEX,ANA,ANA01,20080406,0,12:38PM,day,,,true,,180,39242,unknown,unknown,unknown,64,tocf,4,munse701,,,coope901,fostm901,cousd901,herna901,,,padiv001,garlj001,,regular,10,4,TEX,ANA,y,both,y,y,y,2008
ANA200804070,CLE,ANA,ANA01,20080407,0,7:08PM,night,,,true,,183,35014,unknown,unknown,sunny,61,torf,5,franm701,,,mcclt901,vanol901,everm901,dimum901,,,shies002,boroj001,,regular,4,6,ANA,CLE,y,both,y,y,y,2008
ANA200804080,CLE,ANA,ANA01,20080408,0,7:06PM,night,,,true,,160,37587,unknown,unknown,unknown,61,tocf,6,munse701,,,vanol901,everm901,dimum901,mcclt901,,,westj001,speij001,,regular,4,3,CLE,ANA,y,both,y,y,y,2008
ANA200804090,CLE,ANA,ANA01,20080409,0,12:37PM,day,,,true,,156,36168,unknown,unknown,cloudy,63,unknown,3,munse701,,,everm901,dimum901,mcclt901,vanol901,,,mosed001,byrdp001,,regular,5,9,ANA,CLE,y,both,y,y,y,2008
SEA200804110,ANA,SEA,SEA03,20080411,0,7:10PM,night,,,true,,183,28915,unknown,unknown,sunny,57,fromlf,3,radoe701,,,culbf901,reynj901,timmt901,cedeg901,,,hernf002,weavj003,lowem002,regular,5,8,SEA,ANA,y,both,y,y,y,2008
SEA200804120,ANA,SEA,SEA03,20080412,0,6:10PM,night,,,true,,156,34963,unknown,unknown,sunny,80,unknown,0,radoe701,,,reynj901,timmt901,cedeg901,culbf901,,,silvc001,garlj001,,regular,3,8,SEA,ANA,y,both,y,y,y,2008
SEA200804130,ANA,SEA,SEA03,20080413,0,1:10PM,day,,,true,,190,30664,unknown,unknown,unknown,50,fromlf,2,padud701,,,timmt901,cedeg901,culbf901,reynj901,,,saunj001,baekc001,,regular,10,5,ANA,SEA,y,both,y,y,y,2008
TEX200804140,ANA,TEX,ARL02,20080414,0,7:05PM,night,,,true,,169,16541,unknown,unknown,sunny,66,torf,3,mocej701,,,westj901,rapue901,hicke901,buckc901,,,sante001,jennj001,rodrf003,regular,7,4,ANA,TEX,y,both,y,y,y,2008
TEX200804150,ANA,TEX,ARL02,20080415,0,1:07PM,day,,,true,,173,15595,unknown,unknown,sunny,68,fromlf,16,wells701,,,rapue901,hicke901,buckc901,westj901,,,olivd001,rupej001,rodrf003,regular,7,4,ANA,TEX,y,both,y,y,y,2008
ANA200804160,KCA,ANA,ANA01,20080416,0,7:09PM,night,,,true,,188,41336,unknown,unknown,sunny,67,torf,5,franm701,,,gormb901,drecb901,holbs901,davig901,,,mechg001,weavj003,sorij001,regular,3,2,KCA,ANA,y,both,y,y,y,2008
ANA200804170,KCA,ANA,ANA01,20080417,0,7:08PM,night,,,true,,162,40021,unknown,unknown,sunny,75,tocf,3,munse701,,,drecb901,holbs901,davig901,gormb901,,,garlj001,tomkb001,rodrf003,regular,3,5,ANA,KCA,y,both,y,y,y,2008
ANA200804180,SEA,ANA,ANA01,20080418,0,7:08PM,night,,,true,,141,43939,unknown,unknown,sunny,74,tocf,7,munse701,,,fleta901,reilm901,davib902,marqa901,,,saunj001,dickr001,rodrf003,regular,4,5,ANA,SEA,y,both,y,y,y,2008
ANA200804190,SEA,ANA,ANA01,20080419,0,6:06PM,night,,,true,,131,43959,unknown,unknown,cloudy,61,torf,12,munse701,,,reilm901,davib902,marqa901,fleta901,,,sante001,washj001,shies002,regular,1,4,ANA,SEA,y,both,y,y,y,2008
ANA200804200,SEA,ANA,ANA01,20080420,0,12:39PM,day,,,true,,177,43631,unknown,unknown,unknown,65,tocf,9,munse701,,,davib902,marqa901,fleta901,reilm901,,,batim001,mosed001,rowlr002,regular,4,2,SEA,ANA,y,both,y,y,y,2008
BOS200804220,ANA,BOS,BOS07,20080422,0,7:07PM,night,,,true,,201,37982,unknown,unknown,unknown,64,tolf,13,petrm701,,,wolfj901,monte901,laynj901,cuzzp901,,,timlm001,olivd001,papej001,regular,6,7,BOS,ANA,y,both,y,y,y,2008
BOS200804230,ANA,BOS,BOS07,20080423,0,7:06PM,night,,,true,,172,38172,unknown,unknown,cloudy,82,tocf,11,scogc701,,,monte901,laynj901,cuzzp901,wolfj901,,,garlj001,hansc001,rodrf003,regular,6,4,ANA,BOS,y,both,y,y,y,2008
BOS200804240,ANA,BOS,BOS07,20080424,0,1:35PM,day,,,true,,197,37848,unknown,unknown,sunny,75,fromlf,18,shalm701,,,laynj901,cuzzp901,wolfj901,monte901,,,saunj001,delcm001,rodrf003,regular,7,5,ANA,BOS,y,both,y,y,y,2008
DET200804250,ANA,DET,DET05,20080425,0,7:06PM,night,,,true,,166,40380,unknown,unknown,cloudy,76,rtol,15,marod701,,,diazl901,bellw901,wintm901,barrs901,,,sante001,roben001,rodrf003,regular,4,3,ANA,DET,y,both,y,y,y,2008
DET200804260,ANA,DET,DET05,20080426,0,3:56PM,day,,,true,,161,42068,unknown,unknown,sunny,64,tolf,20,kleir701,,,bellw901,wintm901,barrs901,diazl901,,,lopea003,odayd001,jonet003,regular,4,6,DET,ANA,y,both,y,y,y,2008
DET200804270,ANA,DET,DET05,20080427,0,8:10PM,night,,,true,,176,36347,unknown,unknown,unknown,62,rtol,5,kleir701,,,wintm901,barrs901,diazl901,bellw901,,,weavj003,verlj001,,regular,6,2,ANA,DET,y,both,y,y,y,2008
ANA200804280,OAK,ANA,ANA01,20080428,0,7:09PM,night,,,true,,174,37725,unknown,unknown,cloudy,83,tocf,7,franm701,,,relic901,gibsg901,campa902,rungb901,,,gaudc001,garlj001,,regular,14,2,OAK,ANA,y,both,y,y,y,2008
ANA200804290,OAK,ANA,ANA01,20080429,0,7:08PM,night,,,true,,129,35764,unknown,unknown,sunny,68,tocf,10,munse701,,,gibsg901,campa902,rungb901,relic901,,,saunj001,smitg002,rodrf003,regular,0,2,ANA,OAK,y,both,y,y,y,2008
ANA200804300,OAK,ANA,ANA01,20080430,0,7:06PM,night,,,true,,158,35301,unknown,unknown,cloudy,64,torf,10,munse701,,,campa902,rungb901,relic901,gibsg901,,,sante001,eveld001,,regular,1,6,ANA,OAK,y,both,y,y,y,2008
ANA200805010,OAK,ANA,ANA01,20080501,0,7:08PM,night,,,true,,192,37396,unknown,unknown,sunny,70,torf,6,munse701,,,rungb901,relic901,gibsg901,campa902,,,duchj001,mosed001,,regular,15,8,OAK,ANA,y,both,y,y,y,2008
ANA200805020,BAL,ANA,ANA01,20080502,0,7:09PM,night,,,true,,162,41515,unknown,unknown,sunny,75,tocf,8,franm701,,,millb901,emmep901,darlg901,mealj901,,,guthj001,weavj003,sherg001,regular,4,3,BAL,ANA,y,both,y,y,y,2008
ANA200805030,BAL,ANA,ANA01,20080503,0,12:42PM,day,,,true,,138,37601,unknown,unknown,sunny,75,tocf,6,munse701,,,emmep901,darlg901,mealj901,millb901,,,garlj001,cabrd001,rodrf003,regular,1,3,ANA,BAL,y,both,y,y,y,2008
ANA200805040,BAL,ANA,ANA01,20080504,0,12:38PM,day,,,true,,173,39273,unknown,unknown,cloudy,70,fromcf,5,munse701,,,darlg901,mealj901,millb901,emmep901,,,saunj001,tracs001,rodrf003,regular,5,6,ANA,BAL,y,both,y,y,y,2008
KCA200805050,ANA,KCA,KAN06,20080505,0,7:12PM,night,,,true,,142,12157,unknown,unknown,cloudy,72,rtol,7,schus701,,,vanol901,everm901,mcclt901,dimum901,,,sante001,ramir003,,regular,4,0,ANA,KCA,y,both,y,y,y,2008
KCA200805060,ANA,KCA,KAN06,20080506,0,7:10PM,night,,,true,,166,11354,unknown,unknown,unknown,66,rtol,8,blacd701,,,everm901,mcclt901,dimum901,vanol901,,,olivd001,bannb001,rodrf003,regular,5,3,ANA,KCA,y,both,y,y,y,2008
KCA200805070,ANA,KCA,KAN06,20080507,0,7:10PM,night,,,true,,162,11084,unknown,unknown,overcast,66,fromlf,5,blacd701,,,mcclt901,dimum901,vanol901,everm901,,,greiz001,weavj003,,regular,4,9,KCA,ANA,y,both,y,y,y,2008
TBA200805090,ANA,TBA,STP01,20080509,0,7:10PM,night,,,true,,133,12039,unknown,unknown,dome,72,unknown,0,fergj701,,,cedeg901,culbf901,reynj901,hoyej901,,,shiej002,speij001,,regular,0,2,TBA,ANA,y,both,y,y,y,2008
TBA200805100,ANA,TBA,STP01,20080510,0,7:11PM,night,,,true,,164,25512,unknown,unknown,dome,72,unknown,0,fergj701,,,culbf901,reynj901,hoyej901,cedeg901,,,kazms001,saunj001,perct001,regular,0,2,TBA,ANA,y,both,y,y,y,2008
TBA200805110,ANA,TBA,STP01,20080511,0,1:39PM,day,,,true,,175,13010,unknown,unknown,dome,72,unknown,0,wiedl701,,,reynj901,hoyej901,cedeg901,culbf901,,,howej003,speij001,perct001,regular,5,8,TBA,ANA,y,both,y,y,y,2008
ANA200805120,CHA,ANA,ANA01,20080512,0,7:08PM,night,,,true,,169,38723,unknown,unknown,unknown,60,unknown,8,munse701,,,welkb901,guccc901,welkt901,meric901,,,adenn001,buehm001,rodrf003,regular,7,10,ANA,CHA,y,both,y,y,y,2008
ANA200805130,CHA,ANA,ANA01,20080513,0,7:07PM,night,,,true,,160,35333,unknown,unknown,sunny,70,torf,6,munse701,,,guccc901,welkt901,meric901,welkb901,,,shies002,doteo001,rodrf003,regular,0,2,ANA,CHA,y,both,y,y,y,2008
ANA200805140,CHA,ANA,ANA01,20080514,0,7:06PM,night,,,true,,157,37059,unknown,unknown,cloudy,74,tocf,6,munse701,,,welkt901,meric901,welkb901,guccc901,,,contj002,shies002,,regular,6,1,CHA,ANA,y,both,y,y,y,2008
ANA200805150,CHA,ANA,ANA01,20080515,0,7:06PM,night,,,true,,194,41444,unknown,unknown,sunny,77,fromlf,5,munse701,,,meric901,welkb901,guccc901,welkt901,,,doteo001,rodrf003,jenkb001,regular,4,3,CHA,ANA,y,both,y,y,y,2008
ANA200805160,LAN,ANA,ANA01,20080516,0,7:07PM,night,,,true,,168,44047,unknown,unknown,sunny,87,torf,7,munse701,,,gormb901,holbs901,davig901,drecb901,,,saunj001,kuroh001,rodrf003,regular,2,4,ANA,LAN,y,both,y,y,y,2008
ANA200805170,LAN,ANA,ANA01,20080517,0,12:56PM,day,,,true,,192,43906,unknown,unknown,sunny,98,tocf,8,munse701,,,holbs901,davig901,drecb901,gormb901,,,kuo-h001,sante001,,regular,6,3,LAN,ANA,y,both,y,y,y,2008
ANA200805180,LAN,ANA,ANA01,20080518,0,12:38PM,day,,,true,,169,44007,unknown,unknown,sunny,94,tocf,9,munse701,,,davig901,drecb901,gormb901,holbs901,,,weavj003,lowed001,,regular,2,10,ANA,LAN,y,both,y,y,y,2008
TOR200805200,ANA,TOR,TOR02,20080520,0,7:08PM,night,,,true,,166,31487,dry,none,dome,68,unknown,0,cauzl701,,,fairc901,reedr901,kellj901,wegnm901,,,lackj001,mcgod001,rodrf003,regular,3,1,ANA,TOR,y,both,y,y,y,2008
TOR200805210,ANA,TOR,TOR02,20080521,0,7:08PM,night,,,true,,170,20163,dry,none,dome,68,unknown,0,cauzl701,,,reedr901,kellj901,wegnm901,fairc901,,,garlj001,marcs001,rodrf003,regular,4,3,ANA,TOR,y,both,y,y,y,2008
TOR200805220,ANA,TOR,TOR02,20080522,0,7:08PM,night,,,true,,157,22007,dry,none,dome,68,unknown,0,cauzl701,,,kellj901,wegnm901,fairc901,reedr901,,,burna001,sante001,ryanb001,regular,3,4,TOR,ANA,y,both,y,y,y,2008
CHA200805230,ANA,CHA,CHI12,20080523,0,7:11PM,night,,,true,,132,28156,unknown,unknown,unknown,51,torf,15,roseb701,,,davib902,marqa901,fleta901,reilm901,,,saunj001,floyg001,rodrf003,regular,3,1,ANA,CHA,y,both,y,y,y,2008
CHA200805240,ANA,CHA,CHI12,20080524,0,2:56PM,day,,,true,,173,38434,unknown,unknown,cloudy,65,ltor,11,frisd701,,,marqa901,fleta901,reilm901,davib902,,,weavj003,dankj001,rodrf003,regular,2,0,ANA,CHA,y,both,y,y,y,2008
CHA200805250,ANA,CHA,CHI12,20080525,0,7:10PM,night,,,true,,125,36195,unknown,unknown,sunny,76,rtol,13,roseb701,,,fleta901,reilm901,davib902,marqa901,,,lines001,lackj001,,regular,2,3,CHA,ANA,y,both,y,y,y,2008
ANA200805260,DET,ANA,ANA01,20080526,0,6:08PM,night,,,true,,232,41031,unknown,unknown,unknown,65,tocf,10,munse701,,,johna901,tscht901,joycj901,nelsj901,,,arrej001,dolsf001,,regular,0,1,ANA,DET,y,both,y,y,y,2008
ANA200805270,DET,ANA,ANA01,20080527,0,7:07PM,night,,,true,,140,36569,unknown,unknown,sunny,67,torf,8,franm701,,,tscht901,joycj901,nelsj901,johna901,,,sante001,lopea003,,regular,2,3,ANA,DET,y,both,y,y,y,2008
ANA200805280,DET,ANA,ANA01,20080528,0,7:08PM,night,,,true,,155,42191,unknown,unknown,sunny,67,torf,8,munse701,,,joycj901,nelsj901,johna901,tscht901,,,galaa002,saunj001,,regular,6,2,DET,ANA,y,both,y,y,y,2008
ANA200805300,TOR,ANA,ANA01,20080530,0,7:08PM,night,,,true,,191,42577,unknown,unknown,sunny,69,torf,7,munse701,,,hallt901,wendh902,knigb901,wintm901,,,mcgod001,weavj003,,regular,10,4,TOR,ANA,y,both,y,y,y,2008
ANA200805310,TOR,ANA,ANA01,20080531,0,6:08PM,night,,,true,,177,43645,unknown,unknown,sunny,70,tocf,9,munse701,,,wendh902,knigb901,wintm901,hallt901,,,shies002,tallb001,,regular,2,3,ANA,TOR,y,both,y,y,y,2008
ANA200806010,TOR,ANA,ANA01,20080601,0,12:39PM,day,,,true,,178,40026,unknown,unknown,sunny,73,torf,6,munse701,,,knigb901,wintm901,hallt901,wendh902,,,arrej001,ryanb001,,regular,3,4,ANA,TOR,y,both,y,y,y,2008
SEA200806020,ANA,SEA,SEA03,20080602,0,7:10PM,night,,,true,,147,22110,unknown,unknown,unknown,60,tolf,2,padud701,,,laynj901,cuzzp901,wolfj901,monte901,,,sante001,washj001,rodrf003,regular,4,2,ANA,SEA,y,both,y,y,y,2008
SEA200806030,ANA,SEA,SEA03,20080603,0,7:09PM,night,,,true,,155,23534,dry,none,dome,54,fromlf,3,radoe701,,,cuzzp901,wolfj901,monte901,laynj901,,,saunj001,bedae001,rodrf003,regular,5,4,ANA,SEA,y,both,y,y,y,2008
SEA200806040,ANA,SEA,SEA03,20080604,0,1:40PM,day,,,true,,153,32774,unknown,unknown,unknown,56,unknown,0,peted701,,,wolfj901,monte901,laynj901,cuzzp901,,,weavj003,silvc001,rodrf003,regular,5,4,ANA,SEA,y,both,y,y,y,2008
OAK200806060,ANA,OAK,OAK01,20080606,0,7:08PM,night,,,true,,133,25120,unknown,unknown,cloudy,62,torf,18,dybdc701,,,culbf901,reynj901,timmt901,cedeg901,,,lackj001,blanj001,rodrf003,regular,3,1,ANA,OAK,y,both,y,y,y,2008
OAK200806070,ANA,OAK,OAK01,20080607,0,6:07PM,night,,,true,,157,29294,unknown,unknown,sunny,67,torf,12,bushd701,,,reynj901,timmt901,cedeg901,culbf901,,,garlj001,smitg002,rodrf003,regular,5,3,ANA,OAK,y,both,y,y,y,2008
OAK200806080,ANA,OAK,OAK01,20080608,0,1:07PM,day,,,true,,233,26332,unknown,unknown,sunny,73,torf,11,feldd701,,,timmt901,cedeg901,culbf901,reynj901,,,ziegb001,bootc001,,regular,3,7,OAK,ANA,y,both,y,y,y,2008
ANA200806090,TBA,ANA,ANA01,20080609,0,7:09PM,night,,,true,,171,42019,unknown,unknown,sunny,71,torf,10,franm701,,,coope901,fostm901,cousd901,herna901,,,jacke001,saunj001,,regular,13,4,TBA,ANA,y,both,y,y,y,2008
ANA200806100,TBA,ANA,ANA01,20080610,0,7:07PM,night,,,true,,121,37610,unknown,unknown,sunny,68,torf,8,munse701,,,fostm901,cousd901,herna901,coope901,,,weavj003,shiej002,,regular,1,6,ANA,TBA,y,both,y,y,y,2008
ANA200806110,TBA,ANA,ANA01,20080611,0,12:38PM,day,,,true,,150,36622,unknown,unknown,sunny,74,unknown,2,munse701,,,cousd901,herna901,coope901,fostm901,,,lackj001,kazms001,rodrf003,regular,2,4,ANA,TBA,y,both,y,y,y,2008
ANA200806130,ATL,ANA,ANA01,20080613,0,7:07PM,night,,,true,,137,43919,unknown,unknown,sunny,70,torf,9,franm701,,,drecb901,holbs901,gormb901,davig901,,,reyej003,garlj001,bennj002,regular,5,2,ATL,ANA,y,both,y,y,y,2008
ANA200806140,ATL,ANA,ANA01,20080614,0,6:07PM,night,,,true,,180,43894,unknown,unknown,sunny,75,tocf,8,munse701,,,holbs901,gormb901,davig901,drecb901,,,mortc002,sante001,,regular,9,4,ATL,ANA,y,both,y,y,y,2008
ANA200806150,ATL,ANA,ANA01,20080615,0,5:09PM,night,,,true,,134,43723,unknown,unknown,sunny,79,tocf,8,munse701,,,gormb901,davig901,drecb901,holbs901,,,saunj001,campj002,rodrf003,regular,0,2,ANA,ATL,y,both,y,y,y,2008
ANA200806160,NYN,ANA,ANA01,20080616,0,7:08PM,night,,,true,,190,39229,unknown,unknown,sunny,77,tocf,7,munse701,,,demud901,barkl901,eddid901,barrt901,,,pelfm001,weavj003,wagnb001,regular,9,6,NYN,ANA,y,both,y,y,y,2008
ANA200806170,NYN,ANA,ANA01,20080617,0,7:07PM,night,,,true,,155,40122,unknown,unknown,sunny,79,torf,7,munse701,,,barkl901,eddid901,barrt901,demud901,,,lackj001,santj003,shies002,regular,1,6,ANA,NYN,y,both,y,y,y,2008
ANA200806180,NYN,ANA,ANA01,20080618,0,7:07PM,night,,,true,,193,43138,unknown,unknown,sunny,80,tocf,10,munse701,,,eddid901,barrt901,demud901,barkl901,,,sancd001,speij001,wagnb001,regular,5,4,NYN,ANA,y,both,y,y,y,2008
PHI200806200,ANA,PHI,PHI13,20080620,0,7:08PM,night,,,false,,166,45033,unknown,unknown,cloudy,81,ltor,10,dunnj701,,,bellw901,schrp901,danlk901,diazl901,,,sante001,eatoa001,,regular,7,1,ANA,PHI,y,both,y,y,y,2008
PHI200806210,ANA,PHI,PHI13,20080621,0,7:06PM,night,,,false,,154,45196,unknown,unknown,cloudy,85,ltor,7,macom701,,,schrp901,danlk901,diazl901,bellw901,,,saunj001,myerb001,rodrf003,regular,6,2,ANA,PHI,y,both,y,y,y,2008
PHI200806220,ANA,PHI,PHI13,20080622,0,1:38PM,day,,,false,,168,44571,unknown,unknown,unknown,80,unknown,8,dunnj701,,,danlk901,diazl901,bellw901,schrp901,,,weavj003,hamec001,rodrf003,regular,3,2,ANA,PHI,y,both,y,y,y,2008
WAS200806230,ANA,WAS,WAS11,20080623,0,8:20PM,night,,,false,,132,24805,unknown,unknown,overcast,74,rtol,3,vincd701,,,kellj901,drakr901,fairc901,wegnm901,,,lackj001,rives001,rodrf003,regular,3,2,ANA,WAS,y,both,y,y,y,2008
WAS200806240,ANA,WAS,WAS11,20080624,0,7:10PM,night,,,false,,156,28531,unknown,unknown,sunny,83,torf,15,tritb701,,,drakr901,fairc901,wegnm901,kellj901,,,garlj001,hills003,,regular,8,3,ANA,WAS,y,both,y,y,y,2008
WAS200806250,ANA,WAS,WAS11,20080625,0,7:10PM,night,,,false,,161,29180,unknown,unknown,cloudy,85,torf,10,tritb701,,,fairc901,wegnm901,kellj901,drakr901,,,raucj001,shies002,,regular,4,5,WAS,ANA,y,both,y,y,y,2008
LAN200806270,ANA,LAN,LOS03,20080627,0,7:41PM,night,,,false,,162,50419,unknown,unknown,sunny,69,torf,7,munse701,,,joycj901,nelsj901,johna901,tscht901,,,parkc002,saunj001,,regular,0,6,LAN,ANA,y,both,y,y,y,2008
LAN200806280,ANA,LAN,LOS03,20080628,0,7:10PM,night,,,false,,154,55784,unknown,unknown,sunny,72,unknown,8,hartd701,,,nelsj901,johna901,tscht901,joycj901,,,billc001,weavj003,saitt001,regular,0,1,LAN,ANA,y,both,y,y,y,2008
LAN200806290,ANA,LAN,LOS03,20080629,0,1:09PM,day,,,false,,153,48155,unknown,unknown,sunny,80,tocf,9,hartd701,,,johna901,tscht901,joycj901,nelsj901,,,lackj001,lowed001,rodrf003,regular,1,0,ANA,LAN,y,both,y,y,y,2008
ANA200806300,OAK,ANA,ANA01,20080630,0,7:07PM,night,,,true,,157,42046,unknown,unknown,sunny,79,torf,6,munse701,,,knigb901,wendh902,hudsm901,wintm901,,,smitg002,garlj001,,regular,6,1,OAK,ANA,y,both,y,y,y,2008
ANA200807010,OAK,ANA,ANA01,20080701,0,7:05PM,night,,,true,,151,42047,unknown,unknown,sunny,82,tocf,5,munse701,,,wendh902,hudsm901,wintm901,knigb901,,,shies002,embra001,rodrf003,regular,3,5,ANA,OAK,y,both,y,y,y,2008
ANA200807020,OAK,ANA,ANA01,20080702,0,12:37PM,day,,,true,,177,41091,unknown,unknown,sunny,81,tocf,8,munse701,,,hudsm901,wintm901,knigb901,wendh902,,,saunj001,foulk001,rodrf003,regular,4,7,ANA,OAK,y,both,y,y,y,2008
ANA200807040,TOR,ANA,ANA01,20080704,0,6:08PM,night,,,true,,150,44021,unknown,unknown,cloudy,86,tocf,7,munse701,,,darlg901,millb901,campa902,ticht901,,,weavj003,burna001,,regular,2,8,ANA,TOR,y,both,y,y,y,2008
ANA200807050,TOR,ANA,ANA01,20080705,0,6:11PM,night,,,true,,159,43767,unknown,unknown,sunny,78,tocf,8,seebt701,,,millb901,campa902,emmep901,darlg901,,,hallr001,lackj001,,regular,7,5,TOR,ANA,y,both,y,y,y,2008
ANA200807060,TOR,ANA,ANA01,20080706,0,12:37PM,day,,,true,,148,41026,unknown,unknown,sunny,81,torf,7,munse701,,,campa902,emmep901,darlg901,millb901,,,garlj001,litsj001,,regular,1,7,ANA,TOR,y,both,y,y,y,2008
TEX200807070,ANA,TEX,ARL02,20080707,0,7:06PM,night,,,true,,168,21170,unknown,unknown,cloudy,95,fromlf,16,mocej701,,,fleta901,reilm901,davib902,marqa901,,,sante001,mendl001,rodrf003,regular,9,6,ANA,TEX,y,both,y,y,y,2008
TEX200807080,ANA,TEX,ARL02,20080708,0,8:01PM,night,,,true,,135,18788,unknown,unknown,unknown,76,fromlf,17,wells701,,,reilm901,davib902,marqa901,fleta901,,,harrm001,saunj001,wilsc004,regular,2,3,TEX,ANA,y,both,y,y,y,2008
TEX200807090,ANA,TEX,ARL02,20080709,0,7:06PM,night,,,true,,178,24515,unknown,unknown,cloudy,96,rtol,8,schid701,,,davib902,marqa901,fleta901,reilm901,,,wrigj001,rodrf003,,regular,4,5,TEX,ANA,y,both,y,y,y,2008
TEX200807100,ANA,TEX,ARL02,20080710,0,7:07PM,night,,,true,,263,23262,unknown,unknown,sunny,94,fromlf,14,mocej701,,,marqa901,fleta901,reilm901,davib902,,,speij001,wrigj001,rodrf003,regular,11,10,ANA,TEX,y,both,y,y,y,2008
OAK200807110,ANA,OAK,OAK01,20080711,0,7:08PM,night,,,true,,157,31372,unknown,unknown,sunny,66,ltor,16,feldd701,,,guccc901,hicke901,buckc901,westj901,,,galls001,garlj001,,regular,2,9,OAK,ANA,y,both,y,y,y,2008
OAK200807120,ANA,OAK,OAK01,20080712,0,6:07PM,night,,,true,,159,27161,unknown,unknown,sunny,69,ltor,14,ducam701,,,hicke901,buckc901,westj901,guccc901,,,sante001,eveld001,rodrf003,regular,4,1,ANA,OAK,y,both,y,y,y,2008
OAK200807130,ANA,OAK,OAK01,20080713,0,1:08PM,day,,,true,,157,29352,unknown,unknown,sunny,70,ltor,14,feldd701,,,buckc901,westj901,guccc901,hicke901,,,arrej001,streh001,rodrf003,regular,4,3,ANA,OAK,y,both,y,y,y,2008
ANA200807180,BOS,ANA,ANA01,20080718,0,7:07PM,night,,,true,,155,44260,unknown,unknown,cloudy,75,tocf,7,munse701,,,nauep901,onorb901,hallt901,crawj901,,,lackj001,buchc001,,regular,3,11,ANA,BOS,y,both,y,y,y,2008
ANA200807190,BOS,ANA,ANA01,20080719,0,12:56PM,day,,,true,,169,44005,unknown,unknown,sunny,75,torf,8,munse701,,,onorb901,hallt901,crawj901,nauep901,,,arrej001,beckj002,rodrf003,regular,2,4,ANA,BOS,y,both,y,y,y,2008
ANA200807200,BOS,ANA,ANA01,20080720,0,3:09PM,day,,,true,,163,44164,unknown,unknown,sunny,77,tocf,10,munse701,,,hallt901,onorb901,nauep901,crawj901,,,olivd001,waket001,rodrf003,regular,3,5,ANA,BOS,y,both,y,y,y,2008
ANA200807210,CLE,ANA,ANA01,20080721,0,7:07PM,night,,,true,,159,43037,unknown,unknown,sunny,75,tocf,7,franm701,,,monte901,wolfj901,cuzzp901,laynj901,,,byrdp001,sante001,kobam001,regular,5,2,CLE,ANA,y,both,y,y,y,2008
ANA200807220,CLE,ANA,ANA01,20080722,0,7:08PM,night,,,true,,185,43505,unknown,unknown,cloudy,73,torf,8,munse701,,,wolfj901,cuzzp901,laynj901,monte901,,,olivd001,gintm001,rodrf003,regular,2,3,ANA,CLE,y,both,y,y,y,2008
ANA200807230,CLE,ANA,ANA01,20080723,0,12:37PM,day,,,true,,193,42187,unknown,unknown,sunny,79,tolf,7,seebt701,,,cuzzp901,laynj901,monte901,wolfj901,,,lackj001,laffa001,rodrf003,regular,11,14,ANA,CLE,y,both,y,y,y,2008
BAL200807250,ANA,BAL,BAL12,20080725,0,7:06PM,night,,,true,,163,27999,unknown,unknown,cloudy,88,tocf,9,jacom701,,,everm901,mcclt901,vanol901,dimum901,,,saunj001,burrb001,rodrf003,regular,6,5,ANA,BAL,y,both,y,y,y,2008
BAL200807260,ANA,BAL,BAL12,20080726,0,7:07PM,night,,,true,,179,21819,unknown,unknown,unknown,84,tolf,6,jacom701,,,mcclt901,vanol901,dimum901,everm901,,,garlj001,liz-r001,,regular,11,6,ANA,BAL,y,both,y,y,y,2008
BAL200807270,ANA,BAL,BAL12,20080727,0,1:36PM,day,,,true,,158,23365,wet,rain,unknown,84,tolf,5,jacom701,,,vanol901,dimum901,everm901,mcclt901,,,olsog003,sante001,sherg001,regular,2,5,BAL,ANA,y,both,y,y,y,2008
BOS200807280,ANA,BOS,BOS07,20080728,0,7:10PM,night,,,true,,192,37830,unknown,unknown,cloudy,80,tocf,8,ellib701,,,reilm901,davib902,drakr901,marqa901,,,weavj003,matsd001,rodrf003,regular,7,5,ANA,BOS,y,both,y,y,y,2008
BOS200807290,ANA,BOS,BOS07,20080729,0,7:06PM,night,,,true,,148,38110,unknown,unknown,cloudy,82,fromlf,11,shalm701,,,davib902,drakr901,marqa901,reilm901,,,lackj001,buchc001,,regular,6,2,ANA,BOS,y,both,y,y,y,2008
BOS200807300,ANA,BOS,BOS07,20080730,0,7:05PM,night,,,true,,183,38042,unknown,unknown,cloudy,72,tocf,8,scogc701,,,drakr901,marqa901,reilm901,davib902,,,saunj001,beckj002,,regular,9,2,ANA,BOS,y,both,y,y,y,2008
NYA200807310,ANA,NYA,NYC16,20080731,0,7:08PM,night,,,true,,196,53405,unknown,unknown,cloudy,86,rtol,11,shanb701,,,hicke901,buckc901,westj901,rapue901,,,garlj001,petta001,,regular,12,6,ANA,NYA,y,both,y,y,y,2008
NYA200808010,ANA,NYA,NYC16,20080801,0,7:08PM,night,,,true,,152,53997,unknown,unknown,cloudy,81,ltor,9,shanb701,,,buckc901,westj901,rapue901,hicke901,,,sante001,rivem002,rodrf003,regular,1,0,ANA,NYA,y,both,y,y,y,2008
NYA200808020,ANA,NYA,NYC16,20080802,0,3:57PM,day,,,true,,162,54170,unknown,unknown,unknown,76,rtol,6,sprej701,,,westj901,rapue901,barrs901,buckc901,,,mussm001,weavj003,,regular,2,8,NYA,ANA,y,both,y,y,y,2008
NYA200808030,ANA,NYA,NYC16,20080803,0,1:08PM,day,,,true,,203,54204,unknown,unknown,cloudy,77,ltor,10,karph701,,,rapue901,barrs901,buckc901,westj901,,,ramie003,shies002,,regular,9,14,NYA,ANA,y,both,y,y,y,2008
ANA200808040,BAL,ANA,ANA01,20080804,0,7:08PM,night,,,true,,186,41902,unknown,unknown,cloudy,76,tocf,8,munse701,,,culbf901,reynj901,rungb901,cedeg901,,,rodrf003,sherg001,,regular,5,6,ANA,BAL,y,both,y,y,y,2008
ANA200808050,BAL,ANA,ANA01,20080805,0,7:08PM,night,,,true,,137,44027,unknown,unknown,sunny,76,torf,7,seebt701,,,reynj901,rungb901,cedeg901,culbf901,,,watec001,garlj001,sherg001,regular,3,0,BAL,ANA,y,both,y,y,y,2008
ANA200808060,BAL,ANA,ANA01,20080806,0,12:36PM,day,,,true,,140,40130,unknown,unknown,sunny,83,tocf,5,munse701,,,rungb901,cedeg901,culbf901,reynj901,,,sante001,olsog003,,regular,4,9,ANA,BAL,y,both,y,y,y,2008
ANA200808080,NYA,ANA,ANA01,20080808,0,7:07PM,night,,,true,,165,44158,unknown,unknown,sunny,78,torf,10,munse701,,,meric901,welkb901,guccc901,welkt901,,,weavj003,kenni001,,regular,5,10,ANA,NYA,y,both,y,y,y,2008
ANA200808090,NYA,ANA,ANA01,20080809,0,12:56PM,day,,,true,,167,43919,unknown,unknown,sunny,82,tolf,7,munse701,,,welkb901,guccc901,welkt901,meric901,,,shies002,ramie003,,regular,4,11,ANA,NYA,y,both,y,y,y,2008
ANA200808100,NYA,ANA,ANA01,20080810,0,12:38PM,day,,,true,,178,44138,unknown,unknown,sunny,83,tolf,7,munse701,,,guccc901,welkt901,meric901,welkb901,,,rodrf003,martd004,,regular,3,4,ANA,NYA,y,both,y,y,y,2008
ANA200808120,SEA,ANA,ANA01,20080812,0,7:07PM,night,,,true,,150,42086,unknown,unknown,cloudy,75,torf,7,franm701,,,ticht901,davig901,gormb901,drecb901,,,garlj001,washj001,rodrf003,regular,3,7,ANA,SEA,y,both,y,y,y,2008
ANA200808130,SEA,ANA,ANA01,20080813,0,7:06PM,night,,,true,,207,42754,unknown,unknown,cloudy,79,tocf,7,munse701,,,davig901,gormb901,drecb901,ticht901,,,corcr001,speij001,,regular,10,7,SEA,ANA,y,both,y,y,y,2008
CLE200808150,ANA,CLE,CLE08,20080815,0,7:07PM,night,,,true,,164,30962,unknown,unknown,unknown,74,fromcf,8,brosc701,,,davib902,drakr901,reilm901,fleta901,,,lee-c003,arrej001,,regular,2,3,CLE,ANA,y,both,y,y,y,2008
CLE200808160,ANA,CLE,CLE08,20080816,0,3:56PM,day,,,true,,178,33051,unknown,unknown,sunny,77,ltor,4,maveb701,,,drakr901,reilm901,fleta901,davib902,,,lackj001,carmf001,rodrf003,regular,4,3,ANA,CLE,y,both,y,y,y,2008
CLE200808170,ANA,CLE,CLE08,20080817,0,1:05PM,day,,,true,,175,28356,unknown,unknown,cloudy,81,ltor,8,maveb701,,,reilm901,fleta901,davib902,drakr901,,,sowej001,speij001,lewij003,regular,3,4,CLE,ANA,y,both,y,y,y,2008
TBA200808180,ANA,TBA,STP01,20080818,0,7:10PM,night,,,true,,185,15896,unknown,unknown,dome,72,unknown,0,mathb701,,,emmep901,millb901,mealj901,darlg901,,,sonna001,garlj001,wheed001,regular,4,6,TBA,ANA,y,both,y,y,y,2008
TBA200808190,ANA,TBA,STP01,20080819,0,7:10PM,night,,,true,,140,15902,unknown,unknown,dome,72,unknown,0,mathb701,,,millb901,mealj901,darlg901,emmep901,,,shiej002,shies002,wheed001,regular,2,4,TBA,ANA,y,both,y,y,y,2008
TBA200808200,ANA,TBA,STP01,20080820,0,7:08PM,night,,,true,,194,19157,unknown,unknown,dome,72,unknown,0,mathb701,,,mealj901,darlg901,emmep901,millb901,,,arrej001,balfg001,rodrf003,regular,5,4,ANA,TBA,y,both,y,y,y,2008
ANA200808210,MIN,ANA,ANA01,20080821,0,7:07PM,night,,,true,,196,41367,unknown,unknown,sunny,74,torf,7,munse701,,,wendh902,hudsm901,marsr901,gormb901,,,craij001,speij001,nathj001,regular,2,1,MIN,ANA,y,both,y,y,y,2008
ANA200808220,MIN,ANA,ANA01,20080822,0,7:08PM,night,,,true,,152,43819,unknown,unknown,sunny,75,tolf,10,munse701,,,hudsm901,marsr901,gormb901,wendh902,,,perkg001,saunj001,,regular,9,0,MIN,ANA,y,both,y,y,y,2008
ANA200808230,MIN,ANA,ANA01,20080823,0,6:08PM,night,,,true,,172,43906,unknown,unknown,sunny,79,tocf,7,seebt701,,,marsr901,gormb901,wendh902,hudsm901,,,olivd001,blacn001,rodrf003,regular,5,7,ANA,MIN,y,both,y,y,y,2008
ANA200808240,MIN,ANA,ANA01,20080824,0,12:37PM,day,,,true,,154,40011,unknown,unknown,sunny,85,tocf,7,munse701,,,gormb901,wendh902,hudsm901,marsr901,,,arrej001,craij001,rodrf003,regular,3,5,ANA,MIN,y,both,y,y,y,2008
ANA200808250,OAK,ANA,ANA01,20080825,0,7:07PM,night,,,true,,140,39584,unknown,unknown,sunny,75,tocf,6,munse701,,,bellw901,diazl901,schrp901,danlk901,,,bradd002,weavj003,ziegb001,regular,2,1,OAK,ANA,y,both,y,y,y,2008
ANA200808260,OAK,ANA,ANA01,20080826,0,7:07PM,night,,,true,,133,37431,unknown,unknown,sunny,74,torf,8,munse701,,,diazl901,schrp901,danlk901,bellw901,,,lackj001,smitg002,,regular,1,5,ANA,OAK,y,both,y,y,y,2008
ANA200808270,OAK,ANA,ANA01,20080827,0,7:06PM,night,,,true,,213,38587,unknown,unknown,sunny,76,tocf,7,munse701,,,schrp901,danlk901,bellw901,diazl901,,,streh001,saunj001,ziegb001,regular,6,5,OAK,ANA,y,both,y,y,y,2008
ANA200808280,TEX,ANA,ANA01,20080828,0,7:08PM,night,,,true,,151,37541,unknown,unknown,cloudy,75,unknown,7,munse701,,,marqa901,iassd901,scotd901,hohnb901,,,garlj001,wrigj001,rodrf003,regular,5,7,ANA,TEX,y,both,y,y,y,2008
ANA200808290,TEX,ANA,ANA01,20080829,0,7:06PM,night,,,true,,148,40084,unknown,unknown,cloudy,76,torf,14,munse701,,,iassd901,scotd901,hohnb901,marqa901,,,sante001,nippd001,rodrf003,regular,1,3,ANA,TEX,y,both,y,y,y,2008
ANA200808300,TEX,ANA,ANA01,20080830,0,6:08PM,night,,,true,,175,43937,unknown,unknown,sunny,80,tocf,8,seebt701,,,scotd901,hohnb901,marqa901,iassd901,,,arrej001,felds001,rodrf003,regular,3,4,ANA,TEX,y,both,y,y,y,2008
ANA200808310,TEX,ANA,ANA01,20080831,0,12:37PM,day,,,true,,189,39153,unknown,unknown,sunny,81,tocf,8,munse701,,,hohnb901,marqa901,iassd901,scotd901,,,millk004,lackj001,franf001,regular,4,3,TEX,ANA,y,both,y,y,y,2008
DET200809020,ANA,DET,DET05,20080902,0,7:06PM,night,,,true,,194,35320,unknown,unknown,sunny,83,rtol,8,klonc701,,,welkb901,guccc901,welkt901,meric901,,,shies002,rodnf001,rodrf003,regular,5,4,ANA,DET,y,both,y,y,y,2008
DET200809030,ANA,DET,DET05,20080903,0,8:19PM,night,,,true,,175,36671,wet,drizzle,unknown,75,ltor,8,klonc701,,,guccc901,welkt901,meric901,welkb901,,,farnk001,arrej001,rodnf001,regular,6,9,DET,ANA,y,both,y,y,y,2008
DET200809040,ANA,DET,DET05,20080904,0,1:05PM,day,,,true,,153,37890,unknown,unknown,overcast,77,ltor,7,klonc701,,,welkt901,meric901,welkb901,guccc901,,,sante001,rogek001,,regular,7,1,ANA,DET,y,both,y,y,y,2008
CHA200809050,ANA,CHA,CHI12,20080905,0,7:11PM,night,,,true,,168,32502,unknown,unknown,sunny,67,torf,4,roseb701,,,davig901,drecb901,coope901,gormb901,,,buehm001,mosed001,,regular,2,10,CHA,ANA,y,both,y,y,y,2008
CHA200809060,ANA,CHA,CHI12,20080906,0,6:07PM,night,,,true,,234,31046,unknown,unknown,unknown,71,rtol,11,reeds701,,,drecb901,coope901,gormb901,davig901,,,wasse001,speij001,,regular,6,7,CHA,ANA,y,both,y,y,y,2008
CHA200809070,ANA,CHA,CHI12,20080907,0,1:08PM,day,,,true,,164,26029,unknown,unknown,cloudy,71,rtol,10,roseb701,,,coope901,gormb901,davig901,drecb901,,,saunj001,ramih002,rodrf003,regular,3,2,ANA,CHA,y,both,y,y,y,2008
ANA200809080,NYA,ANA,ANA01,20080908,0,7:07PM,night,,,true,,177,41025,unknown,unknown,cloudy,70,torf,5,munse701,,,barrt901,rapue901,hicke901,buckc901,,,garlj001,pavac001,,regular,1,12,ANA,NYA,y,both,y,y,y,2008
ANA200809090,NYA,ANA,ANA01,20080909,0,7:06PM,night,,,true,,156,43042,unknown,unknown,cloudy,71,tocf,6,munse701,,,rapue901,hicke901,buckc901,barrt901,,,aceva001,sante001,,regular,7,1,NYA,ANA,y,both,y,y,y,2008
ANA200809100,NYA,ANA,ANA01,20080910,0,12:36PM,day,,,true,,184,39783,unknown,unknown,sunny,77,torf,4,munse701,,,hicke901,buckc901,barrt901,rapue901,,,mosed001,petta001,rodrf003,regular,2,4,ANA,NYA,y,both,y,y,y,2008
ANA200809110,SEA,ANA,ANA01,20080911,0,7:08PM,night,,,true,,181,38205,unknown,unknown,cloudy,71,tocf,7,munse701,,,coope901,herna901,fostm901,cousd901,,,weavj003,morrb001,rodrf003,regular,4,7,ANA,SEA,y,both,y,y,y,2008
ANA200809120,SEA,ANA,ANA01,20080912,0,7:08PM,night,,,true,,149,43743,unknown,unknown,unknown,69,torf,6,franm701,,,herna901,fostm901,cousd901,coope901,,,arrej001,batim001,,regular,3,5,ANA,SEA,y,both,y,y,y,2008
ANA200809130,SEA,ANA,ANA01,20080913,0,6:08PM,night,,,true,,168,43757,unknown,unknown,sunny,72,torf,8,seebt701,,,fostm901,cousd901,coope901,herna901,,,garlj001,feier001,rodrf003,regular,2,5,ANA,SEA,y,both,y,y,y,2008
ANA200809140,SEA,ANA,ANA01,20080914,0,12:36PM,day,,,true,,142,41528,unknown,unknown,sunny,79,torf,8,munse701,,,cousd901,coope901,herna901,fostm901,,,arrej001,corcr001,,regular,3,4,ANA,SEA,y,both,y,y,y,2008
OAK200809160,ANA,OAK,OAK01,20080916,0,7:06PM,night,,,true,,143,14325,unknown,unknown,sunny,59,torf,15,ducam701,,,reilm901,fleta901,davib902,marqa901,,,galls001,lackj001,,regular,1,8,OAK,ANA,y,both,y,y,y,2008
OAK200809170,ANA,OAK,OAK01,20080917,0,7:06PM,night,,,true,,148,20102,unknown,unknown,sunny,63,fromlf,11,ducam701,,,fleta901,davib902,marqa901,reilm901,,,ziegb001,rodrf003,,regular,2,3,OAK,ANA,y,both,y,y,y,2008
OAK200809180,ANA,OAK,OAK01,20080918,0,12:36PM,day,,,true,,176,12645,unknown,unknown,sunny,63,unknown,6,ducam701,,,davib902,marqa901,reilm901,fleta901,,,saunj001,outmj001,rodrf003,regular,6,4,ANA,OAK,y,both,y,y,y,2008
TEX200809190,ANA,TEX,ARL02,20080919,0,7:06PM,night,,,true,,223,23708,unknown,unknown,cloudy,81,fromcf,7,schid701,,,crawj901,hallt901,onorb901,nauep901,,,olivd001,wrigj001,shies002,regular,15,13,ANA,TEX,y,both,y,y,y,2008
TEX200809200,ANA,TEX,ARL02,20080920,0,7:06PM,night,,,true,,195,38973,unknown,unknown,cloudy,81,fromcf,9,mocej701,,,hallt901,onorb901,nauep901,crawj901,,,speij001,padiv001,rodrf003,regular,7,3,ANA,TEX,y,both,y,y,y,2008
TEX200809210,ANA,TEX,ARL02,20080921,0,2:07PM,day,,,true,,154,28390,unknown,unknown,cloudy,85,fromlf,9,schid701,,,onorb901,nauep901,crawj901,hallt901,,,lackj001,felds001,,regular,7,3,ANA,TEX,y,both,y,y,y,2008
SEA200809220,ANA,SEA,SEA03,20080922,0,7:09PM,night,,,true,,140,19717,unknown,unknown,cloudy,57,fromlf,6,padud701,,,welkb901,meric901,muchm901,welkt901,,,sante001,rowlr002,rodrf003,regular,2,1,ANA,SEA,y,both,y,y,y,2008
SEA200809230,ANA,SEA,SEA03,20080923,0,7:09PM,night,,,true,,171,19065,unknown,unknown,sunny,58,tolf,3,radoe701,,,meric901,muchm901,welkt901,welkb901,,,corcr001,jepsk001,putzj001,regular,6,9,SEA,ANA,y,both,y,y,y,2008
SEA200809240,ANA,SEA,SEA03,20080924,0,7:08PM,night,,,true,,182,19015,dry,none,dome,57,tolf,1,peted701,,,muchm901,welkt901,welkb901,meric901,,,olivd001,lowem002,rodrf003,regular,6,5,ANA,SEA,y,both,y,y,y,2008
SEA200809250,ANA,SEA,SEA03,20080925,0,7:10PM,night,,,true,,178,16939,dry,none,dome,58,unknown,0,radoe701,,,welkt901,welkb901,meric901,muchm901,,,arrej001,putzj001,shies002,regular,6,4,ANA,SEA,y,both,y,y,y,2008
ANA200809260,TEX,ANA,ANA01,20080926,0,7:07PM,night,,,true,,166,43758,unknown,unknown,sunny,76,torf,6,franm701,,,tscht901,joycj901,guccc901,nelsj901,,,padiv001,lackj001,,regular,12,1,TEX,ANA,y,both,y,y,y,2008
ANA200809270,TEX,ANA,ANA01,20080927,0,6:07PM,night,,,true,,163,43141,unknown,unknown,sunny,77,tocf,5,munse701,,,joycj901,guccc901,nelsj901,tscht901,,,felds001,sante001,,regular,8,4,TEX,ANA,y,both,y,y,y,2008
ANA200809280,TEX,ANA,ANA01,20080928,0,12:37PM,day,,,true,,150,43761,unknown,unknown,sunny,82,torf,6,munse701,,,guccc901,nelsj901,tscht901,joycj901,,,saunj001,millk004,,regular,0,7,ANA,TEX,y,both,y,y,y,2008
ANA200810010,BOS,ANA,ANA01,20081001,0,7:07PM,night,,,true,,194,44996,unknown,unknown,cloudy,81,torf,5,munse701,,,welkt901,millb901,danlk901,rapue901,tscht901,fostm901,lestj001,lackj001,papej001,divisionseries,4,1,BOS,ANA,y,both,y,y,y,2008
ANA200810030,BOS,ANA,ANA01,20081003,0,6:37PM,night,,,true,,231,45354,unknown,unknown,overcast,67,tocf,7,munse701,,,millb901,danlk901,rapue901,tscht901,fostm901,welkt901,papej001,rodrf003,,divisionseries,7,5,BOS,ANA,y,both,y,y,y,2008
BOS200810050,ANA,BOS,BOS07,20081005,0,7:29PM,night,,,true,,319,39067,unknown,unknown,unknown,53,tolf,4,munse701,,,danlk901,rapue901,tscht901,fostm901,welkt901,millb901,weavj003,lopej002,,divisionseries,5,4,ANA,BOS,y,both,y,y,y,2008
BOS200810060,ANA,BOS,BOS07,20081006,0,8:39PM,night,,,true,,170,38785,unknown,unknown,unknown,50,ltor,10,munse701,,,rapue901,tscht901,fostm901,welkt901,millb901,danlk901,delcm001,shies002,,divisionseries,2,3,BOS,ANA,y,both,y,y,y,2008
ANA200904060,OAK,ANA,ANA01,20090406,0,6:08PM,night,,,true,,149,43220,unknown,unknown,sunny,75,tocf,8,munse701,,,relic901,vanol901,holbs901,iassd901,,,saunj001,bradd002,fuenb001,regular,0,3,ANA,OAK,y,both,y,y,y,2009
ANA200904070,OAK,ANA,ANA01,20090407,0,7:07PM,night,,,true,,197,43396,unknown,unknown,unknown,62,tocf,10,munse701,,,vanol901,holbs901,iassd901,relic901,,,wuerm001,jepsk001,ziegb001,regular,6,4,OAK,ANA,y,both,y,y,y,2009
ANA200904080,OAK,ANA,ANA01,20090408,0,7:07PM,night,,,true,,193,43283,unknown,unknown,cloudy,60,tocf,12,seebt701,,,holbs901,iassd901,relic901,vanol901,,,baila001,fuenb001,ziegb001,regular,6,4,OAK,ANA,y,both,y,y,y,2009
ANA200904100,BOS,ANA,ANA01,20090410,0,7:09PM,night,,,true,,155,41385,unknown,unknown,unknown,58,tocf,4,munse701,,,westj901,rapue901,schrp901,hudsm901,,,weavj003,waket001,shies002,regular,3,6,ANA,BOS,y,both,y,y,y,2009
ANA200904110,BOS,ANA,ANA01,20090411,0,1:11PM,day,,,true,,174,40163,unknown,unknown,unknown,63,tocf,8,munse701,,,rapue901,schrp901,hudsm901,westj901,,,pennb002,saunj001,papej001,regular,5,4,BOS,ANA,y,both,y,y,y,2009
ANA200904120,BOS,ANA,ANA01,20090412,0,12:39PM,day,,,true,,196,38076,unknown,unknown,sunny,66,torf,3,munse701,,,schrp901,hudsm901,westj901,rapue901,,,mosed001,beckj002,fuenb001,regular,4,5,ANA,BOS,y,both,y,y,y,2009
SEA200904140,ANA,SEA,SEA03,20090414,0,3:42PM,day,,,true,,173,45958,unknown,unknown,cloudy,48,fromcf,11,radoe701,,,hirsj901,bellw901,fostm901,hudsm901,,,corcr001,shies002,,regular,2,3,SEA,ANA,y,both,y,y,y,2009
SEA200904150,ANA,SEA,SEA03,20090415,0,7:10PM,night,,,true,,175,18516,unknown,unknown,cloudy,53,ltor,3,radoe701,,,bellw901,fostm901,hudsm901,hirsj901,,,washj001,weavj003,,regular,3,11,SEA,ANA,y,both,y,y,y,2009
SEA200904160,ANA,SEA,SEA03,20090416,0,7:10PM,night,,,true,,160,18528,unknown,unknown,unknown,58,tocf,2,radoe701,,,fostm901,hudsm901,hirsj901,bellw901,,,saunj001,jakuc001,,regular,5,1,ANA,SEA,y,both,y,y,y,2009
MIN200904170,ANA,MIN,MIN03,20090417,0,7:11PM,night,,,true,,195,24168,unknown,unknown,unknown,69,unknown,0,wongg701,,,knigb901,wintm901,hoyej901,marsr901,,,guerm001,bulgj001,nathj001,regular,9,11,MIN,ANA,y,both,y,y,y,2009
MIN200904180,ANA,MIN,MIN03,20090418,0,6:10PM,night,,,true,,177,34286,unknown,unknown,unknown,70,unknown,0,hennk701,,,wintm901,hoyej901,marsr901,knigb901,,,slowk001,jepsk001,,regular,2,9,MIN,ANA,y,both,y,y,y,2009
MIN200904190,ANA,MIN,MIN03,20090419,0,1:11PM,day,,,true,,136,28302,unknown,unknown,unknown,69,unknown,0,thors701,,,hoyej901,marsr901,knigb901,wintm901,,,perkg001,louxs001,nathj001,regular,1,3,MIN,ANA,y,both,y,y,y,2009
ANA200904210,DET,ANA,ANA01,20090421,0,7:08PM,night,,,true,,167,41627,unknown,unknown,sunny,82,tocf,7,munse701,,,timmt901,wegnm901,drakr901,kellj901,,,arrej001,lyonb003,fuenb001,regular,3,4,ANA,DET,y,both,y,y,y,2009
ANA200904220,DET,ANA,ANA01,20090422,0,7:07PM,night,,,true,,206,43047,unknown,unknown,cloudy,61,tocf,7,seebt701,,,wegnm901,drakr901,kellj901,timmt901,,,rincj001,shies002,,regular,12,10,DET,ANA,y,both,y,y,y,2009
ANA200904230,DET,ANA,ANA01,20090423,0,7:07PM,night,,,true,,180,38543,unknown,unknown,cloudy,64,unknown,8,franm701,,,drakr901,kellj901,timmt901,wegnm901,,,palmm001,jacke001,,regular,5,10,ANA,DET,y,both,y,y,y,2009
ANA200904240,SEA,ANA,ANA01,20090424,0,7:07PM,night,,,true,,179,43083,unknown,unknown,cloudy,62,tocf,7,franm701,,,fleta901,mcclt901,barrt901,gibsg901,,,bedae001,louxs001,,regular,8,3,SEA,ANA,y,both,y,y,y,2009
ANA200904250,SEA,ANA,ANA01,20090425,0,6:08PM,night,,,true,,184,43542,unknown,unknown,sunny,66,tocf,4,munse701,,,mcclt901,barrt901,gibsg901,fleta901,,,silvc001,ortea001,aardd001,regular,9,8,SEA,ANA,y,both,y,y,y,2009
ANA200904260,SEA,ANA,ANA01,20090426,0,12:37PM,day,,,true,,163,43057,unknown,unknown,sunny,66,tocf,8,munse701,,,barrt901,gibsg901,fleta901,mcclt901,,,weavj003,washj001,,regular,0,8,ANA,SEA,y,both,y,y,y,2009
BAL200904280,ANA,BAL,BAL12,20090428,0,7:07PM,night,,,true,,177,11857,unknown,unknown,sunny,82,ltor,10,hennj701,,,herna901,welkb901,reynj901,welkt901,,,saunj001,eatoa001,fuenb001,regular,7,5,ANA,BAL,y,both,y,y,y,2009
BAL200904290,ANA,BAL,BAL12,20090429,0,12:36PM,day,,,true,,176,14203,unknown,unknown,unknown,54,ltor,8,jacom701,,,welkb901,reynj901,welkt901,herna901,,,louxs001,uehak001,fuenb001,regular,3,2,ANA,BAL,y,both,y,y,y,2009
NYA200904300,ANA,NYA,NYC21,20090430,0,7:08PM,night,,,true,,174,43388,unknown,unknown,unknown,57,rtol,12,shanb701,,,eddid901,wendh902,demud901,ticht901,,,cokep001,speij001,rivem002,regular,4,7,NYA,ANA,y,both,y,y,y,2009
NYA200905010,ANA,NYA,NYC21,20090501,0,7:08PM,night,,,true,,207,44058,unknown,unknown,overcast,66,rtol,8,shanb701,,,wendh902,demud901,ticht901,eddid901,,,albaj001,fuenb001,,regular,9,10,NYA,ANA,y,both,y,y,y,2009
NYA200905020,ANA,NYA,NYC21,20090502,0,1:08PM,day,,,true,,201,44970,unknown,unknown,cloudy,58,torf,7,sprej701,,,demud901,ticht901,eddid901,wendh902,,,palmm001,sabac001,,regular,8,4,ANA,NYA,y,both,y,y,y,2009
OAK200905040,ANA,OAK,OAK01,20090504,0,7:06PM,night,,,true,,155,10397,unknown,unknown,unknown,62,tocf,16,dybdc701,,,holbs901,iassd901,relic901,rakos901,,,saunj001,andeb004,fuenb001,regular,5,2,ANA,OAK,y,both,y,y,y,2009
OAK200905050,ANA,OAK,OAK01,20090505,0,7:07PM,night,,,true,,159,13298,unknown,unknown,cloudy,63,torf,14,dybdc701,,,iassd901,relic901,vanol901,holbs901,,,louxs001,bradd002,fuenb001,regular,5,3,ANA,OAK,y,both,y,y,y,2009
ANA200905060,TOR,ANA,ANA01,20090506,0,7:09PM,night,,,true,,171,41123,unknown,unknown,sunny,73,tolf,5,seebt701,,,hohnb901,mosec901,drakr901,emmep901,,,hallr001,ortea001,,regular,13,1,TOR,ANA,y,both,y,y,y,2009
ANA200905070,TOR,ANA,ANA01,20090507,0,7:07PM,night,,,true,,126,41007,unknown,unknown,sunny,78,tocf,5,munse701,,,mosec901,drakr901,emmep901,hohnb901,,,weavj003,ray-r001,,regular,1,6,ANA,TOR,y,both,y,y,y,2009
ANA200905080,KCA,ANA,ANA01,20090508,0,7:06PM,night,,,true,,175,41019,unknown,unknown,sunny,66,tocf,8,franm701,,,gormb901,buckc901,everm901,davig901,,,palmm001,mechg001,fuenb001,regular,1,4,ANA,KCA,y,both,y,y,y,2009
ANA200905090,KCA,ANA,ANA01,20090509,0,6:07PM,night,,,true,,125,39776,unknown,unknown,sunny,69,tocf,10,seebt701,,,buckc901,everm901,davig901,gormb901,,,saunj001,greiz001,,regular,0,1,ANA,KCA,y,both,y,y,y,2009
ANA200905100,KCA,ANA,ANA01,20090510,0,12:38PM,day,,,true,,177,43646,unknown,unknown,cloudy,69,tocf,6,munse701,,,everm901,davig901,gormb901,buckc901,,,shies002,wrigj001,fuenb001,regular,3,4,ANA,KCA,y,both,y,y,y,2009
ANA200905120,BOS,ANA,ANA01,20090512,0,7:09PM,night,,,true,,198,33411,unknown,unknown,sunny,68,tocf,8,munse701,,,joycj901,rungb901,millb901,cousd901,,,ramir003,shies002,papej001,regular,4,3,BOS,ANA,y,both,y,y,y,2009
ANA200905130,BOS,ANA,ANA01,20090513,0,7:08PM,night,,,true,,146,35666,unknown,unknown,sunny,68,tocf,5,munse701,,,rungb901,millb901,cousd901,joycj901,,,palmm001,waket001,,regular,4,8,ANA,BOS,y,both,y,y,y,2009
ANA200905140,BOS,ANA,ANA01,20090514,0,12:38PM,day,,,true,,247,35124,unknown,unknown,sunny,74,tocf,9,munse701,,,millb901,cousd901,joycj901,rungb901,,,bulgj001,delcm001,,regular,4,5,ANA,BOS,y,both,y,y,y,2009
TEX200905150,ANA,TEX,ARL02,20090515,0,7:06PM,night,,,true,,182,33429,unknown,unknown,cloudy,86,fromrf,18,wells701,,,tscht901,davib902,drakr901,nelsj901,,,millk004,saunj001,wilsc004,regular,8,10,TEX,ANA,y,both,y,y,y,2009
TEX200905160,ANA,TEX,ARL02,20090516,0,4:26PM,day,,,true,,172,34284,unknown,unknown,overcast,65,torf,9,schid701,,,davib902,drakr901,nelsj901,tscht901,,,padiv001,louxs001,wilsc004,regular,3,5,TEX,ANA,y,both,y,y,y,2009
TEX200905170,ANA,TEX,ARL02,20090517,0,1:06PM,day,,,true,,157,37146,unknown,unknown,sunny,72,torf,8,wells701,,,drakr901,nelsj901,tscht901,davib902,,,jennj001,weavj003,odayd001,regular,0,3,TEX,ANA,y,both,y,y,y,2009
SEA200905180,ANA,SEA,SEA03,20090518,0,7:10PM,night,,,true,,184,17340,dry,none,dome,57,unknown,0,radoe701,,,demud901,eddid901,wendh902,knigb901,,,lackj001,washj001,,regular,10,6,ANA,SEA,y,both,y,y,y,2009
SEA200905190,ANA,SEA,SEA03,20090519,0,7:10PM,night,,,true,,173,16002,dry,none,dome,55,unknown,0,padud701,,,eddid901,wendh902,knigb901,demud901,,,palmm001,hernf002,fuenb001,regular,6,5,ANA,SEA,y,both,y,y,y,2009
SEA200905200,ANA,SEA,SEA03,20090520,0,7:10PM,night,,,true,,145,18580,unknown,unknown,unknown,58,fromrf,3,radoe701,,,wendh902,knigb901,demud901,eddid901,,,jakuc001,sante001,aardd001,regular,0,1,SEA,ANA,y,both,y,y,y,2009
SEA200905210,ANA,SEA,SEA03,20090521,0,7:10PM,night,,,true,,166,18468,unknown,unknown,cloudy,65,fromrf,3,padud701,,,knigb901,demud901,eddid901,wendh902,,,saunj001,bedae001,fuenb001,regular,3,0,ANA,SEA,y,both,y,y,y,2009
LAN200905220,ANA,LAN,LOS03,20090522,0,7:11PM,night,,,false,,213,55053,unknown,unknown,sunny,65,tocf,6,munse701,,,reilm901,meric901,diazl901,coope901,,,olivd001,wadec001,fuenb001,regular,3,1,ANA,LAN,y,both,y,y,y,2009
LAN200905230,ANA,LAN,LOS03,20090523,0,7:11PM,night,,,false,,213,55301,unknown,unknown,sunny,65,tocf,8,hartd701,,,meric901,diazl901,coope901,reilm901,,,broxj001,arrej001,,regular,4,5,LAN,ANA,y,both,y,y,y,2009
LAN200905240,ANA,LAN,LOS03,20090524,0,1:11PM,day,,,false,,228,54122,unknown,unknown,sunny,73,tocf,8,hartd701,,,diazl901,coope901,reilm901,meric901,,,bulgj001,billc001,,regular,10,7,ANA,LAN,y,both,y,y,y,2009
ANA200905250,CHA,ANA,ANA01,20090525,0,6:07PM,night,,,true,,184,43177,unknown,unknown,sunny,67,tocf,9,munse701,,,cedeg901,wolfj901,onorb901,culbf901,,,dankj001,sante001,,regular,17,3,CHA,ANA,y,both,y,y,y,2009
ANA200905260,CHA,ANA,ANA01,20090526,0,7:08PM,night,,,true,,168,38040,unknown,unknown,sunny,68,tocf,7,franm701,,,wolfj901,onorb901,culbf901,cedeg901,,,colob001,saunj001,lines001,regular,4,2,CHA,ANA,y,both,y,y,y,2009
ANA200905270,CHA,ANA,ANA01,20090527,0,7:07PM,night,,,true,,125,40169,unknown,unknown,sunny,66,tocf,9,seebt701,,,onorb901,culbf901,cedeg901,wolfj901,,,weavj003,floyg001,fuenb001,regular,1,3,ANA,CHA,y,both,y,y,y,2009
ANA200905290,SEA,ANA,ANA01,20090529,0,7:07PM,night,,,true,,148,38492,unknown,unknown,unknown,63,torf,6,munse701,,,drecb901,emmep901,millb901,hohnb901,,,vargj001,lackj001,aardd001,regular,5,2,SEA,ANA,y,both,y,y,y,2009
ANA200905300,SEA,ANA,ANA01,20090530,0,6:07PM,night,,,true,,191,39329,unknown,unknown,unknown,65,torf,6,munse701,,,emmep901,millb901,hohnb901,drecb901,,,batim001,arrej001,aardd001,regular,4,3,SEA,ANA,y,both,y,y,y,2009
ANA200905310,SEA,ANA,ANA01,20090531,0,12:38PM,day,,,true,,176,38632,unknown,unknown,unknown,65,tocf,5,munse701,,,millb901,hohnb901,drecb901,emmep901,,,speij001,aardd001,,regular,8,9,ANA,SEA,y,both,y,y,y,2009
TOR200906020,ANA,TOR,TOR02,20090602,0,7:07PM,night,,,true,,142,26809,dry,none,dome,68,unknown,0,uttes701,,,reynj901,herna901,welkb901,welkt901,,,hallr001,saunj001,,regular,4,6,TOR,ANA,y,both,y,y,y,2009
TOR200906030,ANA,TOR,TOR02,20090603,0,7:08PM,night,,,true,,156,17127,unknown,unknown,cloudy,66,ltor,11,uttes701,,,herna901,welkb901,welkt901,reynj901,,,weavj003,jansc001,,regular,8,1,ANA,TOR,y,both,y,y,y,2009
TOR200906040,ANA,TOR,TOR02,20090604,0,12:38PM,day,,,true,,180,31163,unknown,unknown,cloudy,61,torf,10,hobbd701,,,welkb901,welkt901,reynj901,herna901,,,speij001,leagb001,fuenb001,regular,6,5,ANA,TOR,y,both,y,y,y,2009
DET200906050,ANA,DET,DET05,20090605,0,7:07PM,night,,,true,,155,31187,unknown,unknown,sunny,76,tolf,5,kleir701,,,cuzzp901,hallt901,crawj901,belld901,,,sante001,rodnf001,fuenb001,regular,2,1,ANA,DET,y,both,y,y,y,2009
DET200906060,ANA,DET,DET05,20090606,0,7:06PM,night,,,true,,145,32367,unknown,unknown,unknown,64,ltor,10,kleir701,,,hallt901,crawj901,belld901,cuzzp901,,,jacke001,escok001,,regular,1,2,DET,ANA,y,both,y,y,y,2009
DET200906070,ANA,DET,DET05,20090607,0,1:07PM,day,,,true,,191,32074,unknown,unknown,cloudy,71,unknown,5,marod701,,,crawj901,belld901,cuzzp901,hallt901,,,zumaj001,arrej001,,regular,6,9,DET,ANA,y,both,y,y,y,2009
TBA200906090,ANA,TBA,STP01,20090609,0,7:08PM,night,,,true,,179,16087,unknown,unknown,dome,72,unknown,0,mathb701,,,wegnm901,drakr901,kellj901,timmt901,,,weavj003,shiej002,fuenb001,regular,4,3,ANA,TBA,y,both,y,y,y,2009
TBA200906100,ANA,TBA,STP01,20090610,0,7:09PM,night,,,true,,180,15658,unknown,unknown,dome,72,unknown,0,mathb701,,,drakr901,kellj901,timmt901,wegnm901,,,corml001,lackj001,,regular,5,9,TBA,ANA,y,both,y,y,y,2009
TBA200906110,ANA,TBA,STP01,20090611,0,7:08PM,night,,,true,,196,17086,unknown,unknown,dome,72,unknown,0,mathb701,,,kellj901,timmt901,wegnm901,drakr901,,,balfg001,sante001,,regular,1,11,TBA,ANA,y,both,y,y,y,2009
ANA200906120,SDN,ANA,ANA01,20090612,0,7:07PM,night,,,true,,180,41597,unknown,unknown,unknown,67,tocf,8,seebt701,,,bellw901,fostm901,fairc901,hirsj901,,,palmm001,gaudc001,,regular,6,11,ANA,SDN,y,both,y,y,y,2009
ANA200906130,SDN,ANA,ANA01,20090613,0,6:07PM,night,,,true,,140,43233,unknown,unknown,unknown,69,tolf,8,munse701,,,fostm901,fairc901,hirsj901,bellw901,,,saunj001,geerj001,,regular,1,9,ANA,SDN,y,both,y,y,y,2009
ANA200906140,SDN,ANA,ANA01,20090614,0,12:37PM,day,,,true,,150,40163,unknown,unknown,cloudy,71,tocf,5,munse701,,,fairc901,hirsj901,bellw901,fostm901,,,weavj003,younc003,,regular,0,6,ANA,SDN,y,both,y,y,y,2009
SFN200906150,ANA,SFN,SFO03,20090615,0,7:15PM,night,,,false,,163,33613,unknown,unknown,unknown,64,torf,12,bushd701,,,wendh902,knigb901,demud901,ticht901,,,lackj001,zitob001,fuenb001,regular,9,7,ANA,SFN,y,both,y,y,y,2009
SFN200906160,ANA,SFN,SFO03,20090616,0,7:15PM,night,,,false,,164,34716,unknown,unknown,unknown,63,tocf,14,bushd701,,,knigb901,demud901,ticht901,wendh902,,,osuls001,sancj002,,regular,8,1,ANA,SFN,y,both,y,y,y,2009
SFN200906170,ANA,SFN,SFO03,20090617,0,12:45PM,day,,,false,,154,37431,unknown,unknown,cloudy,65,tocf,9,bushd701,,,demud901,ticht901,wendh902,knigb901,,,jepsk001,linct001,fuenb001,regular,4,3,ANA,SFN,y,both,y,y,y,2009
ANA200906190,LAN,ANA,ANA01,20090619,0,7:09PM,night,,,true,,190,44222,unknown,unknown,sunny,70,tocf,10,munse701,,,davib902,nelsj901,carlm901,tscht901,,,speij001,motag001,fuenb001,regular,4,5,ANA,LAN,y,both,y,y,y,2009
ANA200906200,LAN,ANA,ANA01,20090620,0,6:07PM,night,,,true,,189,44148,unknown,unknown,cloudy,71,tocf,8,munse701,,,nelsj901,carlm901,tscht901,davib902,,,weavj002,weavj003,,regular,6,4,LAN,ANA,y,both,y,y,y,2009
ANA200906210,LAN,ANA,ANA01,20090621,0,5:09PM,night,,,true,,191,43891,unknown,unknown,sunny,73,tocf,8,munse701,,,carlm901,tscht901,davib902,nelsj901,,,kersc001,lackj001,broxj001,regular,5,3,LAN,ANA,y,both,y,y,y,2009
ANA200906220,COL,ANA,ANA01,20090622,0,7:09PM,night,,,true,,176,39557,unknown,unknown,sunny,70,torf,8,franm701,,,campa902,rungb901,cousd901,millb901,,,cooka002,palmm001,,regular,11,1,COL,ANA,y,both,y,y,y,2009
ANA200906230,COL,ANA,ANA01,20090623,0,7:08PM,night,,,true,,169,42233,unknown,unknown,sunny,70,tocf,9,franm701,,,rungb901,cousd901,millb901,campa902,,,jepsk001,jimeu001,fuenb001,regular,3,4,ANA,COL,y,both,y,y,y,2009
ANA200906240,COL,ANA,ANA01,20090624,0,7:07PM,night,,,true,,179,43551,unknown,unknown,sunny,70,tocf,7,munse701,,,cousd901,millb901,campa902,rungb901,,,saunj001,marqj001,,regular,3,11,ANA,COL,y,both,y,y,y,2009
ARI200906260,ANA,ARI,PHO01,20090626,0,6:40PM,night,,,false,,187,24870,unknown,unknown,sunny,98,ltor,13,rausg701,,,barkl901,herna901,marsr901,hudsm901,,,weavj003,buckb002,,regular,12,3,ANA,ARI,y,both,y,y,y,2009
ARI200906270,ANA,ARI,PHO01,20090627,0,1:10PM,day,,,false,,154,27742,dry,none,dome,77,unknown,0,rausg701,,,herna901,marsr901,hudsm901,barkl901,,,olivd001,qualc001,fuenb001,regular,2,1,ANA,ARI,y,both,y,y,y,2009
ARI200906280,ANA,ARI,PHO01,20090628,0,1:10PM,day,,,false,,186,25684,dry,none,dome,77,unknown,0,rausg701,,,marsr901,hudsm901,barkl901,herna901,,,palmm001,schem001,,regular,12,8,ANA,ARI,y,both,y,y,y,2009
TEX200906290,ANA,TEX,ARL02,20090629,0,7:06PM,night,,,true,,169,16985,unknown,unknown,sunny,90,ltor,6,mocej701,,,barrt901,mcclt901,fleta901,gibsg901,,,osuls001,padiv001,fuenb001,regular,5,2,ANA,TEX,y,both,y,y,y,2009
TEX200906300,ANA,TEX,ARL02,20090630,0,7:07PM,night,,,true,,201,20042,unknown,unknown,unknown,86,fromrf,5,wells701,,,mcclt901,fleta901,gibsg901,barrt901,,,felds001,saunj001,,regular,5,9,TEX,ANA,y,both,y,y,y,2009
TEX200907010,ANA,TEX,ARL02,20090701,0,7:08PM,night,,,true,,197,27142,unknown,unknown,sunny,98,ltor,2,ruddw701,,,fleta901,gibsg901,barrt901,mcclt901,,,franf001,speij001,,regular,7,9,TEX,ANA,y,both,y,y,y,2009
ANA200907020,BAL,ANA,ANA01,20090702,0,7:07PM,night,,,true,,134,39180,unknown,unknown,sunny,74,tocf,8,munse701,,,hohnb901,drecb901,emmep901,darlg901,,,lackj001,guthj001,fuenb001,regular,2,5,ANA,BAL,y,both,y,y,y,2009
ANA200907030,BAL,ANA,ANA01,20090703,0,7:06PM,night,,,true,,173,39104,unknown,unknown,sunny,74,tocf,9,franm701,,,drecb901,emmep901,darlg901,hohnb901,,,hernd002,sante001,sherg001,regular,6,4,BAL,ANA,y,both,y,y,y,2009
ANA200907040,BAL,ANA,ANA01,20090704,0,6:08PM,night,,,true,,194,41764,unknown,unknown,sunny,77,tocf,8,munse701,,,emmep901,darlg901,hohnb901,drecb901,,,bulgj001,baezd001,,regular,4,11,ANA,BAL,y,both,y,y,y,2009
ANA200907050,BAL,ANA,ANA01,20090705,0,12:37PM,day,,,true,,181,35912,unknown,unknown,sunny,77,tocf,4,munse701,,,darlg901,hohnb901,drecb901,emmep901,,,olivd001,albem001,fuenb001,regular,6,9,ANA,BAL,y,both,y,y,y,2009
ANA200907060,TEX,ANA,ANA01,20090706,0,7:07PM,night,,,true,,148,35691,unknown,unknown,sunny,75,tolf,5,munse701,,,diazl901,coope901,reilm901,meric901,,,weavj003,millk004,,regular,4,9,ANA,TEX,y,both,y,y,y,2009
ANA200907070,TEX,ANA,ANA01,20090707,0,7:07PM,night,,,true,,205,42088,unknown,unknown,sunny,72,tocf,9,franm701,,,coope901,reilm901,meric901,diazl901,,,holld003,lackj001,,regular,8,5,TEX,ANA,y,both,y,y,y,2009
ANA200907080,TEX,ANA,ANA01,20090708,0,7:07PM,night,,,true,,171,37364,unknown,unknown,cloudy,70,tocf,7,seebt701,,,reilm901,meric901,diazl901,coope901,,,padiv001,sante001,,regular,8,1,TEX,ANA,y,both,y,y,y,2009
ANA200907100,NYA,ANA,ANA01,20090710,0,7:07PM,night,,,true,,208,44076,unknown,unknown,cloudy,76,tocf,6,munse701,,,buckc901,everm901,gormb901,davig901,,,bulgj001,melam001,fuenb001,regular,6,10,ANA,NYA,y,both,y,y,y,2009
ANA200907110,NYA,ANA,ANA01,20090711,0,1:11PM,day,,,true,,208,42602,unknown,unknown,sunny,87,tocf,8,munse701,,,everm901,gormb901,davig901,buckc901,,,weavj003,petta001,,regular,8,14,ANA,NYA,y,both,y,y,y,2009
ANA200907120,NYA,ANA,ANA01,20090712,0,12:37PM,day,,,true,,184,41532,unknown,unknown,sunny,86,tocf,9,munse701,,,gormb901,davig901,buckc901,everm901,,,lackj001,sabac001,fuenb001,regular,4,5,ANA,NYA,y,both,y,y,y,2009
OAK200907160,ANA,OAK,OAK01,20090716,0,7:08PM,night,,,true,,148,11113,unknown,unknown,sunny,64,torf,14,ducam701,,,laynj901,randt901,guccc901,muchm901,,,sante001,bradd002,fuenb001,regular,6,2,ANA,OAK,y,both,y,y,y,2009
OAK200907170,ANA,OAK,OAK01,20090717,0,7:07PM,night,,,true,,187,17147,unknown,unknown,sunny,65,torf,14,ducam701,,,randt901,guccc901,muchm901,laynj901,,,bresc001,saunj001,,regular,3,7,OAK,ANA,y,both,y,y,y,2009
OAK200907180,ANA,OAK,OAK01,20090718,0,1:10PM,day,,,true,,200,16475,unknown,unknown,cloudy,69,torf,13,ducam701,,,guccc901,muchm901,laynj901,randt901,,,olivd001,mazzv001,,regular,11,6,ANA,OAK,y,both,y,y,y,2009
OAK200907190,ANA,OAK,OAK01,20090719,0,1:06PM,day,,,true,,137,18539,unknown,unknown,sunny,70,tocf,12,feldd701,,,wintm901,laynj901,randt901,guccc901,,,lackj001,baila001,fuenb001,regular,1,0,ANA,OAK,y,both,y,y,y,2009
KCA200907211,ANA,KCA,KAN06,20090721,1,4:10PM,day,,,true,,181,0,unknown,unknown,overcast,74,ltor,6,blacd701,,,reynj901,colod901,welkt901,ticht901,,,sante001,ponss001,fuenb001,regular,8,5,ANA,KCA,y,both,y,y,y,2009
KCA200907212,ANA,KCA,KAN06,20090721,2,7:45PM,night,,,true,,204,23874,unknown,unknown,cloudy,71,ltor,3,blacd701,,,hoyej901,welkt901,ticht901,colod901,,,osuls001,chenb001,,regular,10,2,ANA,KCA,y,both,y,y,y,2009
KCA200907220,ANA,KCA,KAN06,20090722,0,7:10PM,night,,,true,,211,18078,unknown,unknown,sunny,84,ltor,4,blacd701,,,welkt901,ticht901,reynj901,hoyej901,,,speij001,color001,fuenb001,regular,9,6,ANA,KCA,y,both,y,y,y,2009
ANA200907230,MIN,ANA,ANA01,20090723,0,7:08PM,night,,,true,,221,38145,unknown,unknown,cloudy,78,tocf,7,seebt701,,,hudsm901,barkl901,marsr901,herna901,,,fuenb001,craij001,,regular,5,6,ANA,MIN,y,both,y,y,y,2009
ANA200907240,MIN,ANA,ANA01,20090724,0,7:07PM,night,,,true,,153,39272,unknown,unknown,sunny,74,tocf,5,munse701,,,barkl901,marsr901,herna901,hudsm901,,,lackj001,lirif001,,regular,3,6,ANA,MIN,y,both,y,y,y,2009
ANA200907250,MIN,ANA,ANA01,20090725,0,1:10PM,day,,,true,,189,35922,unknown,unknown,sunny,80,torf,8,seebt701,,,marsr901,herna901,hudsm901,barkl901,,,palmm001,blacn001,,regular,5,11,ANA,MIN,y,both,y,y,y,2009
ANA200907260,MIN,ANA,ANA01,20090726,0,12:37PM,day,,,true,,180,36386,unknown,unknown,sunny,86,unknown,7,munse701,,,herna901,hudsm901,barkl901,marsr901,,,swara001,sante001,,regular,10,1,MIN,ANA,y,both,y,y,y,2009
ANA200907270,CLE,ANA,ANA01,20090727,0,7:08PM,night,,,true,,190,35371,unknown,unknown,sunny,78,torf,7,munse701,,,campa902,nelsj901,carlm901,tscht901,,,veraj001,fuenb001,woodk002,regular,8,6,CLE,ANA,y,both,y,y,y,2009
ANA200907280,CLE,ANA,ANA01,20090728,0,7:08PM,night,,,true,,182,43270,unknown,unknown,sunny,74,tocf,8,franm701,,,nelsj901,carlm901,tscht901,campa902,,,palmm001,huffd001,bulgj001,regular,6,7,ANA,CLE,y,both,y,y,y,2009
ANA200907290,CLE,ANA,ANA01,20090729,0,12:37PM,day,,,true,,172,39196,unknown,unknown,sunny,78,tolf,7,munse701,,,carlm901,tscht901,campa902,nelsj901,,,lackj001,laffa001,,regular,3,9,ANA,CLE,y,both,y,y,y,2009
MIN200907310,ANA,MIN,MIN03,20090731,0,7:11PM,night,,,true,,213,31767,unknown,unknown,unknown,70,unknown,0,thors701,,,everm901,gormb901,davig901,buckc901,,,jepsk001,keppb001,,regular,11,5,ANA,MIN,y,both,y,y,y,2009
MIN200908010,ANA,MIN,MIN03,20090801,0,6:10PM,night,,,true,,190,40828,unknown,unknown,unknown,70,unknown,0,thors701,,,gormb901,davig901,buckc901,everm901,,,saunj001,swara001,,regular,11,6,ANA,MIN,y,both,y,y,y,2009
MIN200908020,ANA,MIN,MIN03,20090802,0,1:10PM,day,,,true,,192,41079,unknown,unknown,unknown,69,unknown,0,wongg701,,,davig901,buckc901,everm901,gormb901,,,weavj003,perkg001,,regular,13,4,ANA,MIN,y,both,y,y,y,2009
CHA200908040,ANA,CHA,CHI12,20090804,0,7:11PM,night,,,true,,168,30228,unknown,unknown,unknown,68,ltor,5,roseb701,,,westj901,rapue901,schrp901,nauep901,,,thorm001,jepsk001,,regular,4,5,CHA,ANA,y,both,y,y,y,2009
CHA200908050,ANA,CHA,CHI12,20090805,0,7:10PM,night,,,true,,155,32167,unknown,unknown,sunny,71,fromlf,8,roseb701,,,rapue901,schrp901,nauep901,westj901,,,floyg001,osuls001,,regular,2,6,CHA,ANA,y,both,y,y,y,2009
CHA200908060,ANA,CHA,CHI12,20090806,0,1:07PM,day,,,true,,179,27487,unknown,unknown,sunny,79,fromlf,8,frisd701,,,schrp901,nauep901,westj901,rapue901,,,sante001,dankj001,,regular,9,5,ANA,CHA,y,both,y,y,y,2009
ANA200908070,TEX,ANA,ANA01,20090807,0,7:08PM,night,,,true,,210,43624,unknown,unknown,sunny,75,tocf,7,seebt701,,,hohnb901,emmep901,darlg901,ticht901,,,felds001,saunj001,,regular,11,6,TEX,ANA,y,both,y,y,y,2009
ANA200908080,TEX,ANA,ANA01,20090808,0,1:11PM,day,,,true,,161,37166,unknown,unknown,sunny,78,tocf,8,munse701,,,emmep901,darlg901,ticht901,hohnb901,,,weavj003,guare001,fuenb001,regular,2,3,ANA,TEX,y,both,y,y,y,2009
ANA200908090,TEX,ANA,ANA01,20090809,0,12:37PM,day,,,true,,147,35706,unknown,unknown,sunny,78,tocf,4,munse701,,,darlg901,ticht901,hohnb901,emmep901,,,holld003,lackj001,,regular,7,0,TEX,ANA,y,both,y,y,y,2009
ANA200908100,TBA,ANA,ANA01,20090810,0,7:07PM,night,,,true,,191,37388,unknown,unknown,sunny,72,tocf,5,franm701,,,diazl901,coope901,reilm901,meric901,,,jepsk001,sprir001,fuenb001,regular,7,8,ANA,TBA,y,both,y,y,y,2009
ANA200908110,TBA,ANA,ANA01,20090811,0,7:07PM,night,,,true,,133,43559,unknown,unknown,sunny,76,tocf,6,munse701,,,coope901,reilm901,meric901,diazl901,,,sante001,pricd001,,regular,0,6,ANA,TBA,y,both,y,y,y,2009
ANA200908120,TBA,ANA,ANA01,20090812,0,12:38PM,day,,,true,,194,37859,unknown,unknown,sunny,74,tocf,4,seebt701,,,reilm901,meric901,diazl901,coope901,,,bulgj001,balfg001,,regular,5,10,ANA,TBA,y,both,y,y,y,2009
BAL200908140,ANA,BAL,BAL12,20090814,0,7:07PM,night,,,true,,189,25836,unknown,unknown,cloudy,84,ltor,6,hennj701,,,estam901,vanol901,iassd901,holbs901,,,tillc001,weavj003,,regular,6,16,BAL,ANA,y,both,y,y,y,2009
BAL200908150,ANA,BAL,BAL12,20090815,0,7:06PM,night,,,true,,171,28770,unknown,unknown,cloudy,84,tolf,4,hennj701,,,vanol901,iassd901,holbs901,estam901,,,lackj001,matub001,fuenb001,regular,5,1,ANA,BAL,y,both,y,y,y,2009
BAL200908160,ANA,BAL,BAL12,20090816,0,1:36PM,day,,,true,,268,26529,unknown,unknown,cloudy,92,tolf,9,hennj701,,,iassd901,holbs901,estam901,vanol901,,,bulgj001,bassb001,,regular,17,8,ANA,BAL,y,both,y,y,y,2009
BAL200908170,ANA,BAL,BAL12,20090817,0,7:05PM,night,,,true,,176,18460,unknown,unknown,cloudy,88,ltor,8,hennj701,,,holbs901,estam901,vanol901,iassd901,,,sante001,hernd002,fuenb001,regular,8,5,ANA,BAL,y,both,y,y,y,2009
CLE200908180,ANA,CLE,CLE08,20090818,0,7:07PM,night,,,true,,194,18341,unknown,unknown,sunny,79,ltor,8,maveb701,,,millb901,cousd901,campa902,joycj901,,,bellt002,carmf001,fuenb001,regular,5,4,ANA,CLE,y,both,y,y,y,2009
CLE200908190,ANA,CLE,CLE08,20090819,0,7:06PM,night,,,true,,160,16868,unknown,unknown,cloudy,77,fromrf,7,maveb701,,,cousd901,campa902,joycj901,millb901,,,weavj003,sowej001,,regular,3,0,ANA,CLE,y,both,y,y,y,2009
CLE200908200,ANA,CLE,CLE08,20090820,0,7:16PM,night,,,true,,191,16804,unknown,unknown,cloudy,70,tocf,17,murrc701,,,campa902,joycj901,millb901,cousd901,,,mastj001,lackj001,,regular,3,11,CLE,ANA,y,both,y,y,y,2009
TOR200908210,ANA,TOR,TOR02,20090821,0,7:08PM,night,,,true,,176,15993,unknown,unknown,sunny,75,torf,12,hobbd701,,,demud901,eddid901,knigb901,wendh902,,,rzepm001,osuls001,jansc001,regular,4,5,TOR,ANA,y,both,y,y,y,2009
TOR200908220,ANA,TOR,TOR02,20090822,0,1:09PM,day,,,true,,161,23235,dry,none,dome,68,unknown,0,hobbd701,,,eddid901,knigb901,wendh902,demud901,,,sante001,richs001,,regular,7,3,ANA,TOR,y,both,y,y,y,2009
TOR200908230,ANA,TOR,TOR02,20090823,0,1:07PM,day,,,true,,197,23935,dry,none,dome,68,unknown,0,hobbd701,,,knigb901,wendh902,demud901,eddid901,,,romer002,bellt002,,regular,3,8,TOR,ANA,y,both,y,y,y,2009
ANA200908240,DET,ANA,ANA01,20090824,0,7:07PM,night,,,true,,214,38421,unknown,unknown,sunny,79,tocf,4,munse701,,,welkt901,fairc901,carlm901,wolfj901,,,verlj001,weavj003,rodnf001,regular,10,7,DET,ANA,y,both,y,y,y,2009
ANA200908250,DET,ANA,ANA01,20090825,0,7:06PM,night,,,true,,200,42970,unknown,unknown,sunny,82,torf,7,franm701,,,fairc901,wolfj901,colod901,carlm901,,,washj001,lackj001,rodnf001,regular,5,3,DET,ANA,y,both,y,y,y,2009
ANA200908260,DET,ANA,ANA01,20090826,0,12:38PM,day,,,true,,169,36329,unknown,unknown,sunny,97,unknown,3,munse701,,,wolfj901,colod901,carlm901,fairc901,,,saunj001,jacke001,fuenb001,regular,2,4,ANA,DET,y,both,y,y,y,2009
ANA200908270,OAK,ANA,ANA01,20090827,0,7:41PM,night,,,true,,145,43139,unknown,unknown,sunny,85,tocf,4,franm701,,,mcclt901,fleta901,gibsg901,barrt901,,,cahit001,sante001,baila001,regular,2,0,OAK,ANA,y,both,y,y,y,2009
ANA200908280,OAK,ANA,ANA01,20090828,0,7:07PM,night,,,true,,196,41912,unknown,unknown,unknown,88,tocf,5,munse701,,,fleta901,gibsg901,barrt901,mcclt901,,,arrej001,ziegb001,fuenb001,regular,7,11,ANA,OAK,y,both,y,y,y,2009
ANA200908290,OAK,ANA,ANA01,20090829,0,6:08PM,night,,,true,,181,43011,unknown,unknown,cloudy,89,tocf,7,munse701,,,gibsg901,barrt901,mcclt901,fleta901,,,ziegb001,rodrr006,baila001,regular,4,3,OAK,ANA,y,both,y,y,y,2009
ANA200908300,OAK,ANA,ANA01,20090830,0,12:36PM,day,,,true,,132,38018,unknown,unknown,cloudy,92,tocf,6,munse701,,,barrt901,mcclt901,fleta901,gibsg901,,,lackj001,andeb004,,regular,1,9,ANA,OAK,y,both,y,y,y,2009
SEA200908310,ANA,SEA,SEA03,20090831,0,7:10PM,night,,,true,,150,18959,unknown,unknown,sunny,72,tolf,2,padud701,,,scotd901,drakr901,mealj901,dimum901,,,saunj001,frenl001,,regular,10,0,ANA,SEA,y,both,y,y,y,2009
SEA200909010,ANA,SEA,SEA03,20090901,0,7:09PM,night,,,true,,147,18542,unknown,unknown,overcast,65,tocf,2,radoe701,,,drakr901,mealj901,dimum901,scotd901,,,fistd001,olivd001,aardd001,regular,1,2,SEA,ANA,y,both,y,y,y,2009
SEA200909020,ANA,SEA,SEA03,20090902,0,3:40PM,day,,,true,,151,22130,unknown,unknown,cloudy,76,unknown,0,peted701,,,mealj901,dimum901,scotd901,drakr901,,,hernf002,kazms001,aardd001,regular,0,3,SEA,ANA,y,both,y,y,y,2009
KCA200909040,ANA,KCA,KAN06,20090904,0,7:11PM,night,,,true,,193,17447,unknown,unknown,unknown,67,fromrf,8,schus701,,,hallt901,cuzzp901,onorb901,crawj901,,,weavj003,wrigj001,fuenb001,regular,2,1,ANA,KCA,y,both,y,y,y,2009
KCA200909050,ANA,KCA,KAN06,20090905,0,6:10PM,night,,,true,,189,22628,unknown,unknown,sunny,77,fromrf,7,schus701,,,cuzzp901,onorb901,crawj901,ticht901,,,jepsk001,yabuy001,fuenb001,regular,2,1,ANA,KCA,y,both,y,y,y,2009
KCA200909060,ANA,KCA,KAN06,20090906,0,1:10PM,day,,,true,,182,16745,unknown,unknown,unknown,73,fromrf,5,blacd701,,,onorb901,crawj901,ticht901,hallt901,,,saunj001,hochl001,,regular,7,2,ANA,KCA,y,both,y,y,y,2009
KCA200909070,ANA,KCA,KAN06,20090907,0,1:10PM,day,,,true,,191,18453,unknown,unknown,cloudy,73,fromrf,7,blacd701,,,crawj901,ticht901,hallt901,cuzzp901,,,davik002,sante001,sorij001,regular,3,6,KCA,ANA,y,both,y,y,y,2009
ANA200909080,SEA,ANA,ANA01,20090908,0,7:09PM,night,,,true,,194,37725,unknown,unknown,sunny,72,tocf,10,munse701,,,joycj901,millb901,campa902,cousd901,,,palmm001,batim001,,regular,2,3,ANA,SEA,y,both,y,y,y,2009
ANA200909090,SEA,ANA,ANA01,20090909,0,7:08PM,night,,,true,,164,36340,unknown,unknown,sunny,76,tocf,5,franm701,,,millb901,campa902,cousd901,joycj901,,,weavj003,sneli001,fuenb001,regular,3,6,ANA,SEA,y,both,y,y,y,2009
ANA200909100,SEA,ANA,ANA01,20090910,0,7:07PM,night,,,true,,122,37412,unknown,unknown,sunny,80,torf,5,munse701,,,campa902,cousd901,joycj901,millb901,,,lackj001,rowlr002,,regular,0,3,ANA,SEA,y,both,y,y,y,2009
ANA200909110,CHA,ANA,ANA01,20090911,0,7:08PM,night,,,true,,152,38375,unknown,unknown,cloudy,77,tocf,6,munse701,,,demud901,eddid901,campa902,wendh902,,,saunj001,floyg001,,regular,1,7,ANA,CHA,y,both,y,y,y,2009
ANA200909120,CHA,ANA,ANA01,20090912,0,1:10PM,day,,,true,,209,37390,unknown,unknown,sunny,81,unknown,6,munse701,,,eddid901,campa902,wendh902,demud901,,,jenkb001,fuenb001,penat003,regular,4,3,CHA,ANA,y,both,y,y,y,2009
ANA200909130,CHA,ANA,ANA01,20090913,0,12:37PM,day,,,true,,147,37512,unknown,unknown,unknown,73,torf,9,munse701,,,campa902,wendh902,demud901,eddid901,,,olivd001,buehm001,fuenb001,regular,2,3,ANA,CHA,y,both,y,y,y,2009
NYA200909140,ANA,NYA,NYC21,20090914,0,7:08PM,night,,,true,,189,44701,unknown,unknown,cloudy,74,ltor,8,karph701,,,cousd901,joycj901,gibsg901,millb901,,,hughp001,weavj003,rivem002,regular,3,5,NYA,ANA,y,both,y,y,y,2009
BOS200909150,ANA,BOS,BOS07,20090915,0,7:11PM,night,,,true,,164,37942,unknown,unknown,cloudy,65,rtol,11,shalm701,,,wegnm901,reedr901,kellj901,timmt901,,,matsd001,lackj001,,regular,1,4,BOS,ANA,y,both,y,y,y,2009
BOS200909160,ANA,BOS,BOS07,20090916,0,7:11PM,night,,,true,,247,37706,unknown,unknown,cloudy,58,fromcf,15,shalm701,,,reedr901,kellj901,timmt901,wegnm901,,,bardd001,fuenb001,,regular,8,9,BOS,ANA,y,both,y,y,y,2009
BOS200909170,ANA,BOS,BOS07,20090917,0,7:10PM,night,,,true,,158,38157,unknown,unknown,unknown,57,tocf,3,petrm701,,,kellj901,timmt901,wegnm901,reedr901,,,jepsk001,wagnb001,fuenb001,regular,4,3,ANA,BOS,y,both,y,y,y,2009
TEX200909180,ANA,TEX,ARL02,20090918,0,7:07PM,night,,,true,,177,34240,unknown,unknown,cloudy,77,torf,7,schid701,,,scotd901,drakr901,dimum901,kulpr901,,,kazms001,huntt002,fuenb001,regular,2,0,ANA,TEX,y,both,y,y,y,2009
TEX200909190,ANA,TEX,ARL02,20090919,0,6:07PM,night,,,true,,151,46596,unknown,unknown,sunny,83,torf,7,mocej701,,,drakr901,dimum901,kulpr901,scotd901,,,felds001,weavj003,franf001,regular,2,3,TEX,ANA,y,both,y,y,y,2009
TEX200909200,ANA,TEX,ARL02,20090920,0,12:08PM,day,,,true,,186,33688,unknown,unknown,sunny,83,rtol,5,wells701,,,dimum901,kulpr901,scotd901,drakr901,,,lackj001,holld003,,regular,10,5,ANA,TEX,y,both,y,y,y,2009
ANA200909210,NYA,ANA,ANA01,20090921,0,7:08PM,night,,,true,,154,38667,unknown,unknown,sunny,73,tocf,3,munse701,,,davig901,buckc901,everm901,gormb901,,,saunj001,petta001,fuenb001,regular,2,5,ANA,NYA,y,both,y,y,y,2009
ANA200909220,NYA,ANA,ANA01,20090922,0,7:07PM,night,,,true,,218,40374,unknown,unknown,sunny,81,tocf,4,munse701,,,buckc901,everm901,gormb901,davig901,,,hughp001,palmm001,rivem002,regular,6,5,NYA,ANA,y,both,y,y,y,2009
ANA200909230,NYA,ANA,ANA01,20090923,0,12:38PM,day,,,true,,217,35760,unknown,unknown,sunny,95,tolf,5,munse701,,,everm901,gormb901,davig901,buckc901,,,burna001,kazms001,rivem002,regular,3,2,NYA,ANA,y,both,y,y,y,2009
ANA200909250,OAK,ANA,ANA01,20090925,0,7:09PM,night,,,true,,165,43242,unknown,unknown,sunny,83,tocf,4,munse701,,,mcclt901,fleta901,barrt901,gibsg901,,,gonzg003,weavj003,baila001,regular,3,0,OAK,ANA,y,both,y,y,y,2009
ANA200909260,OAK,ANA,ANA01,20090926,0,6:07PM,night,,,true,,229,41014,unknown,unknown,sunny,85,tocf,5,franm701,,,fleta901,barrt901,gibsg901,mcclt901,,,bresc001,jepsk001,,regular,15,10,OAK,ANA,y,both,y,y,y,2009
ANA200909270,OAK,ANA,ANA01,20090927,0,12:37PM,day,,,true,,157,38718,unknown,unknown,cloudy,78,tocf,5,munse701,,,barrt901,gibsg901,mcclt901,fleta901,,,saunj001,gonze001,fuenb001,regular,4,7,ANA,OAK,y,both,y,y,y,2009
ANA200909280,TEX,ANA,ANA01,20090928,0,7:08PM,night,,,true,,156,40484,unknown,unknown,sunny,69,tocf,5,munse701,,,holbs901,wintm901,iassd901,vanol901,,,sante001,huntt002,,regular,0,11,ANA,TEX,y,both,y,y,y,2009
ANA200909290,TEX,ANA,ANA01,20090929,0,7:08PM,night,,,true,,162,38600,unknown,unknown,cloudy,67,tocf,5,franm701,,,wintm901,iassd901,vanol901,holbs901,,,osuls001,felds001,fuenb001,regular,2,5,ANA,TEX,y,both,y,y,y,2009
ANA200909300,TEX,ANA,ANA01,20090930,0,7:07PM,night,,,true,,139,40616,unknown,unknown,sunny,70,tocf,3,seebt701,,,iassd901,vanol901,holbs901,wintm901,,,palmm001,holld003,,regular,0,5,ANA,TEX,y,both,y,y,y,2009
ANA200910010,TEX,ANA,ANA01,20091001,0,3:07PM,day,,,true,,177,38552,unknown,unknown,sunny,92,tolf,8,munse701,,,vanol901,holbs901,wintm901,iassd901,,,millk004,bellt002,,regular,11,3,TEX,ANA,y,both,y,y,y,2009
OAK200910020,ANA,OAK,OAK01,20091002,0,7:08PM,night,,,true,,158,14554,unknown,unknown,sunny,64,torf,13,dybdc701,,,millb901,cousd901,campa902,joycj901,,,weavj003,gonzg003,fuenb001,regular,5,2,ANA,OAK,y,both,y,y,y,2009
OAK200910030,ANA,OAK,OAK01,20091003,0,1:07PM,day,,,true,,151,16539,unknown,unknown,cloudy,61,tolf,21,feldd701,,,cousd901,campa902,joycj901,millb901,,,kazms001,eveld001,fuenb001,regular,4,2,ANA,OAK,y,both,y,y,y,2009
OAK200910040,ANA,OAK,OAK01,20091004,0,1:08PM,day,,,true,,158,16591,unknown,unknown,sunny,57,fromrf,13,ducam701,,,campa902,joycj901,millb901,cousd901,,,saunj001,grayj002,jepsk001,regular,5,3,ANA,OAK,y,both,y,y,y,2009
ANA200910080,BOS,ANA,ANA01,20091008,0,6:37PM,night,,,true,,189,45070,unknown,unknown,sunny,65,tocf,5,einsd701,,,westj901,buckc901,coope901,gibsg901,gormb901,iassd901,lackj001,lestj001,,divisionseries,0,5,ANA,BOS,y,both,y,y,y,2009
ANA200910090,BOS,ANA,ANA01,20091009,0,6:38PM,night,,,true,,191,45223,unknown,unknown,cloudy,67,tocf,5,einsd701,,,buckc901,coope901,gibsg901,gormb901,iassd901,westj901,weavj003,beckj002,fuenb001,divisionseries,1,4,ANA,BOS,y,both,y,y,y,2009
BOS200910110,ANA,BOS,BOS07,20091011,0,12:10PM,day,,,true,,229,38704,unknown,unknown,sunny,56,torf,11,einsd701,,,coope901,gibsg901,gormb901,iassd901,westj901,buckc901,olivd001,papej001,fuenb001,divisionseries,7,6,ANA,BOS,y,both,y,y,y,2009
NYA200910160,ANA,NYA,NYC21,20091016,0,7:58PM,night,,,true,,198,49688,wet,drizzle,unknown,45,ltor,10,shanb701,,,mcclt901,diazl901,millb901,laynj901,culbf901,scotd901,sabac001,lackj001,rivem002,lcs,1,4,NYA,ANA,y,both,y,y,y,2009
NYA200910170,ANA,NYA,NYC21,20091017,0,7:57PM,night,,,true,,310,49922,unknown,unknown,unknown,47,ltor,11,shanb701,,,diazl901,millb901,laynj901,culbf901,scotd901,mcclt901,robed002,sante001,,lcs,3,4,NYA,ANA,y,both,y,y,y,2009
ANA200910190,NYA,ANA,ANA01,20091019,0,1:14PM,day,,,true,,261,44911,unknown,unknown,unknown,73,tocf,5,shanb701,,,millb901,laynj901,culbf901,scotd901,mcclt901,diazl901,sante001,aceva001,,lcs,4,5,ANA,NYA,y,both,y,y,y,2009
ANA200910200,NYA,ANA,ANA01,20091020,0,4:59PM,day,,,true,,218,45160,unknown,unknown,sunny,73,tocf,6,shanb701,,,laynj901,culbf901,scotd901,mcclt901,diazl901,millb901,sabac001,kazms001,,lcs,10,1,NYA,ANA,y,both,y,y,y,2009
ANA200910220,NYA,ANA,ANA01,20091022,0,4:57PM,day,,,true,,214,45113,unknown,unknown,sunny,78,tocf,8,shanb701,,,culbf901,scotd901,mcclt901,diazl901,millb901,laynj901,jepsk001,hughp001,fuenb001,lcs,6,7,ANA,NYA,y,both,y,y,y,2009
NYA200910250,ANA,NYA,NYC21,20091025,0,8:21PM,night,,,true,,220,50173,unknown,unknown,cloudy,58,torf,8,shanb701,,,scotd901,mcclt901,diazl901,millb901,laynj901,culbf901,petta001,saunj001,rivem002,lcs,2,5,NYA,ANA,y,both,y,y,y,2009
ANA201004050,MIN,ANA,ANA01,20100405,0,7:08PM,night,,,true,,180,43504,unknown,unknown,cloudy,58,tocf,11,munse701,,,mcclt901,everm901,fleta901,johna901,,,weavj003,bakes002,fuenb001,regular,3,6,ANA,MIN,y,both,y,y,y,2010
ANA201004060,MIN,ANA,ANA01,20100406,0,7:08PM,night,,,true,,161,43510,unknown,unknown,sunny,65,unknown,5,munse701,,,everm901,fleta901,johna901,mcclt901,,,blacn001,saunj001,raucj001,regular,5,3,MIN,ANA,y,both,y,y,y,2010
ANA201004070,MIN,ANA,ANA01,20100407,0,7:08PM,night,,,true,,158,41533,unknown,unknown,sunny,75,torf,4,franm701,,,fleta901,johna901,mcclt901,everm901,,,pavac001,sante001,raucj001,regular,4,2,MIN,ANA,y,both,y,y,y,2010
ANA201004080,MIN,ANA,ANA01,20100408,0,7:07PM,night,,,true,,182,39709,unknown,unknown,sunny,74,tocf,5,munse701,,,johna901,mcclt901,everm901,fleta901,,,slowk001,pinej001,,regular,10,1,MIN,ANA,y,both,y,y,y,2010
ANA201004090,OAK,ANA,ANA01,20100409,0,7:08PM,night,,,true,,179,40034,unknown,unknown,sunny,61,tocf,7,franm701,,,barrs901,davig901,knigb901,gibsg901,,,gonzg003,palmm001,,regular,10,4,OAK,ANA,y,both,y,y,y,2010
ANA201004100,OAK,ANA,ANA01,20100410,0,6:07PM,night,,,true,,155,40249,unknown,unknown,sunny,62,tocf,6,munse701,,,davig901,knigb901,gibsg901,barrs901,,,rodnf001,bresc001,,regular,3,4,ANA,OAK,y,both,y,y,y,2010
ANA201004110,OAK,ANA,ANA01,20100411,0,12:38PM,day,,,true,,168,40601,unknown,unknown,unknown,62,tocf,7,munse701,,,knigb901,gibsg901,barrs901,davig901,,,bradd002,saunj001,rosst001,regular,9,4,OAK,ANA,y,both,y,y,y,2010
NYA201004130,ANA,NYA,NYC21,20100413,0,1:09PM,day,,,true,,196,49293,unknown,unknown,unknown,55,torf,9,shanb701,,,wendh902,belld901,laynj901,wintm901,,,petta001,sante001,rivem002,regular,5,7,NYA,ANA,y,both,y,y,y,2010
NYA201004140,ANA,NYA,NYC21,20100414,0,1:08PM,day,,,true,,192,42372,unknown,unknown,sunny,62,ltor,12,karph701,,,belld901,laynj901,wintm901,wendh902,,,pinej001,vazqj001,rodnf001,regular,5,3,ANA,NYA,y,both,y,y,y,2010
NYA201004150,ANA,NYA,NYC21,20100415,0,7:08PM,night,,,true,,213,44722,unknown,unknown,cloudy,71,ltor,8,sprej701,,,laynj901,wintm901,wendh902,belld901,,,hughp001,kazms001,rivem002,regular,2,6,NYA,ANA,y,both,y,y,y,2010
TOR201004160,ANA,TOR,TOR02,20100416,0,7:08PM,night,,,true,,168,14779,dry,none,dome,68,unknown,0,uttes701,,,joycj901,hudsm901,wolfj901,cousd901,,,weavj003,marcs001,rodnf001,regular,7,5,ANA,TOR,y,both,y,y,y,2010
TOR201004170,ANA,TOR,TOR02,20100417,0,1:06PM,day,,,true,,161,17187,dry,none,dome,68,unknown,0,uttes701,,,hudsm901,wolfj901,cousd901,joycj901,,,saunj001,tallb001,rodnf001,regular,6,3,ANA,TOR,y,both,y,y,y,2010
TOR201004180,ANA,TOR,TOR02,20100418,0,1:08PM,day,,,true,,141,14246,dry,none,dome,68,unknown,0,uttes701,,,wolfj901,cousd901,joycj901,hudsm901,,,sante001,romer002,,regular,3,1,ANA,TOR,y,both,y,y,y,2010
ANA201004190,DET,ANA,ANA01,20100419,0,7:08PM,night,,,true,,139,36006,unknown,unknown,sunny,66,tocf,5,munse701,,,wegnm901,iassd901,scotd901,mealj901,,,pinej001,willd003,rodnf001,regular,0,2,ANA,DET,y,both,y,y,y,2010
ANA201004200,DET,ANA,ANA01,20100420,0,7:09PM,night,,,true,,189,35266,unknown,unknown,unknown,58,torf,5,munse701,,,iassd901,scotd901,mealj901,wegnm901,,,kazms001,porcr001,rodnf001,regular,5,6,ANA,DET,y,both,y,y,y,2010
ANA201004210,DET,ANA,ANA01,20100421,0,7:07PM,night,,,true,,175,35279,unknown,unknown,unknown,54,tocf,11,seebt701,,,scotd901,mealj901,wegnm901,iassd901,,,cokep001,fuenb001,valvj001,regular,4,3,DET,ANA,y,both,y,y,y,2010
ANA201004220,DET,ANA,ANA01,20100422,0,7:08PM,night,,,true,,211,37338,unknown,unknown,cloudy,56,tocf,4,munse701,,,mealj901,wegnm901,iassd901,scotd901,,,verlj001,saunj001,valvj001,regular,5,4,DET,ANA,y,both,y,y,y,2010
ANA201004230,NYA,ANA,ANA01,20100423,0,7:08PM,night,,,true,,193,44002,unknown,unknown,sunny,62,torf,10,munse701,,,tscht901,davib902,marqa901,timmt901,,,rodnf001,chamj002,fuenb001,regular,4,6,ANA,NYA,y,both,y,y,y,2010
ANA201004240,NYA,ANA,ANA01,20100424,0,1:11PM,day,,,true,,167,43390,unknown,unknown,sunny,68,tocf,6,munse701,,,davib902,marqa901,timmt901,tscht901,,,petta001,pinej001,,regular,7,1,NYA,ANA,y,both,y,y,y,2010
ANA201004250,NYA,ANA,ANA01,20100425,0,12:36PM,day,,,true,,181,42284,unknown,unknown,sunny,70,tolf,5,munse701,,,marqa901,timmt901,tscht901,davib902,,,kazms001,vazqj001,,regular,4,8,ANA,NYA,y,both,y,y,y,2010
ANA201004260,CLE,ANA,ANA01,20100426,0,7:08PM,night,,,true,,199,34837,unknown,unknown,sunny,63,unknown,7,munse701,,,schrp901,drakr901,westj901,herna901,,,weavj003,huffd001,fuenb001,regular,2,5,ANA,CLE,y,both,y,y,y,2010
ANA201004270,CLE,ANA,ANA01,20100427,0,7:07PM,night,,,true,,200,39619,unknown,unknown,cloudy,61,tolf,10,munse701,,,drakr901,westj901,herna901,schrp901,,,talbm001,saunj001,,regular,9,2,CLE,ANA,y,both,y,y,y,2010
ANA201004280,CLE,ANA,ANA01,20100428,0,4:06PM,day,,,true,,170,34190,unknown,unknown,sunny,64,unknown,11,franm701,,,westj901,herna901,schrp901,drakr901,,,fuenb001,smitj002,,regular,3,4,ANA,CLE,y,both,y,y,y,2010
DET201004300,ANA,DET,DET05,20100430,0,7:06PM,night,,,true,,163,31725,unknown,unknown,sunny,81,rtol,21,kleir701,,,rungb901,cedeg901,hicke901,fostm901,,,porcr001,pinej001,,regular,6,10,DET,ANA,y,both,y,y,y,2010
DET201005010,ANA,DET,DET05,20100501,0,1:06PM,day,,,true,,177,31042,unknown,unknown,unknown,67,rtol,18,marod701,,,cedeg901,hicke901,fostm901,rungb901,,,perrr001,shies002,,regular,2,3,DET,ANA,y,both,y,y,y,2010
DET201005020,ANA,DET,DET05,20100502,0,1:06PM,day,,,true,,163,25603,unknown,unknown,unknown,69,rtol,9,marod701,,,hicke901,fostm901,rungb901,cedeg901,,,verlj001,weavj003,,regular,1,5,DET,ANA,y,both,y,y,y,2010
BOS201005030,ANA,BOS,BOS07,20100503,0,7:12PM,night,,,true,,218,37404,unknown,unknown,cloudy,75,torf,13,scogc701,,,hirsj901,hoyej901,bellw901,diazl901,,,buchc001,saunj001,,regular,8,17,BOS,ANA,y,both,y,y,y,2010
BOS201005040,ANA,BOS,BOS07,20100504,0,7:11PM,night,,,true,,176,37411,unknown,unknown,unknown,60,ltor,13,scogc701,,,hoyej901,bellw901,diazl901,hirsj901,,,lestj001,jepsk001,,regular,1,5,BOS,ANA,y,both,y,y,y,2010
BOS201005050,ANA,BOS,BOS07,20100505,0,7:13PM,night,,,true,,153,37601,unknown,unknown,sunny,69,tolf,9,shalm701,,,bellw901,diazl901,hirsj901,hoyej901,,,lackj001,pinej001,papej001,regular,1,3,BOS,ANA,y,both,y,y,y,2010
BOS201005060,ANA,BOS,BOS07,20100506,0,7:12PM,night,,,true,,223,37639,unknown,unknown,cloudy,70,ltor,19,shalm701,,,diazl901,hirsj901,hoyej901,bellw901,,,matsd001,kazms001,,regular,6,11,BOS,ANA,y,both,y,y,y,2010
SEA201005070,ANA,SEA,SEA03,20100507,0,7:10PM,night,,,true,,169,37602,unknown,unknown,sunny,60,ltor,3,radoe701,,,barkl901,rapue901,hallt901,kulpr901,,,weavj003,hernf002,,regular,8,0,ANA,SEA,y,both,y,y,y,2010
SEA201005080,ANA,SEA,SEA03,20100508,0,6:10PM,night,,,true,,208,30446,unknown,unknown,sunny,63,tocf,4,radoe701,,,rapue901,hallt901,kulpr901,barkl901,,,rodnf001,aardd001,fuenb001,regular,4,3,ANA,SEA,y,both,y,y,y,2010
SEA201005090,ANA,SEA,SEA03,20100509,0,1:10PM,day,,,true,,156,28668,unknown,unknown,sunny,58,ltor,5,peted701,,,hallt901,kulpr901,barkl901,rapue901,,,vargj001,sante001,,regular,1,8,SEA,ANA,y,both,y,y,y,2010
ANA201005100,TBA,ANA,ANA01,20100510,0,7:09PM,night,,,true,,244,36798,unknown,unknown,sunny,64,tocf,6,franm701,,,randt901,nauep901,gormb901,barrt901,,,bellt002,balfg001,,regular,4,5,ANA,TBA,y,both,y,y,y,2010
ANA201005110,TBA,ANA,ANA01,20100511,0,7:07PM,night,,,true,,183,39007,unknown,unknown,sunny,64,torf,6,munse701,,,nauep901,gormb901,barrt901,randt901,,,niemj001,kazms001,,regular,7,2,TBA,ANA,y,both,y,y,y,2010
ANA201005120,TBA,ANA,ANA01,20100512,0,4:08PM,day,,,true,,189,35700,unknown,unknown,sunny,70,tolf,10,munse701,,,gormb901,barrt901,randt901,nauep901,,,pricd001,weavj003,sorir001,regular,4,3,TBA,ANA,y,both,y,y,y,2010
ANA201005140,OAK,ANA,ANA01,20100514,0,7:08PM,night,,,true,,125,41290,unknown,unknown,cloudy,64,tocf,10,munse701,,,onorb901,cuzzp901,barrs901,guccc901,,,saunj001,bradd002,,regular,0,4,ANA,OAK,y,both,y,y,y,2010
ANA201005150,OAK,ANA,ANA01,20100515,0,6:08PM,night,,,true,,177,41744,unknown,unknown,sunny,67,tocf,7,munse701,,,cuzzp901,barrs901,guccc901,onorb901,,,sante001,rosst001,,regular,3,12,ANA,OAK,y,both,y,y,y,2010
ANA201005160,OAK,ANA,ANA01,20100516,0,12:37PM,day,,,true,,126,41569,unknown,unknown,unknown,64,tocf,3,munse701,,,barrs901,guccc901,onorb901,cuzzp901,,,pinej001,cahit001,,regular,0,4,ANA,OAK,y,both,y,y,y,2010
TEX201005170,ANA,TEX,ARL02,20100517,0,7:23PM,night,,,true,,153,20210,unknown,unknown,overcast,65,fromrf,13,wells701,,,eddid901,demud901,danlk901,buckc901,,,holld003,kazms001,felin001,regular,3,4,TEX,ANA,y,both,y,y,y,2010
TEX201005180,ANA,TEX,ARL02,20100518,0,7:06PM,night,,,true,,193,22358,unknown,unknown,sunny,81,fromlf,12,schid701,,,demud901,danlk901,buckc901,eddid901,,,odayd001,bellt002,felin001,regular,7,8,TEX,ANA,y,both,y,y,y,2010
CHA201005190,ANA,CHA,CHI12,20100519,0,7:10PM,night,,,true,,146,23271,unknown,unknown,sunny,68,ltor,8,roseb701,,,hudsm901,cousd901,wolfj901,ticht901,,,saunj001,dankj001,fuenb001,regular,3,2,ANA,CHA,y,both,y,y,y,2010
CHA201005200,ANA,CHA,CHI12,20100520,0,7:39PM,night,,,true,,180,23515,unknown,unknown,overcast,64,fromrf,9,roseb701,,,cousd901,wolfj901,ticht901,hudsm901,,,sante001,peavj001,fuenb001,regular,6,5,ANA,CHA,y,both,y,y,y,2010
SLN201005210,ANA,SLN,STL10,20100521,0,7:19PM,night,,,false,,164,44111,unknown,unknown,unknown,69,torf,7,muelg701,,,darlg901,drecb901,emmep901,hohnb901,,,mottj001,pinej001,,regular,5,9,SLN,ANA,y,both,y,y,y,2010
SLN201005220,ANA,SLN,STL10,20100522,0,1:15PM,day,,,false,,183,44091,unknown,unknown,sunny,79,tolf,7,muelg701,,,drecb901,emmep901,hohnb901,darlg901,,,kazms001,lohsk001,,regular,10,7,ANA,SLN,y,both,y,y,y,2010
SLN201005230,ANA,SLN,STL10,20100523,0,1:17PM,day,,,false,,205,42417,unknown,unknown,cloudy,87,tolf,11,durbj701,,,emmep901,hohnb901,darlg901,drecb901,,,franr001,shies002,,regular,5,6,SLN,ANA,y,both,y,y,y,2010
ANA201005240,TOR,ANA,ANA01,20100524,0,7:08PM,night,,,true,,173,35826,unknown,unknown,sunny,64,torf,7,munse701,,,dimum901,welkt901,reynj901,welkb901,,,cecib001,saunj001,,regular,6,0,TOR,ANA,y,both,y,y,y,2010
ANA201005250,TOR,ANA,ANA01,20100525,0,7:08PM,night,,,true,,151,43174,unknown,unknown,cloudy,65,tocf,7,munse701,,,welkt901,reynj901,welkb901,dimum901,,,sante001,romer002,,regular,3,8,ANA,TOR,y,both,y,y,y,2010
ANA201005260,TOR,ANA,ANA01,20100526,0,4:08PM,day,,,true,,182,34504,unknown,unknown,cloudy,68,tocf,11,seebt701,,,reynj901,welkb901,dimum901,welkt901,,,fuenb001,downs001,,regular,5,6,ANA,TOR,y,both,y,y,y,2010
ANA201005280,SEA,ANA,ANA01,20100528,0,7:08PM,night,,,true,,153,41770,unknown,unknown,sunny,66,torf,8,munse701,,,knigb901,gibsg901,holbs901,davig901,,,lee-c003,kazms001,,regular,8,3,SEA,ANA,y,both,y,y,y,2010
ANA201005290,SEA,ANA,ANA01,20100529,0,1:10PM,day,,,true,,175,39382,unknown,unknown,sunny,79,tocf,6,franm701,,,gibsg901,holbs901,davig901,knigb901,,,fuenb001,leagb001,,regular,1,5,ANA,SEA,y,both,y,y,y,2010
ANA201005300,SEA,ANA,ANA01,20100530,0,12:38PM,day,,,true,,218,40017,unknown,unknown,sunny,79,torf,6,munse701,,,holbs901,davig901,knigb901,gibsg901,,,rodnf001,aardd001,,regular,7,9,ANA,SEA,y,both,y,y,y,2010
KCA201005310,ANA,KCA,KAN06,20100531,0,1:10PM,day,,,true,,159,24651,unknown,unknown,sunny,79,ltor,5,boycd701,,,rungb901,wintm901,wendh902,estam901,,,sante001,hochl001,,regular,7,1,ANA,KCA,y,both,y,y,y,2010
KCA201006010,ANA,KCA,KAN06,20100601,0,7:10PM,night,,,true,,134,15139,unknown,unknown,sunny,89,rtol,12,boycd701,,,wintm901,wendh902,estam901,rungb901,,,bannb001,pinej001,sorij001,regular,3,6,KCA,ANA,y,both,y,y,y,2010
KCA201006020,ANA,KCA,KAN06,20100602,0,7:09PM,night,,,true,,174,12718,unknown,unknown,cloudy,76,ltor,5,boycd701,,,wendh902,estam901,rungb901,wintm901,,,kazms001,davik002,,regular,7,2,ANA,KCA,y,both,y,y,y,2010
KCA201006030,ANA,KCA,KAN06,20100603,0,1:10PM,day,,,true,,190,13621,unknown,unknown,sunny,80,ltor,7,boycd701,,,estam901,rungb901,wintm901,wendh902,,,weavj003,greiz001,fuenb001,regular,5,4,ANA,KCA,y,both,y,y,y,2010
SEA201006040,ANA,SEA,SEA03,20100604,0,7:10PM,night,,,true,,165,29230,dry,none,dome,56,torf,1,peted701,,,davib902,marqa901,timmt901,tscht901,,,saunj001,sneli001,,regular,7,1,ANA,SEA,y,both,y,y,y,2010
SEA201006050,ANA,SEA,SEA03,20100605,0,1:10PM,day,,,true,,195,31548,unknown,unknown,sunny,59,torf,5,padud701,,,marqa901,timmt901,tscht901,davib902,,,sante001,olsog003,,regular,11,2,ANA,SEA,y,both,y,y,y,2010
SEA201006060,ANA,SEA,SEA03,20100606,0,1:11PM,day,,,true,,205,33076,unknown,unknown,unknown,58,torf,1,radoe701,,,timmt901,tscht901,davib902,marqa901,,,pinej001,kells001,,regular,9,4,ANA,SEA,y,both,y,y,y,2010
OAK201006070,ANA,OAK,OAK01,20100607,0,7:07PM,night,,,true,,157,10071,unknown,unknown,cloudy,61,tolf,15,santa701,,,coope901,millb901,reilm901,fairc901,,,kazms001,sheeb001,fuenb001,regular,4,2,ANA,OAK,y,both,y,y,y,2010
OAK201006080,ANA,OAK,OAK01,20100608,0,7:07PM,night,,,true,,170,11860,unknown,unknown,cloudy,55,torf,15,dybdc701,,,millb901,reilm901,fairc901,coope901,,,mazzv001,weavj003,,regular,1,10,OAK,ANA,y,both,y,y,y,2010
OAK201006090,ANA,OAK,OAK01,20100609,0,7:09PM,night,,,true,,146,18285,unknown,unknown,sunny,57,torf,21,dybdc701,,,reilm901,fairc901,coope901,millb901,,,saunj001,bradd002,,regular,7,1,ANA,OAK,y,both,y,y,y,2010
OAK201006100,ANA,OAK,OAK01,20100610,0,12:37PM,day,,,true,,147,12328,unknown,unknown,cloudy,66,torf,16,feldd701,,,fairc901,coope901,millb901,reilm901,,,cahit001,sante001,,regular,1,6,OAK,ANA,y,both,y,y,y,2010
LAN201006110,ANA,LAN,LOS03,20100611,0,7:10PM,night,,,false,,165,52407,unknown,unknown,unknown,67,tocf,8,munse701,,,kellj901,nelsj901,carlm901,vanol901,,,pinej001,billc001,,regular,10,1,ANA,LAN,y,both,y,y,y,2010
LAN201006120,ANA,LAN,LOS03,20100612,0,7:11PM,night,,,false,,184,52806,unknown,unknown,sunny,67,tocf,2,hartd701,,,nelsj901,carlm901,vanol901,kellj901,,,kazms001,ely-j001,fuenb001,regular,4,2,ANA,LAN,y,both,y,y,y,2010
LAN201006130,ANA,LAN,LOS03,20100613,0,1:11PM,day,,,false,,205,52776,unknown,unknown,cloudy,75,tocf,8,hartd701,,,carlm901,vanol901,kellj901,nelsj901,,,weavj003,monac001,fuenb001,regular,6,5,ANA,LAN,y,both,y,y,y,2010
ANA201006140,MIL,ANA,ANA01,20100614,0,7:09PM,night,,,true,,183,39289,unknown,unknown,sunny,74,torf,6,franm701,,,diazl901,campa902,hirsj901,hoyej901,,,wolfr001,saunj001,,regular,12,2,MIL,ANA,y,both,y,y,y,2010
ANA201006150,MIL,ANA,ANA01,20100615,0,7:06PM,night,,,true,,168,37484,unknown,unknown,sunny,69,torf,8,munse701,,,campa902,hirsj901,hoyej901,diazl901,,,bushd001,sante001,,regular,7,1,MIL,ANA,y,both,y,y,y,2010
ANA201006160,MIL,ANA,ANA01,20100616,0,4:08PM,day,,,true,,152,37416,unknown,unknown,sunny,72,tocf,8,munse701,,,hirsj901,hoyej901,diazl901,campa902,,,pinej001,narvc001,,regular,1,5,ANA,MIL,y,both,y,y,y,2010
CHN201006180,ANA,CHN,CHI11,20100618,0,1:22PM,day,,,false,,168,39729,unknown,unknown,sunny,88,tocf,10,frisd701,,,hicke901,culbf901,fostm901,cedeg901,,,kazms001,silvc001,rodnf001,regular,7,6,ANA,CHN,y,both,y,y,y,2010
CHN201006190,ANA,CHN,CHI11,20100619,0,12:05PM,day,,,false,,180,40008,unknown,unknown,sunny,82,ltor,11,frisd701,,,culbf901,fostm901,cedeg901,hicke901,,,weavj003,lillt001,,regular,12,0,ANA,CHN,y,both,y,y,y,2010
CHN201006200,ANA,CHN,CHI11,20100620,0,1:21PM,day,,,false,,180,39850,unknown,unknown,sunny,74,rtol,8,speaa701,,,fostm901,cedeg901,hicke901,culbf901,,,zambc001,saunj001,,regular,1,12,CHN,ANA,y,both,y,y,y,2010
ANA201006220,LAN,ANA,ANA01,20100622,0,7:09PM,night,,,true,,172,41595,unknown,unknown,sunny,70,tocf,5,munse701,,,welkb901,dimum901,welkt901,reynj901,,,sante001,kersc001,fuenb001,regular,3,6,ANA,LAN,y,both,y,y,y,2010
ANA201006230,LAN,ANA,ANA01,20100623,0,7:07PM,night,,,true,,151,41001,unknown,unknown,sunny,71,tolf,4,franm701,,,dimum901,welkt901,reynj901,welkb901,,,pinej001,ely-j001,fuenb001,regular,1,2,ANA,LAN,y,both,y,y,y,2010
ANA201006240,LAN,ANA,ANA01,20100624,0,7:08PM,night,,,true,,232,44043,unknown,unknown,sunny,72,tocf,8,munse701,,,welkt901,reynj901,welkb901,dimum901,,,weavj002,kazms001,,regular,10,6,LAN,ANA,y,both,y,y,y,2010
ANA201006250,COL,ANA,ANA01,20100625,0,7:08PM,night,,,true,,241,37228,unknown,unknown,sunny,69,tolf,4,munse701,,,wintm901,laynj901,rungb901,wendh902,,,belim001,rodrf005,corpm001,regular,4,3,COL,ANA,y,both,y,y,y,2010
ANA201006260,COL,ANA,ANA01,20100626,0,7:08PM,night,,,true,,132,39225,unknown,unknown,sunny,69,torf,9,seebt701,,,laynj901,rungb901,wendh902,wintm901,,,saunj001,cooka002,fuenb001,regular,2,4,ANA,COL,y,both,y,y,y,2010
ANA201006270,COL,ANA,ANA01,20100627,0,12:36PM,day,,,true,,173,37314,unknown,unknown,sunny,75,tocf,7,munse701,,,rungb901,wendh902,wintm901,laynj901,,,sante001,chacj001,,regular,3,10,ANA,COL,y,both,y,y,y,2010
ANA201006290,TEX,ANA,ANA01,20100629,0,7:07PM,night,,,true,,183,38514,unknown,unknown,sunny,70,torf,8,munse701,,,drecb901,emmep901,hohnb901,darlg901,,,pinej001,felds001,fuenb001,regular,5,6,ANA,TEX,y,both,y,y,y,2010
ANA201006300,TEX,ANA,ANA01,20100630,0,7:08PM,night,,,true,,184,41867,unknown,unknown,sunny,72,unknown,7,franm701,,,emmep901,hohnb901,darlg901,drecb901,,,nippd001,kazms001,felin001,regular,6,4,TEX,ANA,y,both,y,y,y,2010
ANA201007010,TEX,ANA,ANA01,20100701,0,7:07PM,night,,,true,,175,41162,unknown,unknown,sunny,74,torf,9,munse701,,,hohnb901,darlg901,drecb901,emmep901,,,weavj003,wilsc004,fuenb001,regular,1,2,ANA,TEX,y,both,y,y,y,2010
ANA201007020,KCA,ANA,ANA01,20100702,0,7:08PM,night,,,true,,187,40005,unknown,unknown,sunny,70,tocf,6,seebt701,,,wolfj901,cousd901,joycj901,hudsm901,,,tejer001,shies002,sorij001,regular,2,1,KCA,ANA,y,both,y,y,y,2010
ANA201007030,KCA,ANA,ANA01,20100703,0,6:06PM,night,,,true,,159,39112,unknown,unknown,sunny,70,tocf,12,munse701,,,cousd901,joycj901,hudsm901,wolfj901,,,chenb001,sante001,sorij001,regular,4,2,KCA,ANA,y,both,y,y,y,2010
ANA201007040,KCA,ANA,ANA01,20100704,0,5:12PM,night,,,true,,166,42116,unknown,unknown,sunny,71,tocf,8,munse701,,,joycj901,hudsm901,wolfj901,cousd901,,,pinej001,lerea001,,regular,0,11,ANA,KCA,y,both,y,y,y,2010
CHA201007050,ANA,CHA,CHI12,20100705,0,6:06PM,night,,,true,,169,38092,unknown,unknown,sunny,86,rtol,14,roseb701,,,reilm901,fairc901,coope901,millb901,,,floyg001,kazms001,sants001,regular,2,9,CHA,ANA,y,both,y,y,y,2010
CHA201007060,ANA,CHA,CHI12,20100706,0,8:51PM,night,,,true,,174,21889,unknown,unknown,overcast,75,rtol,8,roseb701,,,fairc901,coope901,millb901,reilm901,,,penat003,weavj003,jenkb001,regular,1,4,CHA,ANA,y,both,y,y,y,2010
CHA201007070,ANA,CHA,CHI12,20100707,0,9:30PM,night,,,true,,168,21135,unknown,unknown,unknown,75,rtol,5,frisd701,,,coope901,millb901,reilm901,fairc901,,,garcf002,saunj001,jenkb001,regular,2,5,CHA,ANA,y,both,y,y,y,2010
CHA201007080,ANA,CHA,CHI12,20100708,0,1:07PM,day,,,true,,110,27734,unknown,unknown,cloudy,79,ltor,5,frisd701,,,millb901,reilm901,fairc901,coope901,,,dankj001,sante001,,regular,0,1,CHA,ANA,y,both,y,y,y,2010
OAK201007090,ANA,OAK,OAK01,20100709,0,7:09PM,night,,,true,,179,13156,unknown,unknown,sunny,59,ltor,12,ducam701,,,nauep901,barrt901,randt901,gormb901,,,jepsk001,baila001,fuenb001,regular,6,5,ANA,OAK,y,both,y,y,y,2010
OAK201007100,ANA,OAK,OAK01,20100710,0,6:07PM,night,,,true,,152,30035,unknown,unknown,sunny,66,fromlf,14,ducam701,,,barrt901,randt901,gormb901,nauep901,,,sheeb001,kazms001,,regular,1,15,OAK,ANA,y,both,y,y,y,2010
OAK201007110,ANA,OAK,OAK01,20100711,0,1:07PM,day,,,true,,163,15164,unknown,unknown,sunny,64,ltor,11,ducam701,,,randt901,gormb901,nauep901,barrt901,,,cahit001,weavj003,baila001,regular,2,5,OAK,ANA,y,both,y,y,y,2010
ANA201007150,SEA,ANA,ANA01,20100715,0,7:08PM,night,,,true,,162,41959,unknown,unknown,unknown,81,torf,9,franm701,,,tscht901,timmt901,davib902,marqa901,,,pinej001,fistd001,,regular,3,8,ANA,SEA,y,both,y,y,y,2010
ANA201007160,SEA,ANA,ANA01,20100716,0,7:07PM,night,,,true,,142,41449,unknown,unknown,cloudy,86,tocf,3,munse701,,,timmt901,davib902,marqa901,tscht901,,,weavj003,hernf002,fuenb001,regular,2,3,ANA,SEA,y,both,y,y,y,2010
ANA201007170,SEA,ANA,ANA01,20100717,0,6:07PM,night,,,true,,156,42977,unknown,unknown,sunny,86,tocf,5,munse701,,,davib902,marqa901,tscht901,timmt901,,,jepsk001,sweeb001,fuenb001,regular,6,7,ANA,SEA,y,both,y,y,y,2010
ANA201007180,SEA,ANA,ANA01,20100718,0,12:37PM,day,,,true,,179,38883,unknown,unknown,sunny,81,tocf,10,munse701,,,marqa901,tscht901,timmt901,davib902,,,leagb001,jepsk001,aardd001,regular,2,1,SEA,ANA,y,both,y,y,y,2010
NYA201007200,ANA,NYA,NYC21,20100720,0,7:11PM,night,,,true,,204,47775,unknown,unknown,cloudy,85,torf,3,shanb701,,,drecb901,emmep901,hohnb901,darlg901,,,osuls001,hughp001,,regular,10,2,ANA,NYA,y,both,y,y,y,2010
NYA201007210,ANA,NYA,NYC21,20100721,0,1:08PM,day,,,true,,187,47521,unknown,unknown,cloudy,88,tolf,9,karph701,,,emmep901,hohnb901,darlg901,drecb901,,,vazqj001,pinej001,,regular,6,10,NYA,ANA,y,both,y,y,y,2010
TEX201007220,ANA,TEX,ARL02,20100722,0,7:06PM,night,,,true,,164,39876,unknown,unknown,cloudy,95,fromrf,7,schid701,,,knigb901,davig901,holbs901,gibsg901,,,lee-c003,weavj003,felin001,regular,2,3,TEX,ANA,y,both,y,y,y,2010
TEX201007230,ANA,TEX,ARL02,20100723,0,7:07PM,night,,,true,,144,46554,unknown,unknown,unknown,78,fromrf,2,wells701,,,davig901,holbs901,gibsg901,knigb901,,,wilsc004,saunj001,felin001,regular,0,1,TEX,ANA,y,both,y,y,y,2010
TEX201007240,ANA,TEX,ARL02,20100724,0,7:33PM,night,,,true,,188,47098,unknown,unknown,cloudy,93,fromrf,6,mocej701,,,holbs901,gibsg901,knigb901,davig901,,,sante001,felds001,,regular,6,2,ANA,TEX,y,both,y,y,y,2010
TEX201007250,ANA,TEX,ARL02,20100725,0,7:08PM,night,,,true,,169,38320,unknown,unknown,cloudy,96,unknown,0,wells701,,,gibsg901,knigb901,davig901,tillc901,,,huntt002,bellt002,felin001,regular,4,6,TEX,ANA,y,both,y,y,y,2010
ANA201007260,BOS,ANA,ANA01,20100726,0,7:07PM,night,,,true,,201,40364,unknown,unknown,sunny,70,torf,6,munse701,,,bellw901,hoyej901,ticht901,diazl901,,,buchc001,hared001,papej001,regular,6,3,BOS,ANA,y,both,y,y,y,2010
ANA201007270,BOS,ANA,ANA01,20100727,0,7:08PM,night,,,true,,184,40120,unknown,unknown,sunny,69,torf,8,munse701,,,hoyej901,ticht901,diazl901,bellw901,,,lackj001,weavj003,papej001,regular,4,2,BOS,ANA,y,both,y,y,y,2010
ANA201007280,BOS,ANA,ANA01,20100728,0,12:38PM,day,,,true,,216,44052,unknown,unknown,sunny,74,tocf,5,munse701,,,ticht901,diazl901,bellw901,hoyej901,,,beckj002,rodnf001,,regular,7,3,BOS,ANA,y,both,y,y,y,2010
ANA201007300,TEX,ANA,ANA01,20100730,0,7:07PM,night,,,true,,181,43024,unknown,unknown,sunny,68,tocf,7,munse701,,,carlm901,kellj901,vanol901,nelsj901,,,sante001,huntt002,fuenb001,regular,7,9,ANA,TEX,y,both,y,y,y,2010
ANA201007310,TEX,ANA,ANA01,20100731,0,6:07PM,night,,,true,,131,41011,unknown,unknown,cloudy,72,tocf,7,munse701,,,kellj901,vanol901,nelsj901,carlm901,,,hardr001,hared001,felin001,regular,2,1,TEX,ANA,y,both,y,y,y,2010
ANA201008010,TEX,ANA,ANA01,20100801,0,12:38PM,day,,,true,,150,41019,unknown,unknown,cloudy,77,tocf,4,munse701,,,vanol901,nelsj901,carlm901,kellj901,,,weavj003,lee-c003,fuenb001,regular,1,4,ANA,TEX,y,both,y,y,y,2010
BAL201008030,ANA,BAL,BAL12,20100803,0,7:07PM,night,,,true,,143,16723,unknown,unknown,unknown,83,ltor,6,hennj701,,,laynj901,wintm901,wendh902,drecb901,,,guthj001,rodrf005,,regular,3,6,BAL,ANA,y,both,y,y,y,2010
BAL201008040,ANA,BAL,BAL12,20100804,0,7:06PM,night,,,true,,202,13467,unknown,unknown,cloudy,93,tocf,6,hennj701,,,wintm901,wendh902,drecb901,laynj901,,,matub001,sante001,simoa001,regular,7,9,BAL,ANA,y,both,y,y,y,2010
BAL201008050,ANA,BAL,BAL12,20100805,0,7:08PM,night,,,true,,172,17362,unknown,unknown,unknown,84,tocf,3,hennj701,,,wendh902,drecb901,laynj901,wintm901,,,berkj001,rodrf005,,regular,4,5,BAL,ANA,y,both,y,y,y,2010
DET201008060,ANA,DET,DET05,20100806,0,7:05PM,night,,,true,,167,35106,unknown,unknown,unknown,79,tolf,13,kleir701,,,kulpr901,barkl901,rapue901,hallt901,,,weavj003,verlj001,fuenb001,regular,4,2,ANA,DET,y,both,y,y,y,2010
DET201008070,ANA,DET,DET05,20100807,0,7:05PM,night,,,true,,169,38783,unknown,unknown,unknown,79,rtol,11,kleir701,,,barkl901,rapue901,hallt901,kulpr901,,,kazms001,bondj001,,regular,10,1,ANA,DET,y,both,y,y,y,2010
DET201008080,ANA,DET,DET05,20100808,0,1:06PM,day,,,true,,171,32037,unknown,unknown,sunny,80,rtol,17,marod701,,,rapue901,hallt901,kulpr901,barkl901,,,porcr001,bellt002,,regular,4,9,DET,ANA,y,both,y,y,y,2010
ANA201008090,KCA,ANA,ANA01,20100809,0,7:07PM,night,,,true,,161,40011,unknown,unknown,sunny,69,tocf,7,franm701,,,hudsm901,cousd901,joycj901,wolfj901,,,sante001,osuls001,fuenb001,regular,4,6,ANA,KCA,y,both,y,y,y,2010
ANA201008100,KCA,ANA,ANA01,20100810,0,7:07PM,night,,,true,,137,43512,unknown,unknown,sunny,71,tocf,7,munse701,,,cousd901,joycj901,wolfj901,hudsm901,,,hared001,bullb001,fuenb001,regular,1,3,ANA,KCA,y,both,y,y,y,2010
ANA201008110,KCA,ANA,ANA01,20100811,0,12:38PM,day,,,true,,174,39093,unknown,unknown,sunny,76,tocf,4,munse701,,,joycj901,wolfj901,hudsm901,cousd901,,,fuenb001,chavj001,,regular,1,2,ANA,KCA,y,both,y,y,y,2010
ANA201008130,TOR,ANA,ANA01,20100813,0,7:08PM,night,,,true,,155,40606,unknown,unknown,sunny,72,tocf,5,seebt701,,,drakr901,westj901,herna901,belld901,,,rzepm001,kazms001,gregk001,regular,3,0,TOR,ANA,y,both,y,y,y,2010
ANA201008140,TOR,ANA,ANA01,20100814,0,6:07PM,night,,,true,,140,42059,unknown,unknown,sunny,75,tocf,4,munse701,,,westj901,herna901,belld901,drakr901,,,sante001,cecib001,,regular,2,7,ANA,TOR,y,both,y,y,y,2010
ANA201008150,TOR,ANA,ANA01,20100815,0,12:38PM,day,,,true,,155,38138,unknown,unknown,sunny,74,torf,6,munse701,,,herna901,belld901,drakr901,westj901,,,romer002,hared001,gregk001,regular,4,1,TOR,ANA,y,both,y,y,y,2010
BOS201008170,ANA,BOS,BOS07,20100817,0,7:11PM,night,,,true,,163,38304,unknown,unknown,unknown,85,torf,9,scogc701,,,onorb901,guccc901,crawj901,cuzzp901,,,buchc001,weavj003,,regular,0,6,BOS,ANA,y,both,y,y,y,2010
BOS201008180,ANA,BOS,BOS07,20100818,0,7:10PM,night,,,true,,191,37779,unknown,unknown,unknown,74,rtol,8,scogc701,,,guccc901,crawj901,cuzzp901,onorb901,,,lackj001,jepsk001,papej001,regular,5,7,BOS,ANA,y,both,y,y,y,2010
BOS201008190,ANA,BOS,BOS07,20100819,0,7:11PM,night,,,true,,186,37641,unknown,unknown,cloudy,78,rtol,9,shalm701,,,crawj901,cuzzp901,onorb901,guccc901,,,sante001,beckj002,,regular,7,2,ANA,BOS,y,both,y,y,y,2010
MIN201008200,ANA,MIN,MIN04,20100820,0,7:11PM,night,,,true,,134,40747,unknown,unknown,overcast,84,tolf,6,wongg701,,,estam901,laynj901,wintm901,wendh902,,,duenb001,hared001,,regular,2,7,MIN,ANA,y,both,y,y,y,2010
MIN201008210,ANA,MIN,MIN04,20100821,0,3:10PM,day,,,true,,206,40966,unknown,unknown,cloudy,80,ltor,3,wongg701,,,laynj901,wintm901,wendh902,estam901,,,rodrf005,slowk001,,regular,9,3,ANA,MIN,y,both,y,y,y,2010
MIN201008220,ANA,MIN,MIN04,20100822,0,7:11PM,night,,,true,,168,40385,unknown,unknown,sunny,86,tolf,12,wongg701,,,wintm901,wendh902,estam901,laynj901,,,bakes002,weavj003,,regular,0,4,MIN,ANA,y,both,y,y,y,2010
ANA201008230,TBA,ANA,ANA01,20100823,0,7:07PM,night,,,true,,188,39127,unknown,unknown,sunny,86,torf,5,munse701,,,demud901,buckc901,danlk901,campa902,,,shiej002,kazms001,sorir001,regular,4,3,TBA,ANA,y,both,y,y,y,2010
ANA201008240,TBA,ANA,ANA01,20100824,0,7:08PM,night,,,true,,191,43577,unknown,unknown,sunny,88,torf,7,franm701,,,buckc901,danlk901,campa902,demud901,,,daviw001,sante001,,regular,10,3,TBA,ANA,y,both,y,y,y,2010
ANA201008250,TBA,ANA,ANA01,20100825,0,12:37PM,day,,,true,,199,37009,unknown,unknown,sunny,91,tocf,5,munse701,,,danlk901,campa902,demud901,buckc901,,,hared001,niemj001,,regular,3,12,ANA,TBA,y,both,y,y,y,2010
ANA201008270,BAL,ANA,ANA01,20100827,0,7:07PM,night,,,true,,132,41037,unknown,unknown,sunny,70,tocf,9,munse701,,,randt901,nauep901,gormb901,barrt901,,,bergb002,bellt002,uehak001,regular,3,1,BAL,ANA,y,both,y,y,y,2010
ANA201008280,BAL,ANA,ANA01,20100828,0,6:06PM,night,,,true,,161,43127,unknown,unknown,sunny,68,tocf,9,munse701,,,nauep901,gormb901,barrt901,randt901,,,millk004,kazms001,,regular,5,0,BAL,ANA,y,both,y,y,y,2010
ANA201008290,BAL,ANA,ANA01,20100829,0,12:37PM,day,,,true,,145,38232,unknown,unknown,cloudy,75,tocf,9,munse701,,,gormb901,barrt901,randt901,nauep901,,,guthj001,weavj003,uehak001,regular,1,0,BAL,ANA,y,both,y,y,y,2010
SEA201008300,ANA,SEA,SEA03,20100830,0,7:10PM,night,,,true,,166,20545,unknown,unknown,sunny,65,ltor,2,peted701,,,reybd901,scotd901,mealj901,barrs901,,,sante001,pauld001,rodnf001,regular,5,3,ANA,SEA,y,both,y,y,y,2010
SEA201008310,ANA,SEA,SEA03,20100831,0,7:10PM,night,,,true,,154,18737,dry,none,dome,61,unknown,0,radoe701,,,scotd901,mealj901,barrs901,reybd901,,,leagb001,jepsk001,aardd001,regular,1,3,SEA,ANA,y,both,y,y,y,2010
SEA201009010,ANA,SEA,SEA03,20100901,0,7:10PM,night,,,true,,159,17515,unknown,unknown,cloudy,67,torf,2,radoe701,,,mealj901,barrs901,reybd901,scotd901,,,bellt002,vargj001,rodnf001,regular,4,2,ANA,SEA,y,both,y,y,y,2010
OAK201009030,ANA,OAK,OAK01,20100903,0,7:07PM,night,,,true,,178,23401,unknown,unknown,sunny,67,torf,12,ducam701,,,johna901,muchm901,porta901,mcclt901,,,gonzg003,kazms001,,regular,0,8,OAK,ANA,y,both,y,y,y,2010
OAK201009040,ANA,OAK,OAK01,20100904,0,1:07PM,day,,,true,,152,14227,unknown,unknown,sunny,68,ltor,10,ducam701,,,muchm901,porta901,mcclt901,johna901,,,cahit001,weavj003,baila001,regular,1,3,OAK,ANA,y,both,y,y,y,2010
OAK201009050,ANA,OAK,OAK01,20100905,0,1:08PM,day,,,true,,184,16413,unknown,unknown,sunny,69,tolf,12,dybdc701,,,porta901,mcclt901,johna901,muchm901,,,sante001,mazzv001,,regular,7,4,ANA,OAK,y,both,y,y,y,2010
ANA201009060,CLE,ANA,ANA01,20100906,0,6:07PM,night,,,true,,175,39107,unknown,unknown,sunny,69,tocf,8,seebt701,,,belld901,drakr901,westj901,herna901,,,lewij003,rodnf001,perec002,regular,3,2,CLE,ANA,y,both,y,y,y,2010
ANA201009070,CLE,ANA,ANA01,20100907,0,7:09PM,night,,,true,,187,38619,unknown,unknown,cloudy,66,torf,5,franm701,,,drakr901,westj901,herna901,belld901,,,mastj001,bellt002,,regular,6,1,CLE,ANA,y,both,y,y,y,2010
ANA201009080,CLE,ANA,ANA01,20100908,0,4:06PM,day,,,true,,297,37857,unknown,unknown,unknown,71,tocf,8,franm701,,,westj901,herna901,belld901,drakr901,,,palmm001,ambrh001,,regular,3,4,ANA,CLE,y,both,y,y,y,2010
ANA201009100,SEA,ANA,ANA01,20100910,0,7:08PM,night,,,true,,235,42203,unknown,unknown,sunny,70,tocf,6,munse701,,,nelsj901,carlm901,kellj901,vanol901,,,thomr006,sweeb001,,regular,3,4,ANA,SEA,y,both,y,y,y,2010
ANA201009110,SEA,ANA,ANA01,20100911,0,6:07PM,night,,,true,,164,39123,unknown,unknown,sunny,72,tocf,5,munse701,,,carlm901,kellj901,vanol901,nelsj901,,,sante001,hernf002,rodnf001,regular,4,7,ANA,SEA,y,both,y,y,y,2010
ANA201009120,SEA,ANA,ANA01,20100912,0,12:37PM,day,,,true,,147,42357,unknown,unknown,sunny,70,torf,3,munse701,,,kellj901,vanol901,nelsj901,carlm901,,,hared001,vargj001,rodnf001,regular,0,3,ANA,SEA,y,both,y,y,y,2010
CLE201009140,ANA,CLE,CLE08,20100914,0,7:05PM,night,,,true,,163,15734,unknown,unknown,sunny,66,ltor,12,maveb701,,,barrs901,tscht901,davib902,marqa901,,,tomlj001,kazms001,perec002,regular,3,4,CLE,ANA,y,both,y,y,y,2010
CLE201009150,ANA,CLE,CLE08,20100915,0,7:06PM,night,,,true,,134,10183,unknown,unknown,unknown,64,fromrf,9,brosc701,,,tscht901,davib902,marqa901,barrs901,,,weavj003,gomej002,,regular,7,0,ANA,CLE,y,both,y,y,y,2010
CLE201009160,ANA,CLE,CLE08,20100916,0,7:14PM,night,,,true,,194,14000,unknown,unknown,overcast,65,torf,11,brosc701,,,davib902,marqa901,barrs901,tscht901,,,perer002,cassb001,,regular,2,3,CLE,ANA,y,both,y,y,y,2010
TBA201009170,ANA,TBA,STP01,20100917,0,7:11PM,night,,,true,,185,23215,unknown,unknown,dome,72,unknown,0,mathb701,,,cuzzp901,onorb901,guccc901,crawj901,,,kohnm001,wheed001,rodnf001,regular,4,3,ANA,TBA,y,both,y,y,y,2010
TBA201009180,ANA,TBA,STP01,20100918,0,7:10PM,night,,,true,,194,31896,unknown,unknown,dome,72,unknown,0,mathb701,,,onorb901,guccc901,crawj901,cuzzp901,,,sorir001,cassb001,,regular,3,4,TBA,ANA,y,both,y,y,y,2010
TBA201009190,ANA,TBA,STP01,20100919,0,1:41PM,day,,,true,,194,25794,unknown,unknown,dome,72,unknown,0,mathb701,,,guccc901,crawj901,cuzzp901,onorb901,,,kazms001,niemj001,waldj001,regular,6,3,ANA,TBA,y,both,y,y,y,2010
ANA201009200,TEX,ANA,ANA01,20100920,0,7:07PM,night,,,true,,199,41404,unknown,unknown,sunny,67,tocf,7,munse701,,,reynj901,welkb901,dimum901,welkt901,,,weavj003,holld003,rodnf001,regular,4,7,ANA,TEX,y,both,y,y,y,2010
ANA201009210,TEX,ANA,ANA01,20100921,0,7:06PM,night,,,true,,132,41707,unknown,unknown,unknown,67,tocf,7,franm701,,,welkb901,dimum901,welkt901,reynj901,,,sante001,lewic001,,regular,0,2,ANA,TEX,y,both,y,y,y,2010
ANA201009220,TEX,ANA,ANA01,20100922,0,7:07PM,night,,,true,,216,41222,unknown,unknown,unknown,66,unknown,4,munse701,,,dimum901,welkt901,reynj901,welkb901,,,harrm001,palmm001,felin001,regular,2,1,TEX,ANA,y,both,y,y,y,2010
ANA201009240,CHA,ANA,ANA01,20100924,0,7:08PM,night,,,true,,151,41046,unknown,unknown,sunny,79,tocf,5,franm701,,,reilm901,millb901,fairc901,coope901,,,thorm001,rodnf001,,regular,2,1,CHA,ANA,y,both,y,y,y,2010
ANA201009250,CHA,ANA,ANA01,20100925,0,6:07PM,night,,,true,,157,40758,unknown,unknown,sunny,85,tocf,5,munse701,,,millb901,fairc901,coope901,reilm901,,,dankj001,kazms001,,regular,6,2,CHA,ANA,y,both,y,y,y,2010
ANA201009260,CHA,ANA,ANA01,20100926,0,12:38PM,day,,,true,,166,42686,unknown,unknown,sunny,94,ltor,2,munse701,,,fairc901,coope901,reilm901,millb901,,,penat003,weavj003,thorm001,regular,4,3,CHA,ANA,y,both,y,y,y,2010
ANA201009270,OAK,ANA,ANA01,20100927,0,7:07PM,night,,,true,,191,40414,unknown,unknown,sunny,96,tocf,4,munse701,,,buckc901,danlk901,eddid901,demud901,,,kohnm001,ziegb001,rodnf001,regular,5,6,ANA,OAK,y,both,y,y,y,2010
ANA201009280,OAK,ANA,ANA01,20100928,0,7:07PM,night,,,true,,150,43163,unknown,unknown,unknown,78,tocf,4,munse701,,,danlk901,eddid901,demud901,buckc901,,,hared001,bradd002,rodnf001,regular,2,4,ANA,OAK,y,both,y,y,y,2010
ANA201009290,OAK,ANA,ANA01,20100929,0,12:36PM,day,,,true,,200,39199,unknown,unknown,cloudy,88,tocf,6,munse701,,,eddid901,demud901,buckc901,danlk901,,,cassb001,ziegb001,,regular,1,2,ANA,OAK,y,both,y,y,y,2010
TEX201009300,ANA,TEX,ARL02,20100930,0,7:07PM,night,,,true,,154,33228,unknown,unknown,sunny,84,torf,7,schid701,,,barkl901,rapue901,hallt901,rippm901,,,odayd001,waldj001,felin001,regular,2,3,TEX,ANA,y,both,y,y,y,2010
TEX201010010,ANA,TEX,ARL02,20101001,0,7:07PM,night,,,true,,206,43149,unknown,unknown,sunny,79,unknown,0,mocej701,,,rapue901,hallt901,rippm901,barkl901,,,thomr006,harrm001,kohnm001,regular,5,4,ANA,TEX,y,both,y,y,y,2010
TEX201010020,ANA,TEX,ARL02,20101002,0,7:08PM,night,,,true,,181,45893,unknown,unknown,sunny,79,torf,10,schid701,,,hallt901,rippm901,barkl901,rapue901,,,wilsc004,sante001,felin001,regular,2,6,TEX,ANA,y,both,y,y,y,2010
TEX201010030,ANA,TEX,ARL02,20101003,0,2:09PM,day,,,true,,149,45446,unknown,unknown,sunny,65,torf,2,wells701,,,rippm901,barkl901,rapue901,hallt901,,,hared001,nippd001,,regular,6,2,ANA,TEX,y,both,y,y,y,2010
KCA201103310,ANA,KCA,KAN06,20110331,0,3:12PM,day,,,true,,195,40055,unknown,unknown,overcast,45,rtol,6,blacd701,,,demud901,danlk901,nauep901,eddid901,,,weavj003,hochl001,rodnf001,regular,4,2,ANA,KCA,y,both,y,y,y,2011
KCA201104010,ANA,KCA,KAN06,20110401,0,7:10PM,night,,,true,,143,13302,unknown,unknown,cloudy,62,ltor,17,blacd701,,,danlk901,nauep901,eddid901,demud901,,,sorij001,kohnm001,,regular,1,2,KCA,ANA,y,both,y,y,y,2011
KCA201104020,ANA,KCA,KAN06,20110402,0,12:10PM,day,,,true,,165,17328,unknown,unknown,cloudy,52,rtol,5,blacd701,,,nauep901,eddid901,demud901,danlk901,,,crowa001,jepsk001,sorij001,regular,4,5,KCA,ANA,y,both,y,y,y,2011
KCA201104030,ANA,KCA,KAN06,20110403,0,1:10PM,day,,,true,,286,14085,unknown,unknown,cloudy,79,unknown,27,blacd701,,,eddid901,demud901,danlk901,nauep901,,,collt001,bulgj001,,regular,9,12,KCA,ANA,y,both,y,y,y,2011
TBA201104050,ANA,TBA,STP01,20110405,0,6:40PM,night,,,true,,166,13173,unknown,unknown,dome,72,unknown,0,mathb701,,,ticht901,davig901,holbs901,gibsg901,,,weavj003,niemj001,waldj001,regular,5,3,ANA,TBA,y,both,y,y,y,2011
TBA201104060,ANA,TBA,STP01,20110406,0,1:10PM,day,,,true,,170,11836,unknown,unknown,dome,72,unknown,0,fergj701,,,davig901,holbs901,gibsg901,ticht901,,,hared001,hellj001,,regular,5,1,ANA,TBA,y,both,y,y,y,2011
ANA201104080,TOR,ANA,ANA01,20110408,0,7:07PM,night,,,true,,155,43853,unknown,unknown,unknown,54,tocf,9,munse701,,,davib902,wendh902,knigb901,laynj901,,,doteo001,sante001,raucj001,regular,3,2,TOR,ANA,y,both,y,y,y,2011
ANA201104090,TOR,ANA,ANA01,20110409,0,6:07PM,night,,,true,,303,43513,unknown,unknown,unknown,56,tocf,11,munse701,,,wendh902,knigb901,laynj901,davib902,,,hared001,raucj001,,regular,5,6,ANA,TOR,y,both,y,y,y,2011
ANA201104100,TOR,ANA,ANA01,20110410,0,12:36PM,day,,,true,,168,43525,unknown,unknown,sunny,62,torf,5,munse701,,,knigb901,laynj901,davib902,wendh902,,,weavj003,reyej003,rodnf001,regular,1,3,ANA,TOR,y,both,y,y,y,2011
ANA201104110,CLE,ANA,ANA01,20110411,0,7:07PM,night,,,true,,145,32864,unknown,unknown,sunny,64,tolf,5,munse701,,,mcclt901,barrt901,rungb901,hudsm901,,,talbm001,chatt001,,regular,4,0,CLE,ANA,y,both,y,y,y,2011
ANA201104120,CLE,ANA,ANA01,20110412,0,7:06PM,night,,,true,,135,43529,unknown,unknown,sunny,63,tocf,8,seebt701,,,barrt901,rungb901,hudsm901,mcclt901,,,hared001,carmf001,,regular,0,2,ANA,CLE,y,both,y,y,y,2011
ANA201104130,CLE,ANA,ANA01,20110413,0,4:06PM,day,,,true,,196,31049,unknown,unknown,cloudy,64,torf,9,franm701,,,rungb901,muchm901,mcclt901,barrt901,,,takah001,durbc001,,regular,3,4,ANA,CLE,y,both,y,y,y,2011
CHA201104150,ANA,CHA,CHI12,20110415,0,7:11PM,night,,,true,,173,20103,unknown,unknown,overcast,43,fromlf,21,roseb701,,,millb901,cuzzp901,porta901,hallt901,,,weavj003,humbp001,waldj001,regular,4,3,ANA,CHA,y,both,y,y,y,2011
CHA201104160,ANA,CHA,CHI12,20110416,0,5:20PM,night,,,true,,155,21250,unknown,unknown,overcast,39,tocf,23,frisd701,,,cuzzp901,porta901,hallt901,millb901,,,chatt001,floyg001,,regular,7,2,ANA,CHA,y,both,y,y,y,2011
CHA201104170,ANA,CHA,CHI12,20110417,0,1:10PM,day,,,true,,160,23458,unknown,unknown,cloudy,55,rtol,19,roseb701,,,porta901,hallt901,millb901,cuzzp901,,,hared001,buehm001,waldj001,regular,4,2,ANA,CHA,y,both,y,y,y,2011
TEX201104180,ANA,TEX,ARL02,20110418,0,7:05PM,night,,,true,,171,30799,unknown,unknown,sunny,91,rtol,12,wells701,,,iassd901,scotd901,tumpj901,buckc901,,,wilsc004,sante001,,regular,1,7,TEX,ANA,y,both,y,y,y,2011
TEX201104190,ANA,TEX,ARL02,20110419,0,7:16PM,night,,,true,,191,22450,unknown,unknown,unknown,70,fromcf,4,schid701,,,scotd901,tumpj901,buckc901,iassd901,,,palmm001,lewic001,,regular,15,4,ANA,TEX,y,both,y,y,y,2011
TEX201104200,ANA,TEX,ARL02,20110420,0,7:06PM,night,,,true,,164,31967,unknown,unknown,unknown,62,ltor,10,wells701,,,tumpj901,buckc901,iassd901,scotd901,,,weavj003,harrm001,,regular,4,1,ANA,TEX,y,both,y,y,y,2011
ANA201104210,BOS,ANA,ANA01,20110421,0,7:07PM,night,,,true,,230,37003,unknown,unknown,cloudy,62,tocf,8,franm701,,,gormb901,vanol901,randt901,belld901,,,jenkb001,thomr006,papej001,regular,4,2,BOS,ANA,y,both,y,y,y,2011
ANA201104220,BOS,ANA,ANA01,20110422,0,7:08PM,night,,,true,,196,39005,unknown,unknown,cloudy,63,tocf,9,munse701,,,vanol901,randt901,belld901,gormb901,,,lestj001,hared001,papej001,regular,4,3,BOS,ANA,y,both,y,y,y,2011
ANA201104230,BOS,ANA,ANA01,20110423,0,6:07PM,night,,,true,,156,40025,unknown,unknown,sunny,64,unknown,7,munse701,,,randt901,belld901,gormb901,vanol901,,,matsd001,sante001,,regular,5,0,BOS,ANA,y,both,y,y,y,2011
ANA201104240,BOS,ANA,ANA01,20110424,0,12:40PM,day,,,true,,175,35107,wet,drizzle,unknown,61,tocf,6,munse701,,,belld901,gormb901,vanol901,randt901,,,lackj001,palmm001,,regular,7,0,BOS,ANA,y,both,y,y,y,2011
ANA201104250,OAK,ANA,ANA01,20110425,0,7:08PM,night,,,true,,140,37115,unknown,unknown,sunny,68,tocf,5,munse701,,,coope901,carlm901,timmt901,kellj901,,,weavj003,gonzg003,,regular,0,5,ANA,OAK,y,both,y,y,y,2011
ANA201104260,OAK,ANA,ANA01,20110426,0,7:07PM,night,,,true,,162,37228,unknown,unknown,sunny,69,torf,5,seebt701,,,carlm901,timmt901,kellj901,coope901,,,chatt001,mccab001,,regular,3,8,ANA,OAK,y,both,y,y,y,2011
ANA201104270,OAK,ANA,ANA01,20110427,0,4:08PM,day,,,true,,177,37247,unknown,unknown,sunny,82,tocf,9,franm701,,,timmt901,kellj901,coope901,carlm901,,,fuenb001,waldj001,ziegb001,regular,2,1,OAK,ANA,y,both,y,y,y,2011
TBA201104290,ANA,TBA,STP01,20110429,0,7:10PM,night,,,true,,203,21791,unknown,unknown,dome,72,unknown,0,fergj701,,,hallt901,cuzzp901,porta901,hoyej901,,,sante001,pricd001,waldj001,regular,8,5,ANA,TBA,y,both,y,y,y,2011
TBA201104300,ANA,TBA,STP01,20110430,0,1:12PM,day,,,true,,168,20245,unknown,unknown,dome,72,unknown,0,fergj701,,,cuzzp901,porta901,hoyej901,hallt901,,,peraj002,rodnf001,,regular,1,2,TBA,ANA,y,both,y,y,y,2011
TBA201105010,ANA,TBA,STP01,20110501,0,1:41PM,day,,,true,,184,16248,unknown,unknown,dome,72,unknown,0,fergj701,,,porta901,hoyej901,hallt901,cuzzp901,,,thomr006,peraj002,waldj001,regular,6,5,ANA,TBA,y,both,y,y,y,2011
BOS201105020,ANA,BOS,BOS07,20110502,0,7:12PM,night,,,true,,209,37017,unknown,unknown,cloudy,58,rtol,13,shalm701,,,barrs901,hirsj901,bellw901,diazl901,,,buchc001,weavj003,,regular,5,9,BOS,ANA,y,both,y,y,y,2011
BOS201105030,ANA,BOS,BOS07,20110503,0,7:09PM,night,,,true,,161,37043,unknown,unknown,unknown,64,tolf,13,scogc701,,,hirsj901,bellw901,diazl901,barrs901,,,lestj001,hared001,,regular,3,7,BOS,ANA,y,both,y,y,y,2011
BOS201105040,ANA,BOS,BOS07,20110504,0,7:10PM,night,,,true,,300,37037,wet,drizzle,unknown,57,fromlf,5,shalm701,,,bellw901,diazl901,barrs901,hirsj901,,,bellt002,matsd001,,regular,5,3,ANA,BOS,y,both,y,y,y,2011
BOS201105050,ANA,BOS,BOS07,20110505,0,1:37PM,day,,,true,,190,37013,unknown,unknown,unknown,53,ltor,17,shalm701,,,diazl901,barrs901,hirsj901,bellw901,,,pinej001,lackj001,,regular,11,0,ANA,BOS,y,both,y,y,y,2011
ANA201105060,CLE,ANA,ANA01,20110506,0,7:09PM,night,,,true,,178,36447,unknown,unknown,sunny,67,torf,9,munse701,,,demud901,danlk901,nauep901,eddid901,,,rodnf001,germj001,,regular,1,2,ANA,CLE,y,both,y,y,y,2011
ANA201105070,CLE,ANA,ANA01,20110507,0,6:08PM,night,,,true,,180,37684,unknown,unknown,unknown,65,tocf,11,seebt701,,,danlk901,nauep901,eddid901,demud901,,,whita001,weavj003,perec002,regular,4,3,CLE,ANA,y,both,y,y,y,2011
ANA201105080,CLE,ANA,ANA01,20110508,0,12:37PM,day,,,true,,170,40124,unknown,unknown,unknown,65,torf,10,munse701,,,nauep901,eddid901,demud901,danlk901,,,rodnf001,smitj002,waldj001,regular,5,6,ANA,CLE,y,both,y,y,y,2011
ANA201105090,CHA,ANA,ANA01,20110509,0,7:07PM,night,,,true,,149,38561,unknown,unknown,cloudy,59,tocf,5,franm701,,,gormb901,randt901,belld901,vanol901,,,jacke001,sante001,,regular,8,0,CHA,ANA,y,both,y,y,y,2011
ANA201105100,CHA,ANA,ANA01,20110510,0,7:07PM,night,,,true,,152,40128,unknown,unknown,sunny,65,torf,10,seebt701,,,randt901,belld901,vanol901,gormb901,,,pinej001,dankj001,,regular,2,6,ANA,CHA,y,both,y,y,y,2011
ANA201105110,CHA,ANA,ANA01,20110511,0,7:08PM,night,,,true,,193,39151,unknown,unknown,sunny,65,tocf,3,munse701,,,belld901,vanol901,gormb901,randt901,,,sants001,jepsk001,thorm001,regular,6,4,CHA,ANA,y,both,y,y,y,2011
TEX201105130,ANA,TEX,ARL02,20110513,0,7:08PM,night,,,true,,151,45995,unknown,unknown,sunny,75,unknown,9,ruddw701,,,hallt901,hoyej901,cuzzp901,campa902,,,ogana001,weavj003,felin001,regular,1,4,TEX,ANA,y,both,y,y,y,2011
TEX201105140,ANA,TEX,ARL02,20110514,0,3:09PM,day,,,true,,172,47663,unknown,unknown,sunny,65,torf,3,schid701,,,hoyej901,cuzzp901,campa902,muchm901,,,downs001,olivd001,waldj001,regular,3,2,ANA,TEX,y,both,y,y,y,2011
TEX201105150,ANA,TEX,ARL02,20110515,0,2:07PM,day,,,true,,194,48284,unknown,unknown,sunny,69,torf,3,wells701,,,cuzzp901,campa902,muchm901,hoyej901,,,lowem002,thomr006,felin001,regular,4,5,TEX,ANA,y,both,y,y,y,2011
OAK201105160,ANA,OAK,OAK01,20110516,0,8:30PM,night,,,true,,187,11061,wet,rain,unknown,50,tolf,9,dybdc701,,,mcclt901,hudsm901,barrt901,rungb901,,,balfg001,rodnf001,,regular,4,5,OAK,ANA,y,both,y,y,y,2011
OAK201105170,ANA,OAK,OAK01,20110517,0,7:47PM,night,,,true,,164,12190,unknown,unknown,overcast,53,fromlf,13,ducam701,,,hudsm901,barrt901,rungb901,mcclt901,,,gonzg003,chatt001,,regular,0,14,OAK,ANA,y,both,y,y,y,2011
SEA201105180,ANA,SEA,SEA03,20110518,0,7:10PM,night,,,true,,170,16992,unknown,unknown,sunny,65,fromlf,2,peted701,,,scotd901,mealj901,tumpj901,buckc901,,,vargj001,weavj003,leagb001,regular,0,3,SEA,ANA,y,both,y,y,y,2011
SEA201105190,ANA,SEA,SEA03,20110519,0,12:39PM,day,,,true,,131,18374,unknown,unknown,sunny,58,ltor,4,padud701,,,mealj901,tumpj901,buckc901,scotd901,,,pauld001,downs001,,regular,1,2,SEA,ANA,y,both,y,y,y,2011
ANA201105200,ATL,ANA,ANA01,20110520,0,7:08PM,night,,,true,,148,40211,unknown,unknown,sunny,66,torf,6,munse701,,,knigb901,laynj901,davib902,reybd901,,,sante001,hudst001,,regular,0,9,ANA,ATL,y,both,y,y,y,2011
ANA201105210,ATL,ANA,ANA01,20110521,0,7:06PM,night,,,true,,237,43511,unknown,unknown,sunny,63,tolf,6,munse701,,,laynj901,davib902,reybd901,knigb901,,,procs001,bellt002,kimbc001,regular,5,4,ATL,ANA,y,both,y,y,y,2011
ANA201105220,ATL,ANA,ANA01,20110522,0,12:37PM,day,,,true,,157,40098,unknown,unknown,unknown,65,tocf,8,munse701,,,davib902,reybd901,knigb901,laynj901,,,chatt001,lowed001,waldj001,regular,1,4,ANA,ATL,y,both,y,y,y,2011
ANA201105230,OAK,ANA,ANA01,20110523,0,7:08PM,night,,,true,,165,36215,unknown,unknown,cloudy,63,tocf,7,franm701,,,danlk901,carav901,blasc901,nauep901,,,downs001,fuenb001,waldj001,regular,1,4,ANA,OAK,y,both,y,y,y,2011
ANA201105240,OAK,ANA,ANA01,20110524,0,7:07PM,night,,,true,,154,39117,unknown,unknown,sunny,66,tocf,8,seebt701,,,carav901,blasc901,nauep901,danlk901,,,moscg001,hared001,,regular,6,1,OAK,ANA,y,both,y,y,y,2011
ANA201105250,OAK,ANA,ANA01,20110525,0,7:06PM,night,,,true,,156,40253,unknown,unknown,sunny,67,tocf,7,muelg701,,,blasc901,nauep901,danlk901,carav901,,,sante001,cahit001,waldj001,regular,1,4,ANA,OAK,y,both,y,y,y,2011
ANA201105260,OAK,ANA,ANA01,20110526,0,12:37PM,day,,,true,,160,33412,unknown,unknown,cloudy,69,tocf,9,munse701,,,nauep901,danlk901,carav901,blasc901,,,andeb004,pinej001,,regular,4,3,OAK,ANA,y,both,y,y,y,2011
MIN201105270,ANA,MIN,MIN04,20110527,0,7:11PM,night,,,true,,201,38976,unknown,unknown,overcast,53,rtol,10,thors701,,,dimum901,reynj901,welkt901,fleta901,,,downs001,hoeyj001,waldj001,regular,6,5,ANA,MIN,y,both,y,y,y,2011
MIN201105280,ANA,MIN,MIN04,20110528,0,6:16PM,night,,,true,,163,39824,unknown,unknown,cloudy,65,tolf,8,thors701,,,reynj901,welkt901,fleta901,dimum901,,,burna002,takah001,,regular,0,1,MIN,ANA,y,both,y,y,y,2011
MIN201105290,ANA,MIN,MIN04,20110529,0,1:15PM,day,,,true,,176,39867,unknown,unknown,overcast,63,rtol,5,wongg701,,,welkt901,fleta901,dimum901,reynj901,,,hared001,pavac001,waldj001,regular,6,5,ANA,MIN,y,both,y,y,y,2011
KCA201105300,ANA,KCA,KAN06,20110530,0,3:10PM,day,,,true,,195,24406,unknown,unknown,overcast,80,rtol,15,boycd701,,,johna901,culbf901,cedeg901,barkl901,,,jepsk001,sorij001,rodnf001,regular,10,8,ANA,KCA,y,both,y,y,y,2011
KCA201105310,ANA,KCA,KAN06,20110531,0,7:10PM,night,,,true,,156,14174,unknown,unknown,sunny,81,unknown,0,boycd701,,,culbf901,cedeg901,barkl901,johna901,,,franj003,pinej001,,regular,3,7,KCA,ANA,y,both,y,y,y,2011
KCA201106010,ANA,KCA,KAN06,20110601,0,3:11PM,day,,,true,,160,12022,unknown,unknown,overcast,83,rtol,4,boycd701,,,cedeg901,barkl901,porta901,culbf901,,,collt001,downs001,,regular,0,2,KCA,ANA,y,both,y,y,y,2011
ANA201106030,NYA,ANA,ANA01,20110603,0,7:09PM,night,,,true,,169,42521,unknown,unknown,cloudy,66,torf,8,munse701,,,estam901,fostm901,welkb901,tscht901,,,weavj003,novai001,waldj001,regular,2,3,ANA,NYA,y,both,y,y,y,2011
ANA201106040,NYA,ANA,ANA01,20110604,0,6:07PM,night,,,true,,155,43619,unknown,unknown,sunny,65,tocf,10,munse701,,,fostm901,welkb901,tscht901,estam901,,,sabac001,sante001,rivem002,regular,3,2,NYA,ANA,y,both,y,y,y,2011
ANA201106050,NYA,ANA,ANA01,20110605,0,12:36PM,day,,,true,,200,43524,unknown,unknown,sunny,73,tocf,6,munse701,,,welkb901,tscht901,estam901,tumpj901,,,colob001,pinej001,rivem002,regular,5,3,NYA,ANA,y,both,y,y,y,2011
ANA201106060,TBA,ANA,ANA01,20110606,0,7:09PM,night,,,true,,148,32287,unknown,unknown,sunny,67,torf,8,munse701,,,bellw901,diazl901,barrs901,hirsj901,,,pricd001,chatt001,,regular,5,1,TBA,ANA,y,both,y,y,y,2011
ANA201106070,TBA,ANA,ANA01,20110607,0,7:07PM,night,,,true,,158,38833,unknown,unknown,sunny,65,tocf,8,franm701,,,diazl901,barrs901,hirsj901,bellw901,,,cobba001,hared001,farnk001,regular,4,1,TBA,ANA,y,both,y,y,y,2011
ANA201106080,TBA,ANA,ANA01,20110608,0,7:07PM,night,,,true,,196,33157,unknown,unknown,sunny,65,torf,10,munse701,,,barrs901,hirsj901,bellw901,diazl901,,,cruzj005,rodnf001,farnk001,regular,4,3,TBA,ANA,y,both,y,y,y,2011
ANA201106100,KCA,ANA,ANA01,20110610,0,7:08PM,night,,,true,,161,38254,unknown,unknown,sunny,65,tocf,7,munse701,,,ticht901,davig901,gibsg901,holbs901,,,franj003,sante001,sorij001,regular,4,2,KCA,ANA,y,both,y,y,y,2011
ANA201106110,KCA,ANA,ANA01,20110611,0,6:06PM,night,,,true,,188,38911,unknown,unknown,sunny,67,tocf,6,munse701,,,davig901,gibsg901,holbs901,ticht901,,,downs001,collt001,waldj001,regular,5,7,ANA,KCA,y,both,y,y,y,2011
ANA201106120,KCA,ANA,ANA01,20110612,0,12:38PM,day,,,true,,178,39114,unknown,unknown,unknown,66,torf,9,munse701,,,gibsg901,holbs901,ticht901,davig901,,,mazzv001,chatt001,,regular,9,0,KCA,ANA,y,both,y,y,y,2011
SEA201106130,ANA,SEA,SEA03,20110613,0,7:10PM,night,,,true,,166,20238,unknown,unknown,cloudy,62,tolf,6,radoe701,,,fairc901,westj901,herna901,campa902,,,hared001,vargj001,waldj001,regular,6,3,ANA,SEA,y,both,y,y,y,2011
SEA201106140,ANA,SEA,SEA03,20110614,0,7:10PM,night,,,true,,142,17634,unknown,unknown,unknown,58,fromcf,2,radoe701,,,westj901,herna901,campa902,fairc901,,,weavj003,fistd001,,regular,4,0,ANA,SEA,y,both,y,y,y,2011
SEA201106150,ANA,SEA,SEA03,20110615,0,7:10PM,night,,,true,,167,19321,unknown,unknown,cloudy,61,ltor,3,radoe701,,,herna901,campa902,fairc901,westj901,,,bedae001,sante001,leagb001,regular,1,3,SEA,ANA,y,both,y,y,y,2011
NYN201106170,ANA,NYN,NYC20,20110617,0,7:43PM,night,,,false,,167,29513,unknown,unknown,unknown,66,fromrf,4,sprej701,,,guccc901,wintm901,everm901,muchm901,,,pinej001,capuc001,waldj001,regular,4,3,ANA,NYN,y,both,y,y,y,2011
NYN201106180,ANA,NYN,NYC20,20110618,0,7:11PM,night,,,false,,147,31538,unknown,unknown,unknown,78,tolf,11,sprej701,,,wintm901,everm901,muchm901,guccc901,,,pelfm001,hared001,,regular,1,6,NYN,ANA,y,both,y,y,y,2011
NYN201106190,ANA,NYN,NYC20,20110619,0,1:11PM,day,,,false,,168,36213,unknown,unknown,unknown,76,rtol,5,sprej701,,,everm901,muchm901,guccc901,wintm901,,,chatt001,niesj001,,regular,7,3,ANA,NYN,y,both,y,y,y,2011
FLO201106200,ANA,FLO,MIA01,20110620,0,8:53PM,night,,,false,,167,16984,unknown,unknown,unknown,76,rtol,6,jernr701,,,belld901,randt901,vanol901,gormb901,,,weavj003,cishs001,waldj001,regular,2,1,ANA,FLO,y,both,y,y,y,2011
FLO201106210,ANA,FLO,MIA01,20110621,0,7:10PM,night,,,false,,196,17344,unknown,unknown,sunny,88,fromrf,11,mccac701,,,randt901,vanol901,gormb901,belld901,,,vazqj001,sante001,nunel001,regular,2,5,FLO,ANA,y,both,y,y,y,2011
FLO201106220,ANA,FLO,MIA01,20110622,0,7:11PM,night,,,false,,208,19721,unknown,unknown,cloudy,89,fromrf,13,jernr701,,,vanol901,gormb901,belld901,randt901,,,waldj001,badeb001,kohnm001,regular,6,5,ANA,FLO,y,both,y,y,y,2011
LAN201106240,ANA,LAN,LOS03,20110624,0,7:15PM,night,,,false,,183,43640,unknown,unknown,sunny,69,tocf,7,hartd701,,,millb901,conrc901,hallt901,cuzzp901,,,hared001,delar003,,regular,8,3,ANA,LAN,y,both,y,y,y,2011
LAN201106250,ANA,LAN,LOS03,20110625,0,1:13PM,day,,,false,,177,41108,unknown,unknown,sunny,77,unknown,3,munse701,,,conrc901,hallt901,cuzzp901,millb901,,,chatt001,kuroh001,,regular,6,1,ANA,LAN,y,both,y,y,y,2011
LAN201106260,ANA,LAN,LOS03,20110626,0,1:10PM,day,,,false,,170,43104,unknown,unknown,sunny,80,tocf,4,hartd701,,,hallt901,cuzzp901,millb901,conrc901,,,kersc001,waldj001,,regular,2,3,LAN,ANA,y,both,y,y,y,2011
ANA201106270,WAS,ANA,ANA01,20110627,0,7:08PM,night,,,true,,182,35032,unknown,unknown,sunny,76,tolf,7,seebt701,,,blasc901,barrs901,bellw901,diazl901,,,downs001,burns001,,regular,3,4,ANA,WAS,y,both,y,y,y,2011
ANA201106280,WAS,ANA,ANA01,20110628,0,7:08PM,night,,,true,,213,41029,unknown,unknown,sunny,69,tocf,7,franm701,,,barrs901,bellw901,diazl901,blasc901,,,takah001,balec001,,regular,5,11,ANA,WAS,y,both,y,y,y,2011
ANA201106290,WAS,ANA,ANA01,20110629,0,4:06PM,day,,,true,,139,35257,unknown,unknown,sunny,75,torf,9,munse701,,,bellw901,diazl901,blasc901,barrs901,,,hared001,zimmj003,waldj001,regular,0,1,ANA,WAS,y,both,y,y,y,2011
ANA201107010,LAN,ANA,ANA01,20110701,0,7:09PM,night,,,true,,198,41253,unknown,unknown,sunny,79,torf,8,munse701,,,scotd901,buckc901,iassd901,mealj901,,,kuroh001,chatt001,,regular,5,0,LAN,ANA,y,both,y,y,y,2011
ANA201107020,LAN,ANA,ANA01,20110702,0,6:09PM,night,,,true,,159,42232,unknown,unknown,sunny,82,tocf,6,munse701,,,buckc901,iassd901,mealj901,scotd901,,,weavj003,kersc001,,regular,1,7,ANA,LAN,y,both,y,y,y,2011
ANA201107030,LAN,ANA,ANA01,20110703,0,5:09PM,night,,,true,,153,42536,unknown,unknown,cloudy,76,tocf,7,munse701,,,iassd901,rackd901,scotd901,buckc901,,,sante001,billc001,waldj001,regular,1,3,ANA,LAN,y,both,y,y,y,2011
ANA201107040,DET,ANA,ANA01,20110704,0,6:07PM,night,,,true,,161,43012,unknown,unknown,cloudy,78,tocf,8,munse701,,,herna901,campa902,westj901,fairc901,,,pinej001,furbc001,,regular,1,5,ANA,DET,y,both,y,y,y,2011
ANA201107050,DET,ANA,ANA01,20110705,0,7:07PM,night,,,true,,152,39006,unknown,unknown,cloudy,81,tocf,6,franm701,,,campa902,westj901,fairc901,herna901,,,hared001,verlj001,,regular,0,1,ANA,DET,y,both,y,y,y,2011
ANA201107060,DET,ANA,ANA01,20110706,0,12:37PM,day,,,true,,191,31549,unknown,unknown,cloudy,87,tocf,8,munse701,,,westj901,fairc901,herna901,campa902,,,pennb002,takah001,valvj001,regular,5,4,DET,ANA,y,both,y,y,y,2011
ANA201107070,SEA,ANA,ANA01,20110707,0,7:09PM,night,,,true,,147,41223,unknown,unknown,sunny,80,torf,2,munse701,,,fairc901,herna901,campa902,rippm901,,,weavj003,fistd001,,regular,1,5,ANA,SEA,y,both,y,y,y,2011
ANA201107080,SEA,ANA,ANA01,20110708,0,7:09PM,night,,,true,,157,40161,unknown,unknown,sunny,72,tocf,7,seebt701,,,holbs901,ticht901,davig901,gibsg901,,,waldj001,pauld001,,regular,3,4,ANA,SEA,y,both,y,y,y,2011
ANA201107090,SEA,ANA,ANA01,20110709,0,6:07PM,night,,,true,,164,44111,unknown,unknown,sunny,74,tocf,7,franm701,,,ticht901,davig901,gibsg901,holbs901,,,pinej001,pinem001,,regular,3,9,ANA,SEA,y,both,y,y,y,2011
ANA201107100,SEA,ANA,ANA01,20110710,0,12:37PM,day,,,true,,154,39505,unknown,unknown,sunny,76,torf,8,munse701,,,davig901,gibsg901,holbs901,ticht901,,,hared001,pauld001,waldj001,regular,2,4,ANA,SEA,y,both,y,y,y,2011
OAK201107150,ANA,OAK,OAK01,20110715,0,7:08PM,night,,,true,,183,18470,unknown,unknown,overcast,60,torf,17,dybdc701,,,iassd901,scotd901,mealj901,buckc901,,,mccab001,hared001,baila001,regular,3,5,OAK,ANA,y,both,y,y,y,2011
OAK201107161,ANA,OAK,OAK01,20110716,1,1:11PM,day,,,true,,192,0,unknown,unknown,overcast,63,torf,10,feldd701,,,scotd901,rippm901,buckc901,iassd901,,,weavj003,cahit001,waldj001,regular,4,2,ANA,OAK,y,both,y,y,y,2011
OAK201107162,ANA,OAK,OAK01,20110716,2,5:01PM,night,,,true,,189,27379,unknown,unknown,cloudy,62,torf,15,feldd701,,,mealj901,buckc901,iassd901,rippm901,,,ziegb001,thomr006,,regular,3,4,OAK,ANA,y,both,y,y,y,2011
OAK201107170,ANA,OAK,OAK01,20110717,0,1:09PM,day,,,true,,155,26115,unknown,unknown,overcast,62,torf,11,ducam701,,,rippm901,buckc901,scotd901,mealj901,,,gonzg003,pinej001,,regular,1,9,OAK,ANA,y,both,y,y,y,2011
ANA201107190,TEX,ANA,ANA01,20110719,0,7:27PM,night,,,true,,183,43103,unknown,unknown,sunny,79,tocf,6,munse701,,,cousd901,wolfj901,reybd901,kulpr901,,,ogana001,chatt001,,regular,7,0,TEX,ANA,y,both,y,y,y,2011
ANA201107200,TEX,ANA,ANA01,20110720,0,7:07PM,night,,,true,,191,40052,unknown,unknown,sunny,72,tocf,7,munse701,,,wolfj901,reybd901,kulpr901,cousd901,,,takah001,huntt002,waldj001,regular,8,9,ANA,TEX,y,both,y,y,y,2011
ANA201107210,TEX,ANA,ANA01,20110721,0,12:37PM,day,,,true,,151,38315,unknown,unknown,sunny,76,tocf,7,franm701,,,reybd901,kulpr901,cousd901,wolfj901,,,weavj003,wilsc004,waldj001,regular,0,1,ANA,TEX,y,both,y,y,y,2011
BAL201107220,ANA,BAL,BAL12,20110722,0,7:08PM,night,,,true,,169,24823,unknown,unknown,cloudy,104,torf,7,jacom701,,,herna901,gibsg901,ticht901,davig901,,,sante001,simoa001,takah001,regular,6,1,ANA,BAL,y,both,y,y,y,2011
BAL201107230,ANA,BAL,BAL12,20110723,0,7:06PM,night,,,true,,141,20311,unknown,unknown,sunny,102,fromlf,5,jacom701,,,gibsg901,ticht901,barrl901,herna901,,,bergb002,pinej001,gregk001,regular,2,3,BAL,ANA,y,both,y,y,y,2011
BAL201107240,ANA,BAL,BAL12,20110724,0,1:36PM,day,,,true,,149,15676,unknown,unknown,cloudy,99,ltor,7,jacom701,,,ticht901,barrl901,herna901,gibsg901,,,chatt001,guthj001,,regular,9,3,ANA,BAL,y,both,y,y,y,2011
CLE201107250,ANA,CLE,CLE08,20110725,0,7:07PM,night,,,true,,182,19384,unknown,unknown,cloudy,82,ltor,1,brosc701,,,hudsm901,estam901,barrt901,rungb901,,,sippt001,waldj001,,regular,2,3,CLE,ANA,y,both,y,y,y,2011
CLE201107260,ANA,CLE,CLE08,20110726,0,7:06PM,night,,,true,,156,19430,unknown,unknown,sunny,80,fromcf,7,maveb701,,,mcclt901,barrt901,rungb901,hudsm901,,,weavj003,tomlj001,waldj001,regular,2,1,ANA,CLE,y,both,y,y,y,2011
CLE201107270,ANA,CLE,CLE08,20110727,0,12:05PM,day,,,true,,142,21546,unknown,unknown,cloudy,81,fromrf,4,maveb701,,,barrt901,rungb901,hudsm901,mcclt901,,,sante001,huffd001,,regular,3,1,ANA,CLE,y,both,y,y,y,2011
DET201107280,ANA,DET,DET05,20110728,0,1:06PM,day,,,true,,211,33489,unknown,unknown,unknown,79,rtol,11,klonc701,,,knigb901,laynj901,davib902,wendh902,,,cassb001,pennb002,,regular,12,7,ANA,DET,y,both,y,y,y,2011
DET201107290,ANA,DET,DET05,20110729,0,7:06PM,night,,,true,,164,40551,unknown,unknown,cloudy,88,tocf,3,kleir701,,,laynj901,davib902,wendh902,knigb901,,,porcr001,chatt001,,regular,2,12,DET,ANA,y,both,y,y,y,2011
DET201107300,ANA,DET,DET05,20110730,0,4:11PM,day,,,true,,174,40753,unknown,unknown,sunny,86,rtol,6,kleir701,,,davib902,wendh902,knigb901,laynj901,,,hared001,turnj002,,regular,5,1,ANA,DET,y,both,y,y,y,2011
DET201107310,ANA,DET,DET05,20110731,0,1:07PM,day,,,true,,156,36878,unknown,unknown,sunny,87,rtol,10,kleir701,,,wendh902,knigb901,laynj901,davib902,,,verlj001,weavj003,valvj001,regular,2,3,DET,ANA,y,both,y,y,y,2011
ANA201108020,MIN,ANA,ANA01,20110802,0,7:07PM,night,,,true,,142,37565,unknown,unknown,cloudy,81,torf,6,seebt701,,,marqa901,hicke901,rapue901,onorb901,,,sante001,duenb001,,regular,1,5,ANA,MIN,y,both,y,y,y,2011
ANA201108030,MIN,ANA,ANA01,20110803,0,7:07PM,night,,,true,,179,35555,unknown,unknown,sunny,77,unknown,5,munse701,,,hicke901,rapue901,onorb901,marqa901,,,swara001,pinej001,,regular,11,4,MIN,ANA,y,both,y,y,y,2011
ANA201108040,MIN,ANA,ANA01,20110804,0,7:07PM,night,,,true,,145,40365,unknown,unknown,sunny,73,rtol,7,munse701,,,rapue901,onorb901,marqa901,hicke901,,,hared001,lirif001,,regular,1,7,ANA,MIN,y,both,y,y,y,2011
ANA201108050,SEA,ANA,ANA01,20110805,0,7:08PM,night,,,true,,183,38727,unknown,unknown,sunny,70,torf,8,munse701,,,buckc901,scotd901,conrc901,mealj901,,,waldj001,cortd002,,regular,0,1,ANA,SEA,y,both,y,y,y,2011
ANA201108060,SEA,ANA,ANA01,20110806,0,6:07PM,night,,,true,,153,42017,unknown,unknown,sunny,75,tocf,4,franm701,,,scotd901,conrc901,mealj901,buckc901,,,beavb001,chatt001,,regular,5,1,SEA,ANA,y,both,y,y,y,2011
ANA201108070,SEA,ANA,ANA01,20110807,0,12:37PM,day,,,true,,127,38823,unknown,unknown,sunny,75,tocf,7,munse701,,,conrc901,mealj901,buckc901,scotd901,,,sante001,hernf002,waldj001,regular,1,2,ANA,SEA,y,both,y,y,y,2011
NYA201108090,ANA,NYA,NYC21,20110809,0,7:08PM,night,,,true,,214,46466,unknown,unknown,unknown,75,rtol,6,sprej701,,,guccc901,muchm901,wintm901,everm901,,,downs001,rivem002,waldj001,regular,6,4,ANA,NYA,y,both,y,y,y,2011
NYA201108100,ANA,NYA,NYC21,20110810,0,7:08PM,night,,,true,,163,46967,unknown,unknown,cloudy,81,fromcf,11,sprej701,,,muchm901,wintm901,everm901,guccc901,,,novai001,richg002,,regular,3,9,NYA,ANA,y,both,y,y,y,2011
NYA201108110,ANA,NYA,NYC21,20110811,0,1:08PM,day,,,true,,193,47431,unknown,unknown,cloudy,79,unknown,8,freed701,,,wintm901,everm901,guccc901,muchm901,,,sorir001,rodnf001,rivem002,regular,5,6,NYA,ANA,y,both,y,y,y,2011
TOR201108120,ANA,TOR,TOR02,20110812,0,7:09PM,night,,,true,,139,24731,unknown,unknown,sunny,77,tocf,12,perkd701,,,drakr901,darlg901,rackd901,porta901,,,sante001,morrb001,,regular,5,1,ANA,TOR,y,both,y,y,y,2011
TOR201108130,ANA,TOR,TOR02,20110813,0,1:09PM,day,,,true,,159,27185,unknown,unknown,cloudy,73,rtol,14,hobbd701,,,darlg901,rackd901,porta901,drakr901,,,romer002,weavj003,,regular,2,11,TOR,ANA,y,both,y,y,y,2011
TOR201108140,ANA,TOR,TOR02,20110814,0,1:08PM,day,,,true,,172,23355,unknown,unknown,unknown,73,rtol,12,perkd701,,,rackd901,porta901,drakr901,darlg901,,,raucj001,rodnf001,,regular,4,5,TOR,ANA,y,both,y,y,y,2011
ANA201108150,TEX,ANA,ANA01,20110815,0,7:08PM,night,,,true,,185,36663,unknown,unknown,sunny,75,tocf,8,franm701,,,johna901,barrt901,culbf901,barkl901,,,ogana001,cassb001,,regular,8,4,TEX,ANA,y,both,y,y,y,2011
ANA201108160,TEX,ANA,ANA01,20110816,0,7:08PM,night,,,true,,185,43711,unknown,unknown,sunny,77,torf,5,munse701,,,barrt901,culbf901,barkl901,johna901,,,holld003,chatt001,,regular,7,3,TEX,ANA,y,both,y,y,y,2011
ANA201108170,TEX,ANA,ANA01,20110817,0,7:07PM,night,,,true,,172,36581,unknown,unknown,cloudy,77,tocf,4,seebt701,,,culbf901,barkl901,johna901,barrt901,,,wilsc004,sante001,felin001,regular,4,3,TEX,ANA,y,both,y,y,y,2011
ANA201108180,TEX,ANA,ANA01,20110818,0,7:07PM,night,,,true,,167,41123,unknown,unknown,sunny,73,tocf,6,munse701,,,barkl901,johna901,barrt901,culbf901,,,ramih002,adamm001,,regular,1,2,ANA,TEX,y,both,y,y,y,2011
ANA201108190,BAL,ANA,ANA01,20110819,0,7:07PM,night,,,true,,158,38156,unknown,unknown,sunny,72,torf,5,franm701,,,eddid901,demud901,danlk901,nauep901,,,hared001,reyej003,,regular,3,8,ANA,BAL,y,both,y,y,y,2011
ANA201108200,BAL,ANA,ANA01,20110820,0,6:06PM,night,,,true,,221,43201,unknown,unknown,cloudy,71,tocf,7,munse701,,,demud901,danlk901,nauep901,eddid901,,,rodnf001,gregk001,,regular,8,9,ANA,BAL,y,both,y,y,y,2011
ANA201108210,BAL,ANA,ANA01,20110821,0,12:37PM,day,,,true,,155,37148,unknown,unknown,sunny,77,tolf,7,munse701,,,danlk901,nauep901,eddid901,demud901,,,willj003,matub001,,regular,1,7,ANA,BAL,y,both,y,y,y,2011
ANA201108230,CHA,ANA,ANA01,20110823,0,7:07PM,night,,,true,,168,37728,unknown,unknown,sunny,78,tocf,7,munse701,,,randt901,vanol901,gormb901,belld901,,,waldj001,frasj002,,regular,4,5,ANA,CHA,y,both,y,y,y,2011
ANA201108240,CHA,ANA,ANA01,20110824,0,7:08PM,night,,,true,,148,36610,unknown,unknown,sunny,79,tocf,7,munse701,,,vanol901,gormb901,belld901,randt901,,,weavj003,stewz001,,regular,0,8,ANA,CHA,y,both,y,y,y,2011
TEX201108260,ANA,TEX,ARL02,20110826,0,7:09PM,night,,,true,,192,38256,unknown,unknown,sunny,102,unknown,0,wells701,,,kulpr901,cousd901,wolfj901,wegnm901,,,holld003,hared001,,regular,7,11,TEX,ANA,y,both,y,y,y,2011
TEX201108270,ANA,TEX,ARL02,20110827,0,7:07PM,night,,,true,,185,48453,unknown,unknown,sunny,104,unknown,1,schid701,,,cousd901,wolfj901,wegnm901,kulpr901,,,sante001,wilsc004,takah001,regular,8,4,ANA,TEX,y,both,y,y,y,2011
TEX201108280,ANA,TEX,ARL02,20110828,0,7:12PM,night,,,true,,189,40018,unknown,unknown,sunny,103,fromlf,1,wells701,,,wolfj901,wegnm901,kulpr901,cousd901,,,olivd001,weavj003,,regular,5,9,TEX,ANA,y,both,y,y,y,2011
SEA201108290,ANA,SEA,SEA03,20110829,0,7:10PM,night,,,true,,160,16990,unknown,unknown,cloudy,69,fromlf,2,radoe701,,,davib902,wendh902,knigb901,laynj901,,,wilht001,takah001,leagb001,regular,3,5,SEA,ANA,y,both,y,y,y,2011
SEA201108300,ANA,SEA,SEA03,20110830,0,7:10PM,night,,,true,,174,15536,unknown,unknown,cloudy,66,tocf,2,peted701,,,wendh902,knigb901,laynj901,davib902,,,willj003,vasqa001,,regular,13,6,ANA,SEA,y,both,y,y,y,2011
SEA201108310,ANA,SEA,SEA03,20110831,0,7:10PM,night,,,true,,135,18520,unknown,unknown,unknown,68,torf,2,radoe701,,,knigb901,laynj901,davib902,wendh902,,,hernf002,hared001,,regular,1,2,SEA,ANA,y,both,y,y,y,2011
SEA201109010,ANA,SEA,SEA03,20110901,0,7:10PM,night,,,true,,162,19453,unknown,unknown,sunny,65,ltor,5,padud701,,,laynj901,davib902,wendh902,knigb901,,,sante001,furbc001,waldj001,regular,4,3,ANA,SEA,y,both,y,y,y,2011
ANA201109020,MIN,ANA,ANA01,20110902,0,7:08PM,night,,,true,,203,37198,unknown,unknown,sunny,74,tocf,3,seebt701,,,guccc901,muchm901,wintm901,everm901,,,pavac001,chatt001,,regular,13,5,MIN,ANA,y,both,y,y,y,2011
ANA201109030,MIN,ANA,ANA01,20110903,0,6:07PM,night,,,true,,185,39102,unknown,unknown,sunny,75,tocf,6,munse701,,,muchm901,wintm901,everm901,guccc901,,,weavj003,dumap001,,regular,6,10,ANA,MIN,y,both,y,y,y,2011
ANA201109040,MIN,ANA,ANA01,20110904,0,12:37PM,day,,,true,,144,36638,unknown,unknown,cloudy,79,tocf,9,munse701,,,wintm901,everm901,guccc901,muchm901,,,pinej001,slowk001,waldj001,regular,1,4,ANA,MIN,y,both,y,y,y,2011
ANA201109050,SEA,ANA,ANA01,20110905,0,6:07PM,night,,,true,,143,35497,unknown,unknown,cloudy,85,tocf,3,seebt701,,,barrs901,carav901,diazl901,hirsj901,,,hared001,vasqa001,,regular,3,7,ANA,SEA,y,both,y,y,y,2011
ANA201109060,SEA,ANA,ANA01,20110906,0,7:06PM,night,,,true,,168,36533,unknown,unknown,sunny,87,tocf,5,franm701,,,carav901,diazl901,hirsj901,barrs901,,,hernf002,sante001,leagb001,regular,2,1,SEA,ANA,y,both,y,y,y,2011
ANA201109070,SEA,ANA,ANA01,20110907,0,7:07PM,night,,,true,,122,37459,unknown,unknown,cloudy,87,tocf,5,munse701,,,diazl901,hirsj901,barrs901,carav901,,,willj003,furbc001,waldj001,regular,1,3,ANA,SEA,y,both,y,y,y,2011
ANA201109090,NYA,ANA,ANA01,20110909,0,7:07PM,night,,,true,,160,41014,unknown,unknown,sunny,68,tocf,9,seebt701,,,belld901,randt901,vanol901,gormb901,,,waldj001,laffa001,,regular,1,2,ANA,NYA,y,both,y,y,y,2011
ANA201109100,NYA,ANA,ANA01,20110910,0,6:07PM,night,,,true,,175,42774,unknown,unknown,cloudy,71,tocf,9,munse701,,,randt901,vanol901,gormb901,belld901,,,hared001,sabac001,,regular,0,6,ANA,NYA,y,both,y,y,y,2011
ANA201109110,NYA,ANA,ANA01,20110911,0,12:45PM,day,,,true,,194,42581,unknown,unknown,sunny,76,torf,8,munse701,,,vanol901,gormb901,belld901,randt901,,,wadec001,sante001,rivem002,regular,6,5,NYA,ANA,y,both,y,y,y,2011
OAK201109120,ANA,OAK,OAK01,20110912,0,7:08PM,night,,,true,,174,12858,unknown,unknown,sunny,63,torf,11,santa701,,,culbf901,cedeg901,barkl901,johna901,,,gonzg003,pinej001,,regular,3,6,OAK,ANA,y,both,y,y,y,2011
OAK201109130,ANA,OAK,OAK01,20110913,0,7:06PM,night,,,true,,205,13212,unknown,unknown,sunny,62,ltor,10,santa701,,,cedeg901,barkl901,johna901,culbf901,,,takah001,delof001,waldj001,regular,6,3,ANA,OAK,y,both,y,y,y,2011
OAK201109140,ANA,OAK,OAK01,20110914,0,12:38PM,day,,,true,,166,14743,unknown,unknown,unknown,60,fromrf,9,feldd701,,,barkl901,johna901,culbf901,cedeg901,,,weavj003,hardr001,waldj001,regular,4,1,ANA,OAK,y,both,y,y,y,2011
BAL201109160,ANA,BAL,BAL12,20110916,0,7:08PM,night,,,true,,171,24022,unknown,unknown,cloudy,65,tocf,4,hennj701,,,rapue901,onorb901,diazl901,marqa901,,,huntt002,hared001,,regular,3,8,BAL,ANA,y,both,y,y,y,2011
BAL201109170,ANA,BAL,BAL12,20110917,0,7:19PM,night,,,true,,142,31099,unknown,unknown,overcast,62,fromcf,4,hennj701,,,marqa901,diazl901,(none),rapue901,,,britz001,sante001,,regular,2,6,BAL,ANA,y,both,y,y,y,2011
BAL201109180,ANA,BAL,BAL12,20110918,0,1:39PM,day,,,true,,171,27471,unknown,unknown,unknown,70,fromrf,10,hennj701,,,diazl901,porta901,rapue901,marqa901,,,weavj003,simoa001,,regular,11,2,ANA,BAL,y,both,y,y,y,2011
TOR201109190,ANA,TOR,TOR02,20110919,0,7:08PM,night,,,true,,169,11178,dry,none,dome,68,unknown,0,uttes701,,,hudsm901,rungb901,barrt901,mcclt901,,,jansc001,downs001,,regular,2,3,TOR,ANA,y,both,y,y,y,2011
TOR201109200,ANA,TOR,TOR02,20110920,0,7:07PM,night,,,true,,186,13514,unknown,unknown,sunny,68,tolf,6,uttes701,,,rungb901,barrt901,mcclt901,hudsm901,,,pinej001,cecib001,downs001,regular,10,6,ANA,TOR,y,both,y,y,y,2011
TOR201109210,ANA,TOR,TOR02,20110921,0,7:08PM,night,,,true,,171,14784,dry,none,dome,68,unknown,0,hobbd701,,,barrt901,mcclt901,hudsm901,rungb901,,,hared001,mcgod001,,regular,7,2,ANA,TOR,y,both,y,y,y,2011
TOR201109220,ANA,TOR,TOR02,20110922,0,7:09PM,night,,,true,,223,22769,unknown,unknown,sunny,72,ltor,8,hobbd701,,,mcclt901,hudsm901,rungb901,carav901,,,camps002,richg002,,regular,3,4,TOR,ANA,y,both,y,y,y,2011
ANA201109230,OAK,ANA,ANA01,20110923,0,7:07PM,night,,,true,,152,39217,unknown,unknown,unknown,68,torf,8,munse701,,,cousd901,hallt901,kulpr901,wolfj901,,,gonzg003,weavj003,baila001,regular,3,1,OAK,ANA,y,both,y,y,y,2011
ANA201109240,OAK,ANA,ANA01,20110924,0,6:07PM,night,,,true,,166,41113,unknown,unknown,unknown,69,tocf,8,munse701,,,hallt901,kulpr901,wolfj901,cousd901,,,willj003,moscg001,waldj001,regular,2,4,ANA,OAK,y,both,y,y,y,2011
ANA201109250,OAK,ANA,ANA01,20110925,0,12:36PM,day,,,true,,180,40794,unknown,unknown,overcast,70,torf,6,munse701,,,kulpr901,wolfj901,cousd901,hallt901,,,delof001,waldj001,baila001,regular,6,5,OAK,ANA,y,both,y,y,y,2011
ANA201109260,TEX,ANA,ANA01,20110926,0,7:07PM,night,,,true,,183,39716,unknown,unknown,sunny,69,tocf,5,munse701,,,darlg901,drecb901,emmep901,drakr901,,,hambm001,hared001,felin001,regular,4,3,TEX,ANA,y,both,y,y,y,2011
ANA201109270,TEX,ANA,ANA01,20110927,0,7:08PM,night,,,true,,168,39529,unknown,unknown,sunny,67,tocf,9,munse701,,,drecb901,emmep901,drakr901,darlg901,,,lewic001,chatt001,,regular,10,3,TEX,ANA,y,both,y,y,y,2011
ANA201109280,TEX,ANA,ANA01,20110928,0,5:07PM,night,,,true,,160,39612,unknown,unknown,sunny,71,tocf,8,munse701,,,emmep901,drakr901,darlg901,drecb901,,,adamm001,waldj001,felin001,regular,3,1,TEX,ANA,y,both,y,y,y,2011
ANA201204060,KCA,ANA,ANA01,20120406,0,7:11PM,night,,,true,,142,44106,unknown,unknown,sunny,69,tocf,4,munse701,,,laynj901,davib902,wendh902,belld901,,,weavj003,crowa001,,regular,0,5,ANA,KCA,y,both,y,y,y,2012
ANA201204070,KCA,ANA,ANA01,20120407,0,1:06PM,day,,,true,,166,40022,unknown,unknown,sunny,85,tocf,4,munse701,,,davib902,wendh902,belld901,laynj901,,,hochl001,hared001,,regular,6,3,KCA,ANA,y,both,y,y,y,2012
ANA201204080,KCA,ANA,ANA01,20120408,0,12:37PM,day,,,true,,195,32227,unknown,unknown,sunny,80,tocf,7,munse701,,,wendh902,belld901,laynj901,davib902,,,sancj002,sante001,broxj001,regular,7,3,KCA,ANA,y,both,y,y,y,2012
MIN201204090,ANA,MIN,MIN04,20120409,0,3:18PM,day,,,true,,170,39414,unknown,unknown,cloudy,45,ltor,20,wongg701,,,marqa901,fairc901,hallt901,onorb901,,,wilsc004,blacn001,,regular,5,1,ANA,MIN,y,both,y,y,y,2012
MIN201204110,ANA,MIN,MIN04,20120411,0,7:12PM,night,,,true,,167,31413,unknown,unknown,sunny,50,unknown,1,thors701,,,hallt901,reybd901,onorb901,marqa901,,,grayj002,takah001,cappm001,regular,5,6,MIN,ANA,y,both,y,y,y,2012
MIN201204120,ANA,MIN,MIN04,20120412,0,12:10PM,day,,,true,,224,31782,unknown,unknown,cloudy,56,fromcf,4,wongg701,,,reybd901,onorb901,marqa901,hallt901,,,grayj002,thomr006,cappm001,regular,9,10,MIN,ANA,y,both,y,y,y,2012
NYA201204130,ANA,NYA,NYC21,20120413,0,1:11PM,day,,,true,,153,49386,unknown,unknown,sunny,59,ltor,3,sprej701,,,dimum901,hoyej901,joycj901,reynj901,,,kuroh001,sante001,,regular,0,5,NYA,ANA,y,both,y,y,y,2012
NYA201204140,ANA,NYA,NYC21,20120414,0,1:06PM,day,,,true,,187,46829,unknown,unknown,cloudy,68,rtol,4,sprej701,,,hoyej901,joycj901,reynj901,dimum901,,,wilsc004,hughp001,,regular,7,1,ANA,NYA,y,both,y,y,y,2012
NYA201204150,ANA,NYA,NYC21,20120415,0,8:06PM,night,,,true,,212,41055,unknown,unknown,unknown,74,tocf,13,sprej701,,,joycj901,reynj901,dimum901,hoyej901,,,novai001,willj003,,regular,5,11,NYA,ANA,y,both,y,y,y,2012
ANA201204160,OAK,ANA,ANA01,20120416,0,7:07PM,night,,,true,,168,27338,unknown,unknown,sunny,71,torf,6,munse701,,,barrt901,rungb901,hudsm901,mcclt901,,,weavj003,mccab001,,regular,0,6,ANA,OAK,y,both,y,y,y,2012
ANA201204170,OAK,ANA,ANA01,20120417,0,7:07PM,night,,,true,,166,41016,unknown,unknown,cloudy,72,tocf,7,munse701,,,rungb901,hudsm901,mcclt901,barrt901,,,fuenb001,jepsk001,balfg001,regular,5,3,OAK,ANA,y,both,y,y,y,2012
ANA201204180,OAK,ANA,ANA01,20120418,0,7:06PM,night,,,true,,164,27217,unknown,unknown,sunny,68,tocf,7,franm701,,,hudsm901,mcclt901,barrt901,rungb901,,,colob001,sante001,,regular,6,0,OAK,ANA,y,both,y,y,y,2012
ANA201204190,OAK,ANA,ANA01,20120419,0,7:08PM,night,,,true,,191,27864,unknown,unknown,cloudy,67,tocf,6,franm701,,,mcclt901,barrt901,rungb901,hudsm901,,,milot001,wilsc004,balfg001,regular,4,2,OAK,ANA,y,both,y,y,y,2012
ANA201204200,BAL,ANA,ANA01,20120420,0,7:08PM,night,,,true,,169,32272,unknown,unknown,sunny,63,tocf,6,franm701,,,scotd901,millb901,campa902,iassd901,,,willj003,matub001,waldj001,regular,3,6,ANA,BAL,y,both,y,y,y,2012
ANA201204210,BAL,ANA,ANA01,20120421,0,6:07PM,night,,,true,,144,38054,unknown,unknown,sunny,64,tocf,13,munse701,,,millb901,campa902,iassd901,scotd901,,,weavj003,arrij001,,regular,3,6,ANA,BAL,y,both,y,y,y,2012
ANA201204220,BAL,ANA,ANA01,20120422,0,12:37PM,day,,,true,,191,38221,unknown,unknown,overcast,65,tocf,7,munse701,,,campa902,iassd901,scotd901,millb901,,,strop001,hawkl001,johnj010,regular,3,2,BAL,ANA,y,both,y,y,y,2012
TBA201204240,ANA,TBA,STP01,20120424,0,7:11PM,night,,,true,,145,14933,unknown,unknown,dome,72,unknown,0,mathb701,,,coope901,fostm901,timmt901,kellj901,,,pricd001,sante001,,regular,0,5,TBA,ANA,y,both,y,y,y,2012
TBA201204250,ANA,TBA,STP01,20120425,0,7:11PM,night,,,true,,190,14638,unknown,unknown,dome,72,unknown,0,nigrk701,,,fostm901,timmt901,kellj901,coope901,,,hellj001,wilsc004,rodnf001,regular,2,3,TBA,ANA,y,both,y,y,y,2012
TBA201204260,ANA,TBA,STP01,20120426,0,1:12PM,day,,,true,,168,15417,unknown,unknown,dome,72,unknown,0,mathb701,,,timmt901,kellj901,coope901,fostm901,,,gomeb001,waldj001,,regular,3,4,TBA,ANA,y,both,y,y,y,2012
CLE201204270,ANA,CLE,CLE08,20120427,0,7:06PM,night,,,true,,174,12597,unknown,unknown,sunny,48,fromrf,4,maveb701,,,wolfj901,culbf901,johna901,cedeg901,,,pestv001,carpd002,,regular,2,3,CLE,ANA,y,both,y,y,y,2012
CLE201204280,ANA,CLE,CLE08,20120428,0,3:32PM,day,,,true,,152,11316,unknown,unknown,unknown,43,fromrf,8,brosc701,,,culbf901,johna901,cedeg901,wolfj901,,,hared001,gomej002,downs001,regular,2,1,ANA,CLE,y,both,y,y,y,2012
CLE201204290,ANA,CLE,CLE08,20120429,0,1:05PM,day,,,true,,142,15421,unknown,unknown,cloudy,52,fromrf,11,brosc701,,,johna901,cedeg901,wolfj901,culbf901,,,lowed001,sante001,,regular,0,4,CLE,ANA,y,both,y,y,y,2012
ANA201204300,MIN,ANA,ANA01,20120430,0,7:07PM,night,,,true,,147,27027,unknown,unknown,unknown,64,tocf,8,munse701,,,rapue901,herna901,carlm901,hicke901,,,wilsc004,blacn001,downs001,regular,3,4,ANA,MIN,y,both,y,y,y,2012
ANA201205010,MIN,ANA,ANA01,20120501,0,7:06PM,night,,,true,,130,30039,unknown,unknown,overcast,60,tocf,5,munse701,,,herna901,carlm901,hicke901,rapue901,,,willj003,lirif001,,regular,0,4,ANA,MIN,y,both,y,y,y,2012
ANA201205020,MIN,ANA,ANA01,20120502,0,7:07PM,night,,,true,,148,27288,unknown,unknown,unknown,63,tocf,6,franm701,,,carlm901,hicke901,rapue901,herna901,,,weavj003,hendl001,,regular,0,9,ANA,MIN,y,both,y,y,y,2012
ANA201205030,TOR,ANA,ANA01,20120503,0,7:07PM,night,,,true,,131,28359,unknown,unknown,cloudy,66,tocf,4,munse701,,,bellw901,knigb901,wintm901,wegnm901,,,morrb001,hared001,,regular,5,0,TOR,ANA,y,both,y,y,y,2012
ANA201205040,TOR,ANA,ANA01,20120504,0,7:07PM,night,,,true,,130,33160,unknown,unknown,cloudy,67,torf,5,franm701,,,knigb901,wintm901,wegnm901,bellw901,,,alvah001,sante001,,regular,4,0,TOR,ANA,y,both,y,y,y,2012
ANA201205050,TOR,ANA,ANA01,20120505,0,6:08PM,night,,,true,,174,39018,unknown,unknown,sunny,68,torf,11,munse701,,,wintm901,wegnm901,bellw901,knigb901,,,wilsc004,drabk001,,regular,2,6,ANA,TOR,y,both,y,y,y,2012
ANA201205060,TOR,ANA,ANA01,20120506,0,12:37PM,day,,,true,,171,37548,unknown,unknown,sunny,71,torf,7,munse701,,,wegnm901,bellw901,knigb901,wintm901,,,willj003,hutcd001,hawkl001,regular,3,4,ANA,TOR,y,both,y,y,y,2012
MIN201205070,ANA,MIN,MIN04,20120507,0,7:10PM,night,,,true,,181,31382,unknown,unknown,cloudy,65,torf,17,thors701,,,drakr901,blasc901,holbs901,fleta901,,,weavj003,lirif001,,regular,8,3,ANA,MIN,y,both,y,y,y,2012
MIN201205080,ANA,MIN,MIN04,20120508,0,7:11PM,night,,,true,,157,30776,unknown,unknown,cloudy,52,tolf,7,thors701,,,blasc901,holbs901,fleta901,drakr901,,,diams001,hared001,,regular,0,5,MIN,ANA,y,both,y,y,y,2012
MIN201205090,ANA,MIN,MIN04,20120509,0,7:11PM,night,,,true,,162,31915,unknown,unknown,cloudy,65,rtol,1,wongg701,,,holbs901,fleta901,drakr901,blasc901,,,sante001,pavac001,,regular,6,2,ANA,MIN,y,both,y,y,y,2012
TEX201205110,ANA,TEX,ARL02,20120511,0,7:07PM,night,,,true,,182,48201,unknown,unknown,unknown,73,ltor,11,wells701,,,davib902,wendh902,belld901,laynj901,,,darvy001,wilsc004,,regular,3,10,TEX,ANA,y,both,y,y,y,2012
TEX201205120,ANA,TEX,ARL02,20120512,0,12:07PM,day,,,true,,174,47699,unknown,unknown,unknown,69,ltor,8,ruddw701,,,wendh902,belld901,laynj901,davib902,,,carpd002,harrm001,downs001,regular,4,2,ANA,TEX,y,both,y,y,y,2012
TEX201205130,ANA,TEX,ARL02,20120513,0,7:07PM,night,,,true,,207,46669,unknown,unknown,cloudy,80,tocf,2,porzg701,,,belld901,laynj901,davib902,wendh902,,,felin001,weavj003,,regular,6,13,TEX,ANA,y,both,y,y,y,2012
ANA201205140,OAK,ANA,ANA01,20120514,0,7:08PM,night,,,true,,176,32851,unknown,unknown,sunny,70,tocf,8,munse701,,,hallt901,marqa901,blasc901,fairc901,,,rosst001,hared001,,regular,5,0,OAK,ANA,y,both,y,y,y,2012
ANA201205150,OAK,ANA,ANA01,20120515,0,4:07PM,day,,,true,,146,31762,unknown,unknown,sunny,74,tocf,9,franm701,,,marqa901,blasc901,fairc901,hallt901,,,sante001,colob001,,regular,0,4,ANA,OAK,y,both,y,y,y,2012
ANA201205160,CHA,ANA,ANA01,20120516,0,7:07PM,night,,,true,,145,39027,unknown,unknown,sunny,76,tocf,5,munse701,,,blasc901,fairc901,hallt901,marqa901,,,willj003,floyg001,,regular,2,7,ANA,CHA,y,both,y,y,y,2012
ANA201205170,CHA,ANA,ANA01,20120517,0,12:39PM,day,,,true,,190,30786,unknown,unknown,sunny,73,tocf,10,franm701,,,fairc901,hallt901,marqa901,blasc901,,,salec001,wilsc004,,regular,6,1,CHA,ANA,y,both,y,y,y,2012
SDN201205180,ANA,SDN,SAN02,20120518,0,7:06PM,night,,,false,,185,31389,unknown,unknown,overcast,65,ltor,5,zaveb701,,,danlk901,nauep901,eddid901,demud901,,,weavj003,suppj001,,regular,7,2,ANA,SDN,y,both,y,y,y,2012
SDN201205190,ANA,SDN,SAN02,20120519,0,7:06PM,night,,,false,,167,43427,unknown,unknown,cloudy,66,ltor,9,zaveb701,,,nauep901,eddid901,demud901,danlk901,,,gregl001,hared001,thayd001,regular,2,3,SDN,ANA,y,both,y,y,y,2012
SDN201205200,ANA,SDN,SAN02,20120520,0,1:08PM,day,,,false,,263,33975,unknown,unknown,sunny,71,ltor,10,zaveb701,,,eddid901,demud901,danlk901,nauep901,,,mikom001,pauld001,,regular,2,3,SDN,ANA,y,both,y,y,y,2012
OAK201205210,ANA,OAK,OAK01,20120521,0,7:08PM,night,,,true,,166,11292,unknown,unknown,cloudy,59,torf,11,dybdc701,,,cousd901,millb901,kulpr901,reybd901,,,milot001,willj003,fuenb001,regular,1,2,OAK,ANA,y,both,y,y,y,2012
OAK201205220,ANA,OAK,OAK01,20120522,0,7:08PM,night,,,true,,165,12894,unknown,unknown,sunny,63,torf,14,dybdc701,,,millb901,kulpr901,reybd901,cousd901,,,wilsc004,godfg001,,regular,5,0,ANA,OAK,y,both,y,y,y,2012
OAK201205230,ANA,OAK,OAK01,20120523,0,12:37PM,day,,,true,,191,23617,unknown,unknown,sunny,65,torf,15,dybdc701,,,kulpr901,reybd901,cousd901,millb901,,,waldj001,norbj001,friee001,regular,3,1,ANA,OAK,y,both,y,y,y,2012
SEA201205240,ANA,SEA,SEA03,20120524,0,7:10PM,night,,,true,,139,18048,unknown,unknown,overcast,59,ltor,6,peted701,,,carav901,scotd901,buckc901,wolfj901,,,hared001,vargj001,,regular,3,0,ANA,SEA,y,both,y,y,y,2012
SEA201205250,ANA,SEA,SEA03,20120525,0,7:10PM,night,,,true,,172,23517,unknown,unknown,cloudy,69,ltor,2,peted701,,,scotd901,buckc901,wolfj901,carav901,,,isrij001,leagb001,downs001,regular,6,4,ANA,SEA,y,both,y,y,y,2012
SEA201205260,ANA,SEA,SEA03,20120526,0,4:15PM,day,,,true,,187,29483,unknown,unknown,overcast,73,torf,2,radoe701,,,buckc901,wolfj901,carav901,scotd901,,,willj003,hernf002,friee001,regular,5,3,ANA,SEA,y,both,y,y,y,2012
SEA201205270,ANA,SEA,SEA03,20120527,0,1:10PM,day,,,true,,150,24467,unknown,unknown,unknown,60,tocf,2,padud701,,,wolfj901,carav901,scotd901,buckc901,,,wilsc004,noesh001,downs001,regular,4,2,ANA,SEA,y,both,y,y,y,2012
ANA201205280,NYA,ANA,ANA01,20120528,0,6:08PM,night,,,true,,218,44016,unknown,unknown,sunny,74,tocf,7,munse701,,,schrp901,welkt901,diazl901,everm901,,,waldj001,wadec001,,regular,8,9,ANA,NYA,y,both,y,y,y,2012
ANA201205290,NYA,ANA,ANA01,20120529,0,7:07PM,night,,,true,,157,42065,unknown,unknown,sunny,72,tocf,9,franm701,,,welkt901,diazl901,everm901,schrp901,,,hared001,petta001,,regular,1,5,ANA,NYA,y,both,y,y,y,2012
ANA201205300,NYA,ANA,ANA01,20120530,0,7:07PM,night,,,true,,186,40111,unknown,unknown,sunny,68,tocf,8,munse701,,,diazl901,everm901,schrp901,welkt901,,,novai001,takah001,sorir001,regular,6,5,NYA,ANA,y,both,y,y,y,2012
ANA201206010,TEX,ANA,ANA01,20120601,0,7:12PM,night,,,true,,151,40080,unknown,unknown,sunny,66,tocf,8,munse701,,,hudsm901,mcclt901,rungb901,barrt901,,,willj003,lewic001,friee001,regular,2,4,ANA,TEX,y,both,y,y,y,2012
ANA201206020,TEX,ANA,ANA01,20120602,0,7:08PM,night,,,true,,214,44227,unknown,unknown,overcast,66,torf,10,munse701,,,mcclt901,rungb901,barrt901,hudsm901,,,cassb001,darvy001,friee001,regular,2,3,ANA,TEX,y,both,y,y,y,2012
ANA201206030,TEX,ANA,ANA01,20120603,0,12:37PM,day,,,true,,189,42465,unknown,unknown,cloudy,70,tocf,9,munse701,,,rungb901,barrt901,hudsm901,mcclt901,,,harrm001,hared001,,regular,7,3,TEX,ANA,y,both,y,y,y,2012
ANA201206040,SEA,ANA,ANA01,20120604,0,7:06PM,night,,,true,,194,36079,unknown,unknown,overcast,65,tocf,8,franm701,,,randt901,gormb901,ticht901,vanol901,,,vargj001,sante001,wilht001,regular,8,6,SEA,ANA,y,both,y,y,y,2012
ANA201206050,SEA,ANA,ANA01,20120605,0,7:07PM,night,,,true,,149,35021,unknown,unknown,sunny,71,tolf,8,munse701,,,gormb901,ticht901,vanol901,randt901,,,richg002,beavb001,,regular,1,6,ANA,SEA,y,both,y,y,y,2012
ANA201206060,SEA,ANA,ANA01,20120606,0,7:07PM,night,,,true,,194,37342,unknown,unknown,sunny,74,torf,6,munse701,,,ticht901,vanol901,randt901,gormb901,,,kells001,willj003,wilht001,regular,8,6,SEA,ANA,y,both,y,y,y,2012
COL201206080,ANA,COL,DEN02,20120608,0,6:41PM,night,,,false,,168,41814,unknown,unknown,cloudy,88,fromrf,10,einsd701,,,cuzzp901,gonzm901,gibsg901,davig901,,,wilsc004,whita001,,regular,7,2,ANA,COL,y,both,y,y,y,2012
COL201206090,ANA,COL,DEN02,20120609,0,2:10PM,day,,,false,,201,37801,unknown,unknown,sunny,88,tolf,9,einsd701,,,gonzm901,gibsg901,davig901,cuzzp901,,,hared001,franj003,,regular,11,5,ANA,COL,y,both,y,y,y,2012
COL201206100,ANA,COL,DEN02,20120610,0,1:10PM,day,,,false,,213,37722,unknown,unknown,sunny,66,rtol,5,einsd701,,,gibsg901,davig901,cuzzp901,gonzm901,,,sante001,friec001,downs001,regular,10,8,ANA,COL,y,both,y,y,y,2012
LAN201206110,ANA,LAN,LOS03,20120611,0,7:11PM,night,,,false,,239,50559,unknown,unknown,sunny,68,tocf,7,hartd701,,,holbs901,fleta901,drakr901,westj901,,,isrij001,jansk001,friee001,regular,3,2,ANA,LAN,y,both,y,y,y,2012
LAN201206120,ANA,LAN,LOS03,20120612,0,7:12PM,night,,,false,,169,55279,unknown,unknown,cloudy,66,ltor,8,munse701,,,fleta901,drakr901,westj901,holbs901,,,wrigj001,willj003,jansk001,regular,2,5,LAN,ANA,y,both,y,y,y,2012
LAN201206130,ANA,LAN,LOS03,20120613,0,7:11PM,night,,,false,,189,43494,unknown,unknown,sunny,67,torf,7,hartd701,,,drakr901,westj901,holbs901,fleta901,,,hawkl001,jansk001,friee001,regular,2,1,ANA,LAN,y,both,y,y,y,2012
ANA201206150,ARI,ANA,ANA01,20120615,0,7:07PM,night,,,true,,154,37096,unknown,unknown,unknown,65,tocf,8,munse701,,,bellw901,knigb901,wintm901,wegnm901,,,cahit001,hared001,,regular,5,0,ARI,ANA,y,both,y,y,y,2012
ANA201206160,ARI,ANA,ANA01,20120616,0,7:08PM,night,,,true,,148,42483,unknown,unknown,sunny,69,tocf,9,franm701,,,knigb901,wintm901,wegnm901,bellw901,,,sante001,saunj001,,regular,0,2,ANA,ARI,y,both,y,y,y,2012
ANA201206170,ARI,ANA,ANA01,20120617,0,12:38PM,day,,,true,,147,42222,unknown,unknown,sunny,76,tocf,5,munse701,,,wintm901,wegnm901,bellw901,knigb901,,,richg002,kenni001,friee001,regular,0,2,ANA,ARI,y,both,y,y,y,2012
ANA201206180,SFN,ANA,ANA01,20120618,0,7:08PM,night,,,true,,201,41234,unknown,unknown,sunny,71,torf,7,munse701,,,emmep901,barrs901,mealj901,darlg901,,,cainm001,willj003,garcj002,regular,5,3,SFN,ANA,y,both,y,y,y,2012
ANA201206190,SFN,ANA,ANA01,20120619,0,7:07PM,night,,,true,,201,38010,unknown,unknown,sunny,69,tocf,7,munse701,,,barrs901,mealj901,darlg901,emmep901,,,wilsc004,zitob001,,regular,5,12,ANA,SFN,y,both,y,y,y,2012
ANA201206200,SFN,ANA,ANA01,20120620,0,7:08PM,night,,,true,,159,40321,unknown,unknown,sunny,68,tocf,9,franm701,,,mealj901,darlg901,emmep901,barrs901,,,weavj003,voger001,,regular,0,6,ANA,SFN,y,both,y,y,y,2012
ANA201206220,LAN,ANA,ANA01,20120622,0,7:08PM,night,,,true,,200,44548,unknown,unknown,sunny,71,torf,7,munse701,,,scotd901,iassd901,buckc901,millb901,,,hared001,billc001,friee001,regular,5,8,ANA,LAN,y,both,y,y,y,2012
ANA201206230,LAN,ANA,ANA01,20120623,0,4:16PM,day,,,true,,163,44512,unknown,unknown,sunny,76,tocf,10,franm701,,,iassd901,buckc901,millb901,scotd901,,,capuc001,sante001,jansk001,regular,3,1,LAN,ANA,y,both,y,y,y,2012
ANA201206240,LAN,ANA,ANA01,20120624,0,12:38PM,day,,,true,,219,43975,unknown,unknown,sunny,78,tocf,4,munse701,,,buckc901,millb901,scotd901,iassd901,,,downs001,lindj004,friee001,regular,3,5,ANA,LAN,y,both,y,y,y,2012
BAL201206260,ANA,BAL,BAL12,20120626,0,7:07PM,night,,,true,,173,24296,unknown,unknown,sunny,78,tocf,3,hennj701,,,demud901,danlk901,eddid901,porta901,,,wilsc004,matub001,,regular,7,3,ANA,BAL,y,both,y,y,y,2012
BAL201206270,ANA,BAL,BAL12,20120627,0,7:09PM,night,,,true,,169,18055,unknown,unknown,sunny,85,tocf,4,jacom701,,,danlk901,eddid901,porta901,demud901,,,weavj003,hammj002,,regular,13,1,ANA,BAL,y,both,y,y,y,2012
TOR201206280,ANA,TOR,TOR02,20120628,0,7:07PM,night,,,true,,196,24668,unknown,unknown,sunny,73,rtol,11,perkd701,,,hallt901,dimum901,reynj901,hoyej901,,,hared001,cecib001,friee001,regular,9,7,ANA,TOR,y,both,y,y,y,2012
TOR201206290,ANA,TOR,TOR02,20120629,0,7:09PM,night,,,true,,192,24538,unknown,unknown,cloudy,88,rtol,21,uttes701,,,dimum901,reynj901,hoyej901,hallt901,,,cordf002,waldj001,jansc001,regular,5,7,TOR,ANA,y,both,y,y,y,2012
TOR201206300,ANA,TOR,TOR02,20120630,0,1:08PM,day,,,true,,164,29287,unknown,unknown,sunny,77,torf,14,uttes701,,,reynj901,hoyej901,hallt901,dimum901,,,alvah001,richg002,,regular,2,11,TOR,ANA,y,both,y,y,y,2012
TOR201207010,ANA,TOR,TOR02,20120701,0,3:09PM,day,,,true,,209,34853,unknown,unknown,cloudy,77,tocf,11,uttes701,,,hoyej901,hallt901,dimum901,reynj901,,,isrij001,cordf002,,regular,10,6,ANA,TOR,y,both,y,y,y,2012
CLE201207020,ANA,CLE,CLE08,20120702,0,7:07PM,night,,,true,,154,21616,unknown,unknown,sunny,83,fromcf,3,murrc701,,,laynj901,davib902,wolfj901,muchm901,,,weavj003,jimeu001,downs001,regular,3,0,ANA,CLE,y,both,y,y,y,2012
CLE201207030,ANA,CLE,CLE08,20120703,0,7:07PM,night,,,true,,157,29292,unknown,unknown,overcast,85,tocf,12,maveb701,,,davib902,wolfj901,muchm901,laynj901,,,mcalz001,hared001,,regular,5,9,CLE,ANA,y,both,y,y,y,2012
CLE201207040,ANA,CLE,CLE08,20120704,0,4:06PM,day,,,true,,175,20979,unknown,unknown,cloudy,92,ltor,9,brosc701,,,wolfj901,muchm901,laynj901,davib902,,,lowed001,sante001,,regular,3,12,CLE,ANA,y,both,y,y,y,2012
ANA201207050,BAL,ANA,ANA01,20120705,0,7:09PM,night,,,true,,201,38104,unknown,unknown,cloudy,69,tocf,7,franm701,,,johna901,cedeg901,blasc901,barkl901,,,hawkl001,ayall001,friee001,regular,7,9,ANA,BAL,y,both,y,y,y,2012
ANA201207060,BAL,ANA,ANA01,20120706,0,7:08PM,night,,,true,,167,42716,unknown,unknown,sunny,73,tolf,7,munse701,,,cedeg901,blasc901,barkl901,johna901,,,gonzm003,wilsc004,johnj010,regular,3,2,BAL,ANA,y,both,y,y,y,2012
ANA201207070,BAL,ANA,ANA01,20120707,0,7:08PM,night,,,true,,140,41147,unknown,unknown,sunny,75,torf,6,munse701,,,blasc901,barkl901,johna901,cedeg901,,,weavj003,hammj002,downs001,regular,0,3,ANA,BAL,y,both,y,y,y,2012
ANA201207080,BAL,ANA,ANA01,20120708,0,12:37PM,day,,,true,,152,37108,unknown,unknown,sunny,79,tocf,6,munse701,,,barkl901,johna901,cedeg901,blasc901,,,millb001,chenw001,,regular,0,6,ANA,BAL,y,both,y,y,y,2012
NYA201207130,ANA,NYA,NYC21,20120713,0,7:09PM,night,,,true,,178,47873,unknown,unknown,unknown,81,rtol,14,karph701,,,everm901,schrp901,welkt901,diazl901,,,qualc001,downs001,sorir001,regular,5,6,NYA,ANA,y,both,y,y,y,2012
NYA201207140,ANA,NYA,NYC21,20120714,0,1:09PM,day,,,true,,173,47789,unknown,unknown,unknown,85,rtol,6,karph701,,,schrp901,welkt901,diazl901,everm901,,,garcf002,willj003,sorir001,regular,3,5,NYA,ANA,y,both,y,y,y,2012
NYA201207150,ANA,NYA,NYC21,20120715,0,1:08PM,day,,,true,,211,46679,unknown,unknown,unknown,87,tolf,9,karph701,,,welkt901,diazl901,everm901,schrp901,,,weavj003,novai001,jepsk001,regular,10,8,ANA,NYA,y,both,y,y,y,2012
DET201207160,ANA,DET,DET05,20120716,0,7:09PM,night,,,true,,188,36806,unknown,unknown,cloudy,93,fromcf,10,klonc701,,,holbs901,fleta901,drakr901,westj901,,,doteo001,hawkl001,valvj001,regular,6,8,DET,ANA,y,both,y,y,y,2012
DET201207170,ANA,DET,DET05,20120717,0,7:06PM,night,,,true,,189,33950,unknown,unknown,cloudy,100,tolf,12,klonc701,,,fleta901,drakr901,westj901,holbs901,,,richg002,turnj002,,regular,13,0,ANA,DET,y,both,y,y,y,2012
DET201207180,ANA,DET,DET05,20120718,0,7:05PM,night,,,true,,148,37915,unknown,unknown,cloudy,83,torf,10,klonc701,,,drakr901,westj901,holbs901,fleta901,,,fistd001,wilsc004,,regular,2,7,DET,ANA,y,both,y,y,y,2012
DET201207190,ANA,DET,DET05,20120719,0,1:06PM,day,,,true,,167,40311,unknown,unknown,unknown,69,ltor,10,klonc701,,,westj901,holbs901,fleta901,drakr901,,,schem001,willj003,,regular,1,5,DET,ANA,y,both,y,y,y,2012
ANA201207200,TEX,ANA,ANA01,20120720,0,7:08PM,night,,,true,,155,43936,unknown,unknown,sunny,81,torf,6,munse701,,,mealj901,darlg901,emmep901,barrl901,,,weavj003,holld003,,regular,1,6,ANA,TEX,y,both,y,y,y,2012
ANA201207210,TEX,ANA,ANA01,20120721,0,1:07PM,day,,,true,,193,39086,unknown,unknown,sunny,82,tocf,8,munse701,,,darlg901,emmep901,barrl901,mealj901,,,darvy001,sante001,,regular,9,2,TEX,ANA,y,both,y,y,y,2012
ANA201207220,TEX,ANA,ANA01,20120722,0,5:07PM,night,,,true,,189,42160,unknown,unknown,sunny,77,torf,6,munse701,,,emmep901,barrl901,mealj901,darlg901,,,hared001,harrm001,,regular,4,7,ANA,TEX,y,both,y,y,y,2012
ANA201207230,KCA,ANA,ANA01,20120723,0,7:08PM,night,,,true,,201,35047,unknown,unknown,sunny,77,tocf,5,munse701,,,ticht901,randt901,davib902,gormb901,,,jepsk001,hollg001,downs001,regular,3,6,ANA,KCA,y,both,y,y,y,2012
ANA201207240,KCA,ANA,ANA01,20120724,0,7:07PM,night,,,true,,174,35051,unknown,unknown,sunny,73,torf,8,franm701,,,randt901,davib902,gormb901,ticht901,,,smitw002,richg002,broxj001,regular,4,1,KCA,ANA,y,both,y,y,y,2012
ANA201207250,KCA,ANA,ANA01,20120725,0,12:38PM,day,,,true,,187,39107,unknown,unknown,sunny,75,tocf,10,munse701,,,davib902,gormb901,ticht901,randt901,,,weavj003,hochl001,,regular,6,11,ANA,KCA,y,both,y,y,y,2012
ANA201207270,TBA,ANA,ANA01,20120727,0,7:08PM,night,,,true,,153,40136,unknown,unknown,sunny,73,torf,7,franm701,,,davig901,cuzzp901,gibsg901,gonzm901,,,hared001,cobba001,friee001,regular,1,3,ANA,TBA,y,both,y,y,y,2012
ANA201207280,TBA,ANA,ANA01,20120728,0,6:08PM,night,,,true,,177,41232,unknown,unknown,sunny,80,tocf,11,munse701,,,cuzzp901,gibsg901,gonzm901,davig901,,,moorm003,wilsc004,rodnf001,regular,3,0,TBA,ANA,y,both,y,y,y,2012
ANA201207290,TBA,ANA,ANA01,20120729,0,12:37PM,day,,,true,,169,35477,unknown,unknown,sunny,78,tocf,11,munse701,,,gibsg901,gonzm901,davig901,cuzzp901,,,hellj001,greiz001,rodnf001,regular,2,0,TBA,ANA,y,both,y,y,y,2012
TEX201207300,ANA,TEX,ARL02,20120730,0,6:09PM,night,,,true,,186,36111,unknown,unknown,sunny,102,fromlf,11,ruddw701,,,dimum901,reynj901,hoyej901,joycj901,,,sante001,oswar001,willj003,regular,15,8,ANA,TEX,y,both,y,y,y,2012
TEX201207310,ANA,TEX,ARL02,20120731,0,7:09PM,night,,,true,,157,34918,unknown,unknown,sunny,103,torf,7,porzg701,,,reynj901,hoyej901,joycj901,dimum901,,,weavj003,holld003,,regular,6,2,ANA,TEX,y,both,y,y,y,2012
TEX201208010,ANA,TEX,ARL02,20120801,0,7:08PM,night,,,true,,241,42832,unknown,unknown,sunny,105,fromrf,12,wells701,,,hoyej901,joycj901,dimum901,reynj901,,,nathj001,isrij001,,regular,10,11,TEX,ANA,y,both,y,y,y,2012
TEX201208020,ANA,TEX,ARL02,20120802,0,7:08PM,night,,,true,,241,40281,unknown,unknown,sunny,102,fromrf,14,bumpl701,,,joycj901,dimum901,reynj901,hoyej901,,,oswar001,carpd002,,regular,9,15,TEX,ANA,y,both,y,y,y,2012
CHA201208030,ANA,CHA,CHI12,20120803,0,7:10PM,night,,,true,,215,32060,unknown,unknown,sunny,80,fromlf,7,roseb701,,,barrl901,nauep901,demud901,eddid901,,,thorm001,takah001,,regular,6,8,CHA,ANA,y,both,y,y,y,2012
CHA201208040,ANA,CHA,CHI12,20120804,0,6:31PM,night,,,true,,206,28571,unknown,unknown,overcast,72,rtol,8,roseb701,,,nauep901,demud901,eddid901,barrl901,,,jepsk001,thorm001,friee001,regular,6,5,ANA,CHA,y,both,y,y,y,2012
CHA201208050,ANA,CHA,CHI12,20120805,0,1:10PM,day,,,true,,178,30202,unknown,unknown,sunny,82,rtol,17,roseb701,,,demud901,eddid901,barrl901,nauep901,,,jonen001,isrij001,reeda001,regular,2,4,CHA,ANA,y,both,y,y,y,2012
OAK201208060,ANA,OAK,OAK01,20120806,0,7:07PM,night,,,true,,153,13341,unknown,unknown,sunny,67,torf,10,ducam701,,,iassd901,buckc901,millb901,scotd901,,,weavj003,parkj001,,regular,4,0,ANA,OAK,y,both,y,y,y,2012
OAK201208070,ANA,OAK,OAK01,20120807,0,7:07PM,night,,,true,,178,15458,unknown,unknown,sunny,67,tolf,9,ducam701,,,buckc901,millb901,scotd901,iassd901,,,colob001,wilsc004,,regular,4,10,OAK,ANA,y,both,y,y,y,2012
OAK201208080,ANA,OAK,OAK01,20120808,0,12:37PM,day,,,true,,220,21150,unknown,unknown,sunny,70,torf,8,feldd701,,,millb901,scotd901,iassd901,buckc901,,,neshp001,hawkl001,cookr001,regular,8,9,OAK,ANA,y,both,y,y,y,2012
ANA201208100,SEA,ANA,ANA01,20120810,0,7:08PM,night,,,true,,151,39016,unknown,unknown,cloudy,85,torf,9,franm701,,,everm901,diazl901,estam901,schrp901,,,friee001,kinnj001,,regular,5,6,ANA,SEA,y,both,y,y,y,2012
ANA201208110,SEA,ANA,ANA01,20120811,0,6:07PM,night,,,true,,155,38722,unknown,unknown,unknown,84,tocf,11,munse701,,,diazl901,estam901,schrp901,everm901,,,iwakh001,hared001,,regular,7,4,SEA,ANA,y,both,y,y,y,2012
ANA201208120,SEA,ANA,ANA01,20120812,0,12:38PM,day,,,true,,158,36505,unknown,unknown,sunny,91,tocf,10,munse701,,,estam901,schrp901,everm901,diazl901,,,vargj001,weavj003,wilht001,regular,4,1,SEA,ANA,y,both,y,y,y,2012
ANA201208130,CLE,ANA,ANA01,20120813,0,7:07PM,night,,,true,,193,36620,unknown,unknown,cloudy,82,tocf,6,munse701,,,davig901,cuzzp901,gibsg901,gonzm901,,,mastj001,wilsc004,perec002,regular,6,2,CLE,ANA,y,both,y,y,y,2012
ANA201208140,CLE,ANA,ANA01,20120814,0,7:07PM,night,,,true,,179,39827,unknown,unknown,sunny,86,torf,4,franm701,,,cuzzp901,gibsg901,gonzm901,davig901,,,greiz001,jimeu001,friee001,regular,6,9,ANA,CLE,y,both,y,y,y,2012
ANA201208150,CLE,ANA,ANA01,20120815,0,7:07PM,night,,,true,,167,37554,unknown,unknown,cloudy,76,tocf,5,munse701,,,gibsg901,gonzm901,davig901,cuzzp901,,,sante001,carmf001,,regular,4,8,ANA,CLE,y,both,y,y,y,2012
ANA201208160,TBA,ANA,ANA01,20120816,0,7:08PM,night,,,true,,160,38591,unknown,unknown,sunny,83,torf,3,munse701,,,guccc901,cousd901,porta901,wolfj901,,,pricd001,hared001,,regular,7,0,TBA,ANA,y,both,y,y,y,2012
ANA201208170,TBA,ANA,ANA01,20120817,0,7:07PM,night,,,true,,172,37298,unknown,unknown,cloudy,84,torf,7,munse701,,,cousd901,porta901,wolfj901,guccc901,,,shiej002,weavj003,,regular,12,3,TBA,ANA,y,both,y,y,y,2012
ANA201208180,TBA,ANA,ANA01,20120818,0,6:37PM,night,,,true,,211,41086,unknown,unknown,sunny,84,tocf,4,munse701,,,porta901,wolfj901,guccc901,cousd901,,,mcgej001,jepsk001,rodnf001,regular,10,8,TBA,ANA,y,both,y,y,y,2012
ANA201208190,TBA,ANA,ANA01,20120819,0,12:37PM,day,,,true,,194,36789,unknown,unknown,sunny,92,tocf,7,munse701,,,wolfj901,guccc901,cousd901,porta901,,,moorm003,greiz001,,regular,8,3,TBA,ANA,y,both,y,y,y,2012
BOS201208210,ANA,BOS,BOS07,20120821,0,7:12PM,night,,,true,,180,37794,unknown,unknown,unknown,79,torf,7,scogc701,,,barrt901,rungb901,mcclt901,bakej902,,,sante001,cooka002,friee001,regular,5,3,ANA,BOS,y,both,y,y,y,2012
BOS201208220,ANA,BOS,BOS07,20120822,0,7:11PM,night,,,true,,194,37373,unknown,unknown,cloudy,74,rtol,10,shalm701,,,rungb901,mcclt901,bakej902,barrt901,,,weavj003,buchc001,,regular,7,3,ANA,BOS,y,both,y,y,y,2012
BOS201208230,ANA,BOS,BOS07,20120823,0,7:12PM,night,,,true,,274,37829,unknown,unknown,cloudy,84,torf,12,shalm701,,,mcclt901,bakej902,barrt901,rungb901,,,friee001,aceva001,,regular,14,13,ANA,BOS,y,both,y,y,y,2012
DET201208240,ANA,DET,DET05,20120824,0,7:06PM,night,,,true,,181,39356,unknown,unknown,sunny,85,fromrf,8,kleir701,,,mealj901,darlg901,emmep901,barrs901,,,greiz001,porcr001,richg002,regular,2,1,ANA,DET,y,both,y,y,y,2012
DET201208250,ANA,DET,DET05,20120825,0,7:06PM,night,,,true,,178,41970,unknown,unknown,sunny,88,tocf,13,kleir701,,,darlg901,emmep901,barrs901,mealj901,,,doteo001,richg002,valvj001,regular,3,5,DET,ANA,y,both,y,y,y,2012
DET201208260,ANA,DET,DET05,20120826,0,1:08PM,day,,,true,,164,40074,unknown,unknown,sunny,81,fromrf,9,kleir701,,,emmep901,barrs901,mealj901,darlg901,,,schem001,sante001,,regular,2,5,DET,ANA,y,both,y,y,y,2012
ANA201208280,BOS,ANA,ANA01,20120828,0,7:08PM,night,,,true,,181,38745,unknown,unknown,overcast,86,tocf,4,munse701,,,fleta901,drakr901,westj901,holbs901,,,jepsk001,aceva001,,regular,5,6,ANA,BOS,y,both,y,y,y,2012
ANA201208290,BOS,ANA,ANA01,20120829,0,7:08PM,night,,,true,,186,37841,unknown,unknown,cloudy,79,tolf,5,franm701,,,drakr901,westj901,holbs901,fleta901,,,wilsc004,stewz001,,regular,3,10,ANA,BOS,y,both,y,y,y,2012
ANA201208300,BOS,ANA,ANA01,20120830,0,7:07PM,night,,,true,,163,39013,unknown,unknown,overcast,80,torf,4,munse701,,,westj901,holbs901,fleta901,drakr901,,,greiz001,lestj001,friee001,regular,2,5,ANA,BOS,y,both,y,y,y,2012
SEA201208310,ANA,SEA,SEA03,20120831,0,7:10PM,night,,,true,,184,17739,unknown,unknown,sunny,66,ltor,2,peted701,,,cousd901,wolfj901,porta901,kulpr901,,,hared001,millk004,,regular,9,1,ANA,SEA,y,both,y,y,y,2012
SEA201209010,ANA,SEA,SEA03,20120901,0,1:06PM,day,,,true,,183,22910,unknown,unknown,sunny,59,fromlf,2,radoe701,,,wolfj901,porta901,kulpr901,cousd901,,,sante001,hernf002,friee001,regular,5,2,ANA,SEA,y,both,y,y,y,2012
SEA201209020,ANA,SEA,SEA03,20120902,0,1:10PM,day,,,true,,168,20584,unknown,unknown,cloudy,60,torf,3,radoe701,,,porta901,kulpr901,cousd901,wolfj901,,,iwakh001,weavj003,wilht001,regular,1,2,SEA,ANA,y,both,y,y,y,2012
OAK201209030,ANA,OAK,OAK01,20120903,0,1:08PM,day,,,true,,204,20180,unknown,unknown,sunny,73,torf,10,santa701,,,hallt901,onorb901,fairc901,marqa901,,,wilsc004,milot001,,regular,8,3,ANA,OAK,y,both,y,y,y,2012
OAK201209040,ANA,OAK,OAK01,20120904,0,7:07PM,night,,,true,,172,11688,unknown,unknown,sunny,61,torf,13,santa701,,,onorb901,fairc901,marqa901,hallt901,,,greiz001,parkj001,,regular,6,1,ANA,OAK,y,both,y,y,y,2012
OAK201209050,ANA,OAK,OAK01,20120905,0,12:38PM,day,,,true,,190,15404,unknown,unknown,overcast,61,torf,8,feldd701,,,fairc901,marqa901,hallt901,onorb901,,,hared001,mccab001,,regular,7,1,ANA,OAK,y,both,y,y,y,2012
ANA201209070,DET,ANA,ANA01,20120907,0,7:09PM,night,,,true,,169,40104,unknown,unknown,cloudy,81,tocf,3,munse701,,,coope901,kellj901,timmt901,carav901,,,friee001,doteo001,,regular,2,3,ANA,DET,y,both,y,y,y,2012
ANA201209080,DET,ANA,ANA01,20120908,0,6:07PM,night,,,true,,157,41154,unknown,unknown,cloudy,80,tocf,8,munse701,,,kellj901,timmt901,carav901,coope901,,,wilsc004,verlj001,,regular,1,6,ANA,DET,y,both,y,y,y,2012
ANA201209090,DET,ANA,ANA01,20120909,0,12:38PM,day,,,true,,165,38216,unknown,unknown,cloudy,91,tocf,4,munse701,,,carav901,coope901,campa902,timmt901,,,greiz001,sanca004,friee001,regular,2,3,ANA,DET,y,both,y,y,y,2012
ANA201209100,OAK,ANA,ANA01,20120910,0,7:07PM,night,,,true,,145,36064,unknown,unknown,cloudy,78,tocf,6,munse701,,,welkt901,schrp901,everm901,diazl901,,,parkj001,hared001,balfg001,regular,3,1,OAK,ANA,y,both,y,y,y,2012
ANA201209110,OAK,ANA,ANA01,20120911,0,7:06PM,night,,,true,,195,37794,unknown,unknown,overcast,73,torf,9,munse701,,,schrp901,everm901,diazl901,welkt901,,,strad003,willj003,blevj001,regular,6,5,OAK,ANA,y,both,y,y,y,2012
ANA201209120,OAK,ANA,ANA01,20120912,0,7:08PM,night,,,true,,171,38097,unknown,unknown,sunny,76,torf,5,munse701,,,everm901,diazl901,welkt901,schrp901,,,grifa002,sante001,cookr001,regular,4,1,OAK,ANA,y,both,y,y,y,2012
ANA201209130,OAK,ANA,ANA01,20120913,0,12:39PM,day,,,true,,150,38029,unknown,unknown,sunny,85,tolf,5,munse701,,,diazl901,welkt901,schrp901,everm901,,,weavj003,andeb004,,regular,0,6,ANA,OAK,y,both,y,y,y,2012
KCA201209140,ANA,KCA,KAN06,20120914,0,7:10PM,night,,,true,,222,27586,unknown,unknown,cloudy,68,fromrf,10,blacd701,,,reybd901,barrt901,fagac901,mcclt901,,,waldj001,collt001,friee001,regular,9,7,ANA,KCA,y,both,y,y,y,2012
KCA201209150,ANA,KCA,KAN06,20120915,0,6:12PM,night,,,true,,143,23027,unknown,unknown,cloudy,70,rtol,8,blacd701,,,barrt901,fagac901,mcclt901,reybd901,,,herrk001,friee001,,regular,2,3,KCA,ANA,y,both,y,y,y,2012
KCA201209160,ANA,KCA,KAN06,20120916,0,1:12PM,day,,,true,,163,24979,unknown,unknown,unknown,70,rtol,7,blacd701,,,fagac901,mcclt901,reybd901,barrt901,,,hared001,smitw002,jepsk001,regular,4,3,ANA,KCA,y,both,y,y,y,2012
ANA201209180,TEX,ANA,ANA01,20120918,0,7:08PM,night,,,true,,188,36948,unknown,unknown,sunny,79,torf,5,munse701,,,wolfj901,nelsj901,welkb901,blasc901,,,weavj003,dempr002,,regular,3,11,ANA,TEX,y,both,y,y,y,2012
ANA201209190,TEX,ANA,ANA01,20120919,0,7:10PM,night,,,true,,183,37093,unknown,unknown,sunny,78,tocf,6,franm701,,,nelsj901,welkb901,blasc901,wolfj901,,,holld003,wilsc004,,regular,6,2,TEX,ANA,y,both,y,y,y,2012
ANA201209200,TEX,ANA,ANA01,20120920,0,7:08PM,night,,,true,,159,38205,unknown,unknown,sunny,81,torf,5,munse701,,,welkb901,blasc901,wolfj901,nelsj901,,,darvy001,friee001,nathj001,regular,3,1,TEX,ANA,y,both,y,y,y,2012
ANA201209210,CHA,ANA,ANA01,20120921,0,7:08PM,night,,,true,,152,39326,unknown,unknown,cloudy,82,tocf,6,franm701,,,carlm901,herna901,hicke901,conrc901,,,sante001,peavj001,,regular,2,6,ANA,CHA,y,both,y,y,y,2012
ANA201209220,CHA,ANA,ANA01,20120922,0,6:09PM,night,,,true,,168,41440,unknown,unknown,unknown,86,tocf,4,munse701,,,herna901,hicke901,conrc901,carlm901,,,hared001,quinj001,friee001,regular,2,4,ANA,CHA,y,both,y,y,y,2012
ANA201209230,CHA,ANA,ANA01,20120923,0,12:38PM,day,,,true,,159,36546,unknown,unknown,sunny,94,tocf,6,munse701,,,hicke901,conrc901,carlm901,herna901,,,weavj003,floyg001,,regular,1,4,ANA,CHA,y,both,y,y,y,2012
ANA201209250,SEA,ANA,ANA01,20120925,0,7:07PM,night,,,true,,190,38538,unknown,unknown,sunny,69,rtol,4,franm701,,,johna901,cedeg901,barkl901,culbf901,,,greiz001,ramie004,friee001,regular,4,5,ANA,SEA,y,both,y,y,y,2012
ANA201209260,SEA,ANA,ANA01,20120926,0,7:08PM,night,,,true,,183,37916,unknown,unknown,sunny,71,torf,3,munse701,,,cedeg901,barkl901,culbf901,johna901,,,friee001,pryos001,,regular,3,4,ANA,SEA,y,both,y,y,y,2012
ANA201209270,SEA,ANA,ANA01,20120927,0,12:38PM,day,,,true,,207,37377,unknown,unknown,sunny,81,tocf,3,munse701,,,barkl901,culbf901,johna901,cedeg901,,,iwakh001,hared001,,regular,9,4,SEA,ANA,y,both,y,y,y,2012
TEX201209280,ANA,TEX,ARL02,20120928,0,7:07PM,night,,,true,,194,46662,unknown,unknown,unknown,77,ltor,17,ruddw701,,,reynj901,hoyej901,joycj901,porta901,,,weavj003,dempr002,friee001,regular,7,4,ANA,TEX,y,both,y,y,y,2012
TEX201209301,ANA,TEX,ARL02,20120930,1,12:08PM,day,,,true,,192,46713,unknown,unknown,unknown,66,ltor,13,wells701,,,hoyej901,wegnm901,porta901,reynj901,,,richg002,nathj001,friee001,regular,5,4,ANA,TEX,y,both,y,y,y,2012
TEX201209302,ANA,TEX,ARL02,20120930,2,6:07PM,night,,,true,,197,48089,unknown,unknown,unknown,71,ltor,10,wells701,,,joycj901,porta901,reynj901,wegnm901,,,holld003,sante001,nathj001,regular,7,8,TEX,ANA,y,both,y,y,y,2012
SEA201210010,ANA,SEA,SEA03,20121001,0,7:10PM,night,,,true,,199,13963,unknown,unknown,cloudy,67,rtol,4,radoe701,,,randt901,ticht901,davib902,gormb901,,,wilsc004,hernf002,,regular,8,4,ANA,SEA,y,both,y,y,y,2012
SEA201210020,ANA,SEA,SEA03,20121002,0,7:10PM,night,,,true,,169,14353,unknown,unknown,sunny,57,fromlf,3,radoe701,,,ticht901,davib902,gormb901,randt901,,,iwakh001,hared001,,regular,1,6,SEA,ANA,y,both,y,y,y,2012
SEA201210030,ANA,SEA,SEA03,20121003,0,3:41PM,day,,,true,,176,15614,unknown,unknown,sunny,64,fromlf,9,peted701,,,davib902,gormb901,randt901,ticht901,,,beavb001,weavj003,,regular,0,12,SEA,ANA,y,both,y,y,y,2012
CIN201304010,ANA,CIN,CIN09,20130401,0,4:11PM,day,,,false,,285,43168,unknown,unknown,cloudy,47,tolf,11,rothr701,,,scotd901,millb901,buckc901,ticht901,,,lowem002,hoovj002,friee001,regular,3,1,ANA,CIN,y,both,y,y,y,2013
CIN201304030,ANA,CIN,CIN09,20130403,0,7:11PM,night,,,false,,186,35257,unknown,unknown,sunny,49,torf,11,rothr701,,,millb901,buckc901,ticht901,scotd901,,,chapa001,downs001,,regular,4,5,CIN,ANA,y,both,y,y,y,2013
CIN201304040,ANA,CIN,CIN09,20130404,0,12:37PM,day,,,false,,171,23795,unknown,unknown,cloudy,50,fromlf,10,camem701,,,buckc901,ticht901,scotd901,millb901,,,arrob001,blanj001,chapa001,regular,4,5,CIN,ANA,y,both,y,y,y,2013
TEX201304050,ANA,TEX,ARL02,20130405,0,1:08PM,day,,,true,,166,48845,unknown,unknown,sunny,64,unknown,0,wells701,,,gonzm901,bellw901,vanol901,randt901,,,schet001,downs001,nathj001,regular,2,3,TEX,ANA,y,both,y,y,y,2013
TEX201304060,ANA,TEX,ARL02,20130406,0,3:07PM,day,,,true,,180,47201,unknown,unknown,sunny,72,fromrf,17,ruddw701,,,bellw901,vanol901,randt901,gonzm901,,,hanst001,harrm001,,regular,8,4,ANA,TEX,y,both,y,y,y,2013
TEX201304070,ANA,TEX,ARL02,20130407,0,7:08PM,night,,,true,,181,42034,unknown,unknown,unknown,73,fromrf,17,wells701,,,vanol901,randt901,gonzm901,bellw901,,,darvy001,weavj003,,regular,3,7,TEX,ANA,y,both,y,y,y,2013
ANA201304090,OAK,ANA,ANA01,20130409,0,7:11PM,night,,,true,,224,44014,unknown,unknown,sunny,68,tocf,6,munse701,,,muchm901,knigb901,davig901,iassd901,,,cookr001,jepsk001,,regular,9,5,OAK,ANA,y,both,y,y,y,2013
ANA201304100,OAK,ANA,ANA01,20130410,0,7:08PM,night,,,true,,227,36011,unknown,unknown,sunny,72,tocf,6,munse701,,,knigb901,davig901,iassd901,muchm901,,,milot001,blanj001,,regular,11,5,OAK,ANA,y,both,y,y,y,2013
ANA201304110,OAK,ANA,ANA01,20130411,0,7:09PM,night,,,true,,179,43533,unknown,unknown,sunny,61,tocf,8,munse701,,,davig901,iassd901,muchm901,knigb901,,,grifa002,vargj001,,regular,8,1,OAK,ANA,y,both,y,y,y,2013
ANA201304120,HOU,ANA,ANA01,20130412,0,7:08PM,night,,,true,,203,37674,unknown,unknown,sunny,66,tocf,6,franm701,,,timmt901,wintm901,wegnm901,diazl901,,,norrb001,hanst001,,regular,5,0,HOU,ANA,y,both,y,y,y,2013
ANA201304130,HOU,ANA,ANA01,20130413,0,6:07PM,night,,,true,,190,43520,unknown,unknown,unknown,60,tocf,8,munse701,,,wintm901,wegnm901,diazl901,timmt901,,,rothm001,veraj001,,regular,4,5,ANA,HOU,y,both,y,y,y,2013
ANA201304140,HOU,ANA,ANA01,20130414,0,12:38PM,day,,,true,,183,36126,unknown,unknown,unknown,63,tocf,5,munse701,,,wegnm901,diazl901,timmt901,wintm901,,,wilsc004,humbp001,friee001,regular,1,4,ANA,HOU,y,both,y,y,y,2013
MIN201304150,ANA,MIN,MIN04,20130415,0,7:11PM,night,,,true,,169,23535,unknown,unknown,unknown,38,rtol,16,wongg701,,,conrc901,nauep901,fleta901,holbs901,,,corrk001,blanj001,,regular,2,8,MIN,ANA,y,both,y,y,y,2013
MIN201304160,ANA,MIN,MIN04,20130416,0,7:11PM,night,,,true,,210,23299,unknown,unknown,cloudy,45,fromlf,7,thors701,,,nauep901,fleta901,holbs901,conrc901,,,pelfm001,vargj001,perkg001,regular,6,8,MIN,ANA,y,both,y,y,y,2013
ANA201304190,DET,ANA,ANA01,20130419,0,7:07PM,night,,,true,,184,39023,unknown,unknown,sunny,77,tocf,6,franm701,,,darlg901,emmep901,drecb901,fagac901,,,hanst001,sanca004,,regular,1,8,ANA,DET,y,both,y,y,y,2013
ANA201304200,DET,ANA,ANA01,20130420,0,12:07PM,day,,,true,,172,35081,unknown,unknown,sunny,77,tocf,4,munse701,,,emmep901,drecb901,fagac901,darlg901,,,richg002,porcr001,,regular,0,10,ANA,DET,y,both,y,y,y,2013
ANA201304210,DET,ANA,ANA01,20130421,0,12:39PM,day,,,true,,268,41147,unknown,unknown,sunny,74,tocf,9,munse701,,,drecb901,fagac901,darlg901,emmep901,,,willj003,cokep001,,regular,3,4,ANA,DET,y,both,y,y,y,2013
ANA201304220,TEX,ANA,ANA01,20130422,0,7:09PM,night,,,true,,187,36192,unknown,unknown,cloudy,62,tocf,10,munse701,,,reynj901,hoyej901,hirsj901,davib902,,,schet001,friee001,nathj001,regular,7,6,TEX,ANA,y,both,y,y,y,2013
ANA201304230,TEX,ANA,ANA01,20130423,0,7:07PM,night,,,true,,193,35353,unknown,unknown,sunny,64,tocf,7,franm701,,,hoyej901,hirsj901,davib902,reynj901,,,delad001,ortij004,,regular,4,5,ANA,TEX,y,both,y,y,y,2013
ANA201304240,TEX,ANA,ANA01,20130424,0,7:09PM,night,,,true,,202,37154,unknown,unknown,unknown,63,tocf,10,munse701,,,hirsj901,davib902,reynj901,hoyej901,,,darvy001,rothm001,,regular,11,3,TEX,ANA,y,both,y,y,y,2013
SEA201304250,ANA,SEA,SEA03,20130425,0,7:10PM,night,,,true,,149,13012,unknown,unknown,sunny,66,ltor,2,radoe701,,,fostm901,barrs901,bellw901,everm901,,,maurb001,richg002,,regular,0,6,SEA,ANA,y,both,y,y,y,2013
SEA201304260,ANA,SEA,SEA03,20130426,0,7:10PM,night,,,true,,214,31545,unknown,unknown,cloudy,63,torf,4,radoe701,,,barrs901,bellw901,everm901,fostm901,,,wilsc004,haraa001,friee001,regular,6,3,ANA,SEA,y,both,y,y,y,2013
SEA201304270,ANA,SEA,SEA03,20130427,0,6:10PM,night,,,true,,157,31914,unknown,unknown,overcast,57,torf,1,peted701,,,bellw901,everm901,fostm901,barrs901,,,hernf002,blanj001,wilht001,regular,2,3,SEA,ANA,y,both,y,y,y,2013
SEA201304280,ANA,SEA,SEA03,20130428,0,1:11PM,day,,,true,,151,20648,unknown,unknown,unknown,56,unknown,1,peted701,,,everm901,fostm901,barrs901,bellw901,,,cappc001,vargj001,wilht001,regular,1,2,SEA,ANA,y,both,y,y,y,2013
OAK201304290,ANA,OAK,OAK01,20130429,0,7:09PM,night,,,true,,392,11668,unknown,unknown,cloudy,71,torf,16,santa701,,,danlk901,carav901,cedeg901,barkl901,,,blevj001,enrib001,,regular,8,10,OAK,ANA,y,both,y,y,y,2013
OAK201304300,ANA,OAK,OAK01,20130430,0,7:08PM,night,,,true,,219,14764,unknown,unknown,cloudy,71,torf,9,santa701,,,carav901,cedeg901,barkl901,danlk901,,,parkj001,richg002,,regular,6,10,OAK,ANA,y,both,y,y,y,2013
OAK201305010,ANA,OAK,OAK01,20130501,0,12:38PM,day,,,true,,215,17139,unknown,unknown,sunny,79,fromlf,10,santa701,,,cedeg901,barkl901,danlk901,carav901,,,wilsc004,milot001,friee001,regular,5,4,ANA,OAK,y,both,y,y,y,2013
ANA201305020,BAL,ANA,ANA01,20130502,0,7:10PM,night,,,true,,148,35118,unknown,unknown,sunny,88,torf,5,munse701,,,randt901,gonzm901,bellw901,vanol901,,,tillc001,blanj001,,regular,5,1,BAL,ANA,y,both,y,y,y,2013
ANA201305030,BAL,ANA,ANA01,20130503,0,7:08PM,night,,,true,,135,40140,unknown,unknown,cloudy,83,tolf,6,munse701,,,gonzm901,bellw901,vanol901,randt901,,,vargj001,gonzm003,,regular,0,4,ANA,BAL,y,both,y,y,y,2013
ANA201305040,BAL,ANA,ANA01,20130504,0,1:08PM,day,,,true,,223,32136,unknown,unknown,sunny,70,rtol,11,munse701,,,bellw901,vanol901,randt901,gonzm901,,,huntt002,richg002,johnj010,regular,5,4,BAL,ANA,y,both,y,y,y,2013
ANA201305050,BAL,ANA,ANA01,20130505,0,12:38PM,day,,,true,,214,38047,unknown,unknown,overcast,65,torf,12,munse701,,,vanol901,randt901,gonzm901,bellw901,,,hammj002,willj003,odayd001,regular,8,4,BAL,ANA,y,both,y,y,y,2013
HOU201305070,ANA,HOU,HOU03,20130507,0,7:11PM,night,,,true,,165,15266,unknown,unknown,sunny,85,tolf,14,blour701,,,onorb901,welkb901,johna901,culbf901,,,lylej001,wilsc004,veraj001,regular,6,7,HOU,ANA,y,both,y,y,y,2013
HOU201305080,ANA,HOU,HOU03,20130508,0,7:10PM,night,,,true,,150,12906,unknown,unknown,cloudy,78,tolf,9,porzg701,,,welkb901,johna901,culbf901,onorb901,,,norrb001,blanj001,veraj001,regular,1,3,HOU,ANA,y,both,y,y,y,2013
HOU201305090,ANA,HOU,HOU03,20130509,0,7:10PM,night,,,true,,247,13003,dry,none,dome,73,unknown,0,wilkt701,,,johna901,culbf901,onorb901,welkb901,,,richg002,ambrh001,friee001,regular,6,5,ANA,HOU,y,both,y,y,y,2013
CHA201305100,ANA,CHA,CHI12,20130510,0,7:11PM,night,,,true,,215,22638,unknown,unknown,unknown,40,torf,13,frisd701,,,blasc901,nelsj901,hicke901,barkl901,,,kohnm001,axeld001,friee001,regular,7,5,ANA,CHA,y,both,y,y,y,2013
CHA201305110,ANA,CHA,CHI12,20130511,0,6:11PM,night,,,true,,178,28774,unknown,unknown,cloudy,51,tocf,21,roseb701,,,nelsj901,hicke901,barkl901,blasc901,,,willj003,quinj001,friee001,regular,3,2,ANA,CHA,y,both,y,y,y,2013
CHA201305120,ANA,CHA,CHI12,20130512,0,7:07PM,night,,,true,,152,22088,unknown,unknown,cloudy,52,tocf,12,roseb701,,,hicke901,barkl901,blasc901,nelsj901,,,salec001,wilsc004,,regular,0,3,CHA,ANA,y,both,y,y,y,2013
ANA201305130,KCA,ANA,ANA01,20130513,0,7:08PM,night,,,true,,187,32203,unknown,unknown,sunny,86,tocf,3,munse701,,,davib902,mcclt901,hudsm901,guccc901,,,mendl001,blanj001,hochl001,regular,11,4,KCA,ANA,y,both,y,y,y,2013
ANA201305140,KCA,ANA,ANA01,20130514,0,7:08PM,night,,,true,,152,33028,unknown,unknown,sunny,71,torf,5,franm701,,,mcclt901,hudsm901,guccc901,davib902,,,vargj001,guthj001,,regular,2,6,ANA,KCA,y,both,y,y,y,2013
ANA201305150,KCA,ANA,ANA01,20130515,0,7:07PM,night,,,true,,216,31917,unknown,unknown,sunny,67,tocf,6,franm701,,,hudsm901,guccc901,davib902,mcclt901,,,daviw001,enrib001,,regular,9,5,KCA,ANA,y,both,y,y,y,2013
ANA201305160,CHA,ANA,ANA01,20130516,0,7:08PM,night,,,true,,188,37711,unknown,unknown,cloudy,66,torf,7,munse701,,,tumpj901,reynj901,hoyej901,hirsj901,,,lindm001,delad001,reeda001,regular,5,4,CHA,ANA,y,both,y,y,y,2013
ANA201305170,CHA,ANA,ANA01,20130517,0,7:09PM,night,,,true,,168,37546,unknown,unknown,cloudy,69,tocf,7,munse701,,,reynj901,hoyej901,hirsj901,tumpj901,,,salec001,wilsc004,reeda001,regular,3,0,CHA,ANA,y,both,y,y,y,2013
ANA201305180,CHA,ANA,ANA01,20130518,0,1:08PM,day,,,true,,230,37165,unknown,unknown,cloudy,72,rtol,7,munse701,,,hoyej901,hirsj901,tumpj901,reynj901,,,coelr001,jonen001,friee001,regular,9,12,ANA,CHA,y,both,y,y,y,2013
ANA201305190,CHA,ANA,ANA01,20130519,0,12:39PM,day,,,true,,184,38190,unknown,unknown,sunny,74,torf,7,munse701,,,hirsj901,tumpj901,reynj901,hoyej901,,,vargj001,peavj001,friee001,regular,2,6,ANA,CHA,y,both,y,y,y,2013
ANA201305210,SEA,ANA,ANA01,20130521,0,7:08PM,night,,,true,,167,34095,unknown,unknown,sunny,69,torf,8,munse701,,,barkl901,carav901,davig901,nelsj901,,,willj003,haraa001,,regular,0,12,ANA,SEA,y,both,y,y,y,2013
ANA201305220,SEA,ANA,ANA01,20130522,0,4:09PM,day,,,true,,164,33313,unknown,unknown,sunny,71,fromlf,8,munse701,,,carav901,davig901,nelsj901,barkl901,,,wilsc004,maurb001,,regular,1,7,ANA,SEA,y,both,y,y,y,2013
KCA201305230,ANA,KCA,KAN06,20130523,0,7:11PM,night,,,true,,175,18784,unknown,unknown,unknown,66,ltor,6,boycd701,,,barrs901,welkt901,everm901,fostm901,,,blanj001,sante001,coelr001,regular,5,4,ANA,KCA,y,both,y,y,y,2013
KCA201305240,ANA,KCA,KAN06,20130524,0,7:09PM,night,,,true,,181,32148,unknown,unknown,cloudy,71,rtol,11,boycd701,,,welkt901,everm901,fostm901,barrs901,,,vargj001,hochl001,richg002,regular,5,2,ANA,KCA,y,both,y,y,y,2013
KCA201305250,ANA,KCA,KAN06,20130525,0,1:10PM,day,,,true,,164,27958,unknown,unknown,cloudy,80,rtol,5,boycd701,,,everm901,fostm901,barrs901,welkt901,,,buckb002,guthj001,,regular,7,0,ANA,KCA,y,both,y,y,y,2013
KCA201305260,ANA,KCA,KAN06,20130526,0,1:15PM,day,,,true,,218,24475,unknown,unknown,unknown,81,rtol,11,boycd701,,,fostm901,barrs901,welkt901,everm901,,,willj003,daviw001,friee001,regular,5,2,ANA,KCA,y,both,y,y,y,2013
LAN201305270,ANA,LAN,LOS03,20130527,0,5:12PM,night,,,false,,217,49953,unknown,unknown,cloudy,71,unknown,10,hartd701,,,darlg901,emmep901,muchm901,drecb901,,,belir001,coelr001,leagb001,regular,7,8,LAN,ANA,y,both,y,y,y,2013
LAN201305280,ANA,LAN,LOS03,20130528,0,7:12PM,night,,,false,,131,46443,unknown,unknown,sunny,73,torf,9,munse701,,,emmep901,muchm901,drecb901,darlg901,,,ryu-h001,blanj001,,regular,0,3,LAN,ANA,y,both,y,y,y,2013
ANA201305290,LAN,ANA,ANA01,20130529,0,7:10PM,night,,,true,,170,39172,unknown,unknown,sunny,73,tocf,9,munse701,,,muchm901,drecb901,darlg901,emmep901,,,weavj003,capuc001,friee001,regular,3,4,ANA,LAN,y,both,y,y,y,2013
ANA201305300,LAN,ANA,ANA01,20130530,0,7:07PM,night,,,true,,165,42231,unknown,unknown,sunny,71,torf,11,munse701,,,drecb901,darlg901,emmep901,muchm901,,,vargj001,lillt001,friee001,regular,2,3,ANA,LAN,y,both,y,y,y,2013
ANA201305310,HOU,ANA,ANA01,20130531,0,7:09PM,night,,,true,,190,34401,unknown,unknown,cloudy,72,tocf,7,munse701,,,dimum901,barrt901,marqa901,belld901,,,keucd001,hanst001,veraj001,regular,6,3,HOU,ANA,y,both,y,y,y,2013
ANA201306010,HOU,ANA,ANA01,20130601,0,7:08PM,night,,,true,,194,40087,unknown,unknown,sunny,70,torf,10,munse701,,,barrt901,marqa901,belld901,dimum901,,,norrb001,willj003,veraj001,regular,2,0,HOU,ANA,y,both,y,y,y,2013
ANA201306020,HOU,ANA,ANA01,20130602,0,12:41PM,day,,,true,,199,35515,unknown,unknown,overcast,69,tocf,9,munse701,,,marqa901,belld901,dimum901,barrt901,,,lylej001,wilsc004,ambrh001,regular,5,4,HOU,ANA,y,both,y,y,y,2013
ANA201306030,HOU,ANA,ANA01,20130603,0,7:09PM,night,,,true,,158,30010,unknown,unknown,cloudy,67,tocf,8,munse701,,,belld901,dimum901,barrt901,marqa901,,,bedae001,blanj001,veraj001,regular,2,1,HOU,ANA,y,both,y,y,y,2013
ANA201306040,CHN,ANA,ANA01,20130604,0,7:09PM,night,,,true,,181,32223,unknown,unknown,sunny,69,tocf,9,munse701,,,joycj901,blasc901,nelsj901,hicke901,,,coelr001,villc001,friee001,regular,3,4,ANA,CHN,y,both,y,y,y,2013
ANA201306050,CHN,ANA,ANA01,20130605,0,4:08PM,day,,,true,,254,30171,unknown,unknown,sunny,75,tocf,9,franm701,,,blasc901,nelsj901,hicke901,joycj901,,,gregk001,coelr001,,regular,8,6,CHN,ANA,y,both,y,y,y,2013
BOS201306081,ANA,BOS,BOS07,20130608,1,1:06PM,day,,,true,,240,34499,unknown,unknown,unknown,68,torf,13,shalm701,,,mcclt901,fagac901,fostm901,bellw901,,,hanst001,doubf001,friee001,regular,9,5,ANA,BOS,y,both,y,y,y,2013
BOS201306082,ANA,BOS,BOS07,20130608,2,7:17PM,night,,,true,,205,36518,unknown,unknown,cloudy,77,torf,12,shalm701,,,hudsm901,fostm901,bellw901,fagac901,,,buchc001,wilsc004,,regular,2,7,BOS,ANA,y,both,y,y,y,2013
BOS201306090,ANA,BOS,BOS07,20130609,0,1:42PM,day,,,true,,213,37054,unknown,unknown,sunny,76,torf,10,scogc701,,,fostm901,bellw901,hudsm901,mcclt901,,,dempr002,blanj001,,regular,5,10,BOS,ANA,y,both,y,y,y,2013
BAL201306100,ANA,BAL,BAL12,20130610,0,7:10PM,night,,,true,,143,15514,wet,rain,unknown,75,tolf,10,jacom701,,,westj901,holbs901,fleta901,drakr901,,,garcf002,weavj003,johnj010,regular,3,4,BAL,ANA,y,both,y,y,y,2013
BAL201306110,ANA,BAL,BAL12,20130611,0,7:05PM,night,,,true,,162,22834,unknown,unknown,cloudy,81,tocf,5,jacom701,,,holbs901,fleta901,drakr901,westj901,,,gonzm003,vargj001,johnj010,regular,2,3,BAL,ANA,y,both,y,y,y,2013
BAL201306120,ANA,BAL,BAL12,20130612,0,12:37PM,day,,,true,,193,25964,unknown,unknown,unknown,79,ltor,18,hennj701,,,fleta901,drakr901,westj901,holbs901,,,willj003,strop001,,regular,9,5,ANA,BAL,y,both,y,y,y,2013
ANA201306140,NYA,ANA,ANA01,20130614,0,7:08PM,night,,,true,,173,40621,unknown,unknown,sunny,67,tocf,9,franm701,,,gonzm901,randt901,vanol901,gormb901,,,wilsc004,petta001,friee001,regular,2,5,ANA,NYA,y,both,y,y,y,2013
ANA201306150,NYA,ANA,ANA01,20130615,0,4:16PM,day,,,true,,190,40486,unknown,unknown,sunny,72,ltor,7,munse701,,,randt901,vanol901,gormb901,gonzm901,,,hanst001,pheld001,,regular,2,6,ANA,NYA,y,both,y,y,y,2013
ANA201306160,NYA,ANA,ANA01,20130616,0,12:38PM,day,,,true,,178,41204,unknown,unknown,sunny,75,torf,4,munse701,,,vanol901,gormb901,gonzm901,randt901,,,sabac001,weavj003,rivem002,regular,6,5,NYA,ANA,y,both,y,y,y,2013
ANA201306170,SEA,ANA,ANA01,20130617,0,7:07PM,night,,,true,,176,30258,unknown,unknown,sunny,72,tolf,4,munse701,,,reynj901,hirsj901,danlk901,davib902,,,vargj001,haraa001,,regular,3,11,ANA,SEA,y,both,y,y,y,2013
ANA201306180,SEA,ANA,ANA01,20130618,0,7:08PM,night,,,true,,222,33040,unknown,unknown,sunny,72,torf,7,franm701,,,hirsj901,danlk901,davib902,reynj901,,,furbc001,richg002,mediy001,regular,3,2,SEA,ANA,y,both,y,y,y,2013
ANA201306190,SEA,ANA,ANA01,20130619,0,7:09PM,night,,,true,,147,35401,unknown,unknown,sunny,75,tocf,5,munse701,,,danlk901,davib902,reynj901,hirsj901,,,wilsc004,saunj001,friee001,regular,0,1,ANA,SEA,y,both,y,y,y,2013
ANA201306200,SEA,ANA,ANA01,20130620,0,7:07PM,night,,,true,,216,37711,unknown,unknown,sunny,75,tocf,6,franm701,,,davib902,reynj901,hirsj901,danlk901,,,downs001,cappc001,friee001,regular,9,10,ANA,SEA,y,both,y,y,y,2013
ANA201306210,PIT,ANA,ANA01,20130621,0,7:09PM,night,,,true,,175,40136,unknown,unknown,cloudy,73,torf,8,munse701,,,hicke901,joycj901,blasc901,nelsj901,,,coleg001,weavj003,grilj001,regular,5,2,PIT,ANA,y,both,y,y,y,2013
ANA201306220,PIT,ANA,ANA01,20130622,0,7:07PM,night,,,true,,172,41114,unknown,unknown,sunny,73,tocf,7,munse701,,,joycj901,blasc901,nelsj901,hicke901,,,lirif001,willj003,,regular,6,1,PIT,ANA,y,both,y,y,y,2013
ANA201306230,PIT,ANA,ANA01,20130623,0,12:38PM,day,,,true,,235,35069,unknown,unknown,unknown,70,tocf,5,munse701,,,blasc901,nelsj901,hicke901,joycj901,,,melam001,jepsk001,,regular,10,9,PIT,ANA,y,both,y,y,y,2013
DET201306250,ANA,DET,DET05,20130625,0,7:08PM,night,,,true,,243,34204,unknown,unknown,cloudy,84,tolf,8,klonc701,,,demud901,herna901,nauep901,eddid901,,,wilsc004,porcr001,,regular,14,8,ANA,DET,y,both,y,y,y,2013
DET201306260,ANA,DET,DET05,20130626,0,7:07PM,night,,,true,,186,35635,unknown,unknown,cloudy,80,rtol,6,klonc701,,,herna901,nauep901,eddid901,demud901,,,delad001,alvaj003,friee001,regular,7,4,ANA,DET,y,both,y,y,y,2013
DET201306270,ANA,DET,DET05,20130627,0,1:08PM,day,,,true,,205,39496,unknown,unknown,cloudy,79,fromlf,7,klonc701,,,nauep901,eddid901,demud901,herna901,,,jepsk001,cokep001,friee001,regular,3,1,ANA,DET,y,both,y,y,y,2013
HOU201306280,ANA,HOU,HOU03,20130628,0,7:12PM,night,,,true,,229,20498,dry,none,dome,73,unknown,0,porzg701,,,danlk901,barkl901,muchm901,cedeg901,,,delad001,clemp002,friee001,regular,4,2,ANA,HOU,y,both,y,y,y,2013
HOU201306290,ANA,HOU,HOU03,20130629,0,3:11PM,day,,,true,,181,26650,dry,none,dome,73,unknown,0,blour701,,,barkl901,muchm901,cedeg901,danlk901,,,blanj001,lylej001,,regular,7,2,ANA,HOU,y,both,y,y,y,2013
HOU201306300,ANA,HOU,HOU03,20130630,0,1:11PM,day,,,true,,188,22361,dry,none,dome,73,unknown,0,porzg701,,,muchm901,cedeg901,danlk901,barkl901,,,wilsc004,cisnj001,friee001,regular,3,1,ANA,HOU,y,both,y,y,y,2013
ANA201307020,SLN,ANA,ANA01,20130702,0,7:08PM,night,,,true,,160,39455,unknown,unknown,cloudy,71,tocf,6,munse701,,,ticht901,scotd901,hamaa901,millb901,,,weavj003,lynnl001,,regular,1,5,ANA,SLN,y,both,y,y,y,2013
ANA201307030,SLN,ANA,ANA01,20130703,0,7:07PM,night,,,true,,202,35025,unknown,unknown,cloudy,74,unknown,3,munse701,,,scotd901,hamaa901,millb901,ticht901,,,mills001,willj003,,regular,12,2,SLN,ANA,y,both,y,y,y,2013
ANA201307040,SLN,ANA,ANA01,20130704,0,6:08PM,night,,,true,,171,42707,unknown,unknown,sunny,76,tocf,7,munse701,,,hamaa901,millb901,ticht901,scotd901,,,downs001,mujie001,,regular,5,6,ANA,SLN,y,both,y,y,y,2013
ANA201307050,BOS,ANA,ANA01,20130705,0,7:08PM,night,,,true,,194,37092,unknown,unknown,sunny,72,tocf,8,franm701,,,diazl901,timmt901,wintm901,wegnm901,,,doubf001,wilsc004,,regular,6,2,BOS,ANA,y,both,y,y,y,2013
ANA201307060,BOS,ANA,ANA01,20130706,0,7:07PM,night,,,true,,262,36112,unknown,unknown,cloudy,72,tocf,6,munse701,,,timmt901,wintm901,wegnm901,diazl901,,,delad001,bresc001,,regular,7,9,ANA,BOS,y,both,y,y,y,2013
ANA201307070,BOS,ANA,ANA01,20130707,0,5:08PM,night,,,true,,177,39018,unknown,unknown,cloudy,81,tocf,3,munse701,,,wintm901,wegnm901,diazl901,timmt901,,,weavj003,lackj001,friee001,regular,0,3,ANA,BOS,y,both,y,y,y,2013
CHN201307090,ANA,CHN,CHI11,20130709,0,7:07PM,night,,,false,,163,31579,unknown,unknown,cloudy,84,tocf,7,roseb701,,,westj901,holbs901,fleta901,wintm901,,,woodt004,blanj001,,regular,2,7,CHN,ANA,y,both,y,y,y,2013
CHN201307100,ANA,CHN,CHI11,20130710,0,7:07PM,night,,,false,,184,31111,unknown,unknown,sunny,74,fromrf,7,roseb701,,,holbs901,fleta901,wintm901,westj901,,,wilsc004,samaj001,,regular,13,2,ANA,CHN,y,both,y,y,y,2013
SEA201307120,ANA,SEA,SEA03,20130712,0,7:10PM,night,,,true,,165,21375,unknown,unknown,cloudy,65,fromlf,1,peted701,,,mcclt901,hudsm901,gibsh902,fostm901,,,saunj001,willj003,,regular,3,8,SEA,ANA,y,both,y,y,y,2013
SEA201307130,ANA,SEA,SEA03,20130713,0,7:10PM,night,,,true,,177,32466,unknown,unknown,sunny,73,ltor,2,peted701,,,hudsm901,gibsh902,fostm901,mcclt901,,,hernf002,weavj003,,regular,0,6,SEA,ANA,y,both,y,y,y,2013
SEA201307140,ANA,SEA,SEA03,20130714,0,1:10PM,day,,,true,,171,25643,unknown,unknown,sunny,68,tocf,4,radoe701,,,gibsh902,fostm901,mcclt901,hudsm901,,,iwakh001,blanj001,wilht001,regular,3,4,SEA,ANA,y,both,y,y,y,2013
ANA201307190,OAK,ANA,ANA01,20130719,0,7:09PM,night,,,true,,178,43515,unknown,unknown,sunny,73,rtol,7,munse701,,,hallt901,cuzzp901,guccc901,kulpr901,,,weavj003,grifa002,friee001,regular,1,4,ANA,OAK,y,both,y,y,y,2013
ANA201307200,OAK,ANA,ANA01,20130720,0,6:09PM,night,,,true,,151,43572,unknown,unknown,cloudy,68,tocf,7,franm701,,,cuzzp901,guccc901,kulpr901,hallt901,,,wilsc004,strad003,friee001,regular,0,2,ANA,OAK,y,both,y,y,y,2013
ANA201307210,OAK,ANA,ANA01,20130721,0,12:38PM,day,,,true,,168,37441,unknown,unknown,overcast,72,tocf,6,munse701,,,guccc901,kulpr901,hallt901,cuzzp901,,,colob001,willj003,,regular,6,0,OAK,ANA,y,both,y,y,y,2013
ANA201307220,MIN,ANA,ANA01,20130722,0,7:10PM,night,,,true,,211,33363,unknown,unknown,cloudy,73,tocf,9,munse701,,,marqa901,barrt901,muchm901,barrs901,,,dedus001,blanj001,perkg001,regular,4,3,MIN,ANA,y,both,y,y,y,2013
ANA201307230,MIN,ANA,ANA01,20130723,0,7:08PM,night,,,true,,218,39177,unknown,unknown,sunny,76,tolf,8,franm701,,,barrt901,muchm901,barrs901,marqa901,,,perkg001,friee001,,regular,10,3,MIN,ANA,y,both,y,y,y,2013
ANA201307240,MIN,ANA,ANA01,20130724,0,12:39PM,day,,,true,,163,38209,unknown,unknown,sunny,79,tocf,6,munse701,,,muchm901,barrs901,marqa901,barrt901,,,weavj003,pelfm001,friee001,regular,0,1,ANA,MIN,y,both,y,y,y,2013
OAK201307250,ANA,OAK,OAK01,20130725,0,7:06PM,night,,,true,,193,20468,unknown,unknown,cloudy,61,torf,12,santa701,,,welkb901,johna901,hallt901,barrl901,,,wilsc004,strad003,,regular,8,3,ANA,OAK,y,both,y,y,y,2013
OAK201307260,ANA,OAK,OAK01,20130726,0,7:07PM,night,,,true,,192,27429,unknown,unknown,sunny,60,torf,21,santa701,,,johna901,hallt901,barrl901,welkb901,,,colob001,willj003,balfg001,regular,4,6,OAK,ANA,y,both,y,y,y,2013
OAK201307270,ANA,OAK,OAK01,20130727,0,12:05PM,day,,,true,,183,32333,unknown,unknown,unknown,63,torf,8,santa701,,,hallt901,barrl901,welkb901,johna901,,,milot001,downs001,balfg001,regular,1,3,OAK,ANA,y,both,y,y,y,2013
OAK201307280,ANA,OAK,OAK01,20130728,0,1:07PM,day,,,true,,211,25877,unknown,unknown,cloudy,61,torf,11,santa701,,,barrl901,welkb901,johna901,hallt901,,,chavj001,gutij002,,regular,6,10,OAK,ANA,y,both,y,y,y,2013
TEX201307290,ANA,TEX,ARL02,20130729,0,6:12PM,night,,,true,,184,36282,unknown,unknown,cloudy,96,fromrf,10,ruddw701,,,porta901,gibsg901,laynj901,wendh902,,,frasj002,friee001,,regular,3,4,TEX,ANA,y,both,y,y,y,2013
TEX201307300,ANA,TEX,ARL02,20130730,0,7:07PM,night,,,true,,286,36931,unknown,unknown,sunny,97,rtol,5,wells701,,,gibsg901,laynj901,wendh902,porta901,,,nathj001,stand001,,regular,11,14,TEX,ANA,y,both,y,y,y,2013
TEX201307310,ANA,TEX,ARL02,20130731,0,7:07PM,night,,,true,,150,39391,unknown,unknown,cloudy,100,fromrf,3,porzg701,,,laynj901,wendh902,porta901,gibsg901,,,nathj001,kohnm001,,regular,1,2,TEX,ANA,y,both,y,y,y,2013
ANA201308010,TOR,ANA,ANA01,20130801,0,7:08PM,night,,,true,,158,37179,unknown,unknown,sunny,71,tocf,6,munse701,,,tumpj901,knigb901,carlm901,davig901,,,richg002,johnj009,,regular,2,8,ANA,TOR,y,both,y,y,y,2013
ANA201308020,TOR,ANA,ANA01,20130802,0,7:08PM,night,,,true,,195,38884,unknown,unknown,cloudy,72,rtol,8,franm701,,,knigb901,carlm901,davig901,iassd901,,,delad001,delas001,friee001,regular,5,7,ANA,TOR,y,both,y,y,y,2013
ANA201308030,TOR,ANA,ANA01,20130803,0,6:09PM,night,,,true,,155,41253,unknown,unknown,cloudy,74,tocf,10,munse701,,,carlm901,davig901,iassd901,knigb901,,,weavj003,rogee002,,regular,3,7,ANA,TOR,y,both,y,y,y,2013
ANA201308040,TOR,ANA,ANA01,20130804,0,12:40PM,day,,,true,,185,33936,unknown,unknown,sunny,75,tolf,4,munse701,,,davig901,iassd901,knigb901,carlm901,,,cecib001,friee001,jansc001,regular,6,5,TOR,ANA,y,both,y,y,y,2013
ANA201308050,TEX,ANA,ANA01,20130805,0,7:08PM,night,,,true,,181,34040,unknown,unknown,sunny,72,tocf,7,franm701,,,wintm901,diazl901,timmt901,wegnm901,,,perem004,willj003,nathj001,regular,5,2,TEX,ANA,y,both,y,y,y,2013
ANA201308060,TEX,ANA,ANA01,20130806,0,7:08PM,night,,,true,,192,34233,unknown,unknown,cloudy,72,torf,7,munse701,,,diazl901,timmt901,wegnm901,wintm901,,,darvy001,jepsk001,schet001,regular,8,3,TEX,ANA,y,both,y,y,y,2013
ANA201308070,TEX,ANA,ANA01,20130807,0,7:08PM,night,,,true,,231,34777,unknown,unknown,sunny,72,tocf,7,munse701,,,timmt901,wegnm901,wintm901,diazl901,,,ogana001,hanst001,,regular,10,3,TEX,ANA,y,both,y,y,y,2013
CLE201308090,ANA,CLE,CLE08,20130809,0,7:04PM,night,,,true,,170,28729,unknown,unknown,cloudy,73,ltor,5,maveb701,,,danlk901,barkl901,carav901,cedeg901,,,weavj003,kazms001,delad001,regular,5,2,ANA,CLE,y,both,y,y,y,2013
CLE201308100,ANA,CLE,CLE08,20130810,0,7:05PM,night,,,true,,221,32733,unknown,unknown,unknown,70,fromrf,12,maveb701,,,barkl901,carav901,cedeg901,danlk901,,,wilsc004,jimeu001,,regular,7,2,ANA,CLE,y,both,y,y,y,2013
CLE201308110,ANA,CLE,CLE08,20130811,0,1:05PM,day,,,true,,193,23433,unknown,unknown,cloudy,76,rtol,4,brosc701,,,carav901,cedeg901,danlk901,barkl901,,,albem001,gutij002,perec002,regular,5,6,CLE,ANA,y,both,y,y,y,2013
NYA201308120,ANA,NYA,NYC21,20130812,0,7:09PM,night,,,true,,162,37146,unknown,unknown,cloudy,80,rtol,8,freed701,,,gormb901,rackd901,vanol901,randt901,,,kuroh001,richg002,robed002,regular,1,2,NYA,ANA,y,both,y,y,y,2013
NYA201308130,ANA,NYA,NYC21,20130813,0,7:08PM,night,,,true,,213,35013,unknown,unknown,unknown,77,torf,6,freed701,,,rackd901,vanol901,randt901,gormb901,,,sabac001,vargj001,,regular,7,14,NYA,ANA,y,both,y,y,y,2013
NYA201308140,ANA,NYA,NYC21,20130814,0,7:08PM,night,,,true,,160,38379,unknown,unknown,cloudy,71,torf,18,freed701,,,vanol901,randt901,gormb901,rackd901,,,novai001,weavj003,,regular,3,11,NYA,ANA,y,both,y,y,y,2013
NYA201308150,ANA,NYA,NYC21,20130815,0,1:08PM,day,,,true,,229,44682,unknown,unknown,sunny,75,torf,9,freed701,,,randt901,gormb901,rackd901,vanol901,,,wilsc004,hughp001,,regular,8,4,ANA,NYA,y,both,y,y,y,2013
ANA201308160,HOU,ANA,ANA01,20130816,0,7:08PM,night,,,true,,228,39074,unknown,unknown,sunny,79,torf,7,franm701,,,schrp901,fairc901,kellj901,coope901,,,peacb001,willj003,,regular,8,2,HOU,ANA,y,both,y,y,y,2013
ANA201308170,HOU,ANA,ANA01,20130817,0,6:08PM,night,,,true,,228,40246,unknown,unknown,sunny,83,tocf,6,munse701,,,fairc901,kellj901,coope901,schrp901,,,friee001,fielj002,,regular,5,6,ANA,HOU,y,both,y,y,y,2013
ANA201308180,HOU,ANA,ANA01,20130818,0,12:38PM,day,,,true,,202,36896,unknown,unknown,sunny,76,tolf,6,munse701,,,kellj901,coope901,schrp901,fairc901,,,oberb001,gutij002,chapk002,regular,7,5,HOU,ANA,y,both,y,y,y,2013
ANA201308190,CLE,ANA,ANA01,20130819,0,7:09PM,night,,,true,,183,36574,unknown,unknown,cloudy,72,tocf,7,munse701,,,iassd901,knigb901,carlm901,davig901,,,mcalz001,weavj003,,regular,5,2,CLE,ANA,y,both,y,y,y,2013
ANA201308200,CLE,ANA,ANA01,20130820,0,7:08PM,night,,,true,,317,36421,unknown,unknown,cloudy,77,torf,6,franm701,,,knigb901,carlm901,davig901,iassd901,,,carrc003,blanj001,,regular,4,1,CLE,ANA,y,both,y,y,y,2013
ANA201308210,CLE,ANA,ANA01,20130821,0,4:08PM,day,,,true,,179,35810,unknown,unknown,sunny,86,tocf,10,munse701,,,carlm901,davig901,iassd901,knigb901,,,mastj001,willj003,perec002,regular,3,1,CLE,ANA,y,both,y,y,y,2013
SEA201308230,ANA,SEA,SEA03,20130823,0,7:10PM,night,,,true,,165,21616,unknown,unknown,cloudy,72,tolf,2,radoe701,,,guccc901,kulpr901,hallt901,cuzzp901,,,richg002,hernf002,friee001,regular,2,0,ANA,SEA,y,both,y,y,y,2013
SEA201308240,ANA,SEA,SEA03,20130824,0,6:10PM,night,,,true,,198,24477,unknown,unknown,unknown,72,tocf,2,radoe701,,,kulpr901,hallt901,cuzzp901,guccc901,,,vargj001,ramie004,,regular,5,1,ANA,SEA,y,both,y,y,y,2013
SEA201308250,ANA,SEA,SEA03,20130825,0,1:10PM,day,,,true,,170,22999,unknown,unknown,overcast,67,ltor,2,peted701,,,hallt901,cuzzp901,guccc901,kulpr901,,,weavj003,haraa001,,regular,7,1,ANA,SEA,y,both,y,y,y,2013
TBA201308270,ANA,TBA,STP01,20130827,0,7:10PM,night,,,true,,216,12939,unknown,unknown,dome,72,unknown,0,mathb701,,,timmt901,diazl901,wegnm901,wintm901,,,friee001,rodnf001,delad001,regular,6,5,ANA,TBA,y,both,y,y,y,2013
TBA201308280,ANA,TBA,STP01,20130828,0,7:11PM,night,,,true,,167,13535,unknown,unknown,dome,72,unknown,0,mathb701,,,diazl901,wegnm901,wintm901,timmt901,,,archc001,richg002,rodnf001,regular,1,4,TBA,ANA,y,both,y,y,y,2013
TBA201308290,ANA,TBA,STP01,20130829,0,1:10PM,day,,,true,,182,15741,unknown,unknown,dome,72,unknown,0,mathb701,,,wegnm901,wintm901,timmt901,diazl901,,,vargj001,odorj001,friee001,regular,2,0,ANA,TBA,y,both,y,y,y,2013
MIL201308300,ANA,MIL,MIL06,20130830,0,7:10PM,night,,,false,,196,32340,unknown,unknown,unknown,79,ltor,8,odrit701,,,wolfj901,hicke901,joycj901,nelsj901,,,weavj003,peraw001,,regular,5,0,ANA,MIL,y,both,y,y,y,2013
MIL201308310,ANA,MIL,MIL06,20130831,0,6:10PM,night,,,false,,199,28175,unknown,unknown,unknown,73,rtol,8,odrit701,,,hicke901,joycj901,nelsj901,wolfj901,,,delad001,hendj001,friee001,regular,6,5,ANA,MIL,y,both,y,y,y,2013
MIL201309010,ANA,MIL,MIL06,20130901,0,1:10PM,day,,,false,,186,29733,unknown,unknown,sunny,81,tolf,5,odrit701,,,joycj901,nelsj901,wolfj901,hicke901,,,wilsc004,wootr001,friee001,regular,5,3,ANA,MIL,y,both,y,y,y,2013
ANA201309020,TBA,ANA,ANA01,20130902,0,6:09PM,night,,,true,,238,37557,unknown,unknown,cloudy,85,tocf,7,munse701,,,scotd901,millb901,ticht901,buckc901,,,richg002,archc001,,regular,2,11,ANA,TBA,y,both,y,y,y,2013
ANA201309030,TBA,ANA,ANA01,20130903,0,7:08PM,night,,,true,,187,34332,unknown,unknown,sunny,86,tocf,7,munse701,,,millb901,ticht901,buckc901,scotd901,,,moorm003,vargj001,carmf001,regular,7,1,TBA,ANA,y,both,y,y,y,2013
ANA201309040,TBA,ANA,ANA01,20130904,0,7:12PM,night,,,true,,174,34025,unknown,unknown,sunny,89,torf,6,munse701,,,ticht901,buckc901,scotd901,barrl901,,,hellj001,weavj003,rodnf001,regular,3,1,TBA,ANA,y,both,y,y,y,2013
ANA201309050,TBA,ANA,ANA01,20130905,0,7:27PM,night,,,true,,169,34623,unknown,unknown,cloudy,88,tocf,4,munse701,,,buckc901,scotd901,millb901,ticht901,,,willj003,pricd001,,regular,2,6,ANA,TBA,y,both,y,y,y,2013
ANA201309060,TEX,ANA,ANA01,20130906,0,7:09PM,night,,,true,,171,39591,unknown,unknown,cloudy,89,tocf,4,munse701,,,johna901,welkb901,culbf901,bakej902,,,wilsc004,garzm001,friee001,regular,5,6,ANA,TEX,y,both,y,y,y,2013
ANA201309070,TEX,ANA,ANA01,20130907,0,6:08PM,night,,,true,,190,40558,unknown,unknown,cloudy,88,tolf,9,franm701,,,welkb901,culbf901,bakej902,johna901,,,richg002,holld003,,regular,3,8,ANA,TEX,y,both,y,y,y,2013
ANA201309080,TEX,ANA,ANA01,20130908,0,12:38PM,day,,,true,,211,35423,unknown,unknown,cloudy,84,tocf,8,munse701,,,culbf901,bakej902,johna901,welkb901,,,ogana001,kohnm001,nathj001,regular,4,3,TEX,ANA,y,both,y,y,y,2013
MIN201309090,ANA,MIN,MIN04,20130909,0,6:11PM,night,,,true,,199,21826,unknown,unknown,cloudy,93,rtol,13,thors701,,,diazl901,wegnm901,blasc901,reybd901,,,fienc001,rasmc002,perkg001,regular,3,6,MIN,ANA,y,both,y,y,y,2013
TOR201309100,ANA,TOR,TOR02,20130910,0,7:07PM,night,,,true,,163,19079,unknown,unknown,sunny,72,ltor,10,uttes701,,,welkt901,basnt901,gibsh902,everm901,,,willj003,buehm001,,regular,12,6,ANA,TOR,y,both,y,y,y,2013
TOR201309110,ANA,TOR,TOR02,20130911,0,7:10PM,night,,,true,,163,17994,dry,none,dome,68,unknown,0,uttes701,,,basnt901,gibsh902,everm901,welkt901,,,wilsc004,delas001,friee001,regular,5,4,ANA,TOR,y,both,y,y,y,2013
TOR201309120,ANA,TOR,TOR02,20130912,0,7:07PM,night,,,true,,190,20767,unknown,unknown,cloudy,70,fromcf,9,uttes701,,,gibsh902,everm901,welkt901,basnt901,,,richg002,happj001,friee001,regular,4,3,ANA,TOR,y,both,y,y,y,2013
HOU201309130,ANA,HOU,HOU03,20130913,0,7:10PM,night,,,true,,190,19742,dry,none,dome,73,unknown,0,porzg701,,,diazl901,wegnm901,timmt901,wintm901,,,keucd001,vargj001,fielj002,regular,7,9,HOU,ANA,y,both,y,y,y,2013
HOU201309140,ANA,HOU,HOU03,20130914,0,6:11PM,night,,,true,,191,21903,dry,none,dome,73,unknown,0,porzg701,,,wegnm901,timmt901,wintm901,diazl901,,,weavj003,oberb001,,regular,6,2,ANA,HOU,y,both,y,y,y,2013
HOU201309150,ANA,HOU,HOU03,20130915,0,1:13PM,day,,,true,,177,21374,dry,none,dome,73,unknown,0,porzg701,,,timmt901,wintm901,diazl901,wegnm901,,,willj003,clemp002,friee001,regular,2,1,ANA,HOU,y,both,y,y,y,2013
OAK201309160,ANA,OAK,OAK01,20130916,0,7:08PM,night,,,true,,189,14629,unknown,unknown,sunny,58,torf,12,younj701,,,conrc901,darlg901,mealj901,emmep901,,,wilsc004,parkj001,,regular,12,1,ANA,OAK,y,both,y,y,y,2013
OAK201309170,ANA,OAK,OAK01,20130917,0,7:09PM,night,,,true,,206,18771,unknown,unknown,sunny,62,torf,9,younj701,,,darlg901,mealj901,emmep901,conrc901,,,balfg001,kohnm001,,regular,1,2,OAK,ANA,y,both,y,y,y,2013
OAK201309180,ANA,OAK,OAK01,20130918,0,12:38PM,day,,,true,,199,20260,unknown,unknown,sunny,70,torf,8,feldd701,,,mealj901,emmep901,conrc901,darlg901,,,gutij002,chavj001,friee001,regular,5,4,ANA,OAK,y,both,y,y,y,2013
ANA201309200,SEA,ANA,ANA01,20130920,0,7:08PM,night,,,true,,250,39469,unknown,unknown,overcast,68,torf,5,munse701,,,fleta901,drakr901,westj901,joycj901,,,rasmc002,lafrb001,,regular,2,3,ANA,SEA,y,both,y,y,y,2013
ANA201309210,SEA,ANA,ANA01,20130921,0,6:08PM,night,,,true,,181,41001,unknown,unknown,sunny,72,fromcf,8,franm701,,,drakr901,westj901,joycj901,fleta901,,,willj003,saunj001,friee001,regular,5,6,ANA,SEA,y,both,y,y,y,2013
ANA201309220,SEA,ANA,ANA01,20130922,0,12:39PM,day,,,true,,202,39099,unknown,unknown,cloudy,75,tocf,3,munse701,,,westj901,joycj901,fleta901,drakr901,,,pereo002,wilsc004,farqd001,regular,3,2,SEA,ANA,y,both,y,y,y,2013
ANA201309230,OAK,ANA,ANA01,20130923,0,7:09PM,night,,,true,,187,41147,unknown,unknown,sunny,80,torf,5,munse701,,,reynj901,davib902,hirsj901,hoyej901,,,milot001,richg002,,regular,10,5,OAK,ANA,y,both,y,y,y,2013
ANA201309240,OAK,ANA,ANA01,20130924,0,7:08PM,night,,,true,,137,38158,unknown,unknown,sunny,78,torf,5,munse701,,,davib902,hirsj901,hoyej901,reynj901,,,vargj001,grifa002,,regular,0,3,ANA,OAK,y,both,y,y,y,2013
ANA201309250,OAK,ANA,ANA01,20130925,0,12:38PM,day,,,true,,151,36226,unknown,unknown,sunny,75,tocf,7,munse701,,,hirsj901,hoyej901,reynj901,davib902,,,weavj003,strad003,friee001,regular,1,3,ANA,OAK,y,both,y,y,y,2013
TEX201309260,ANA,TEX,ARL02,20130926,0,7:08PM,night,,,true,,202,26198,unknown,unknown,sunny,89,fromrf,12,porzg701,,,barrt901,dimum901,barrs901,marqa901,,,nathj001,kohnm001,,regular,5,6,TEX,ANA,y,both,y,y,y,2013
TEX201309270,ANA,TEX,ARL02,20130927,0,7:06PM,night,,,true,,211,37355,unknown,unknown,cloudy,86,fromrf,18,wells701,,,dimum901,barrs901,marqa901,barrt901,,,cottn001,gutij002,nathj001,regular,3,5,TEX,ANA,y,both,y,y,y,2013
TEX201309280,ANA,TEX,ARL02,20130928,0,11:07AM,day,,,true,,198,38635,unknown,unknown,overcast,79,fromrf,15,wells701,,,barrs901,marqa901,barrt901,dimum901,,,sorij001,richg002,nathj001,regular,4,7,TEX,ANA,y,both,y,y,y,2013
TEX201309290,ANA,TEX,ARL02,20130929,0,2:07PM,day,,,true,,177,40057,unknown,unknown,sunny,78,torf,16,wells701,,,marqa901,barrt901,dimum901,barrs901,,,cottn001,vargj001,,regular,2,6,TEX,ANA,y,both,y,y,y,2013
ANA201403310,SEA,ANA,ANA01,20140331,0,7:13PM,night,,,true,,197,44152,unknown,unknown,cloudy,60,tocf,9,munse701,,,westj901,fostm901,drakr901,porta901,,,hernf002,weavj003,,regular,10,3,SEA,ANA,y,both,y,y,y,2014
ANA201404010,SEA,ANA,ANA01,20140401,0,7:10PM,night,,,true,,185,43567,unknown,unknown,cloudy,59,rtol,13,munse701,,,fostm901,drakr901,porta901,westj901,,,ramie004,wilsc004,,regular,8,3,SEA,ANA,y,both,y,y,y,2014
ANA201404020,SEA,ANA,ANA01,20140402,0,7:06PM,night,,,true,,159,38007,unknown,unknown,sunny,57,ltor,15,munse701,,,drakr901,porta901,westj901,fostm901,,,paxtj001,santh001,,regular,8,2,SEA,ANA,y,both,y,y,y,2014
HOU201404040,ANA,HOU,HOU03,20140404,0,7:10PM,night,,,true,,215,15611,unknown,unknown,cloudy,73,fromcf,14,porzg701,,,hallt901,coope901,guccc901,hobep901,,,richg002,harrl002,,regular,11,1,ANA,HOU,y,both,y,y,y,2014
HOU201404050,ANA,HOU,HOU03,20140405,0,6:13PM,night,,,true,,182,28515,dry,none,dome,73,unknown,0,blour701,,,coope901,guccc901,hobep901,hallt901,,,skagt001,keucd001,,regular,5,1,ANA,HOU,y,both,y,y,y,2014
HOU201404060,ANA,HOU,HOU03,20140406,0,1:14PM,day,,,true,,172,14786,dry,none,dome,73,unknown,0,porzg701,,,guccc901,hobep901,hallt901,coope901,,,felds001,weavj003,qualc001,regular,4,7,HOU,ANA,y,both,y,y,y,2014
HOU201404070,ANA,HOU,HOU03,20140407,0,1:09PM,day,,,true,,164,17936,unknown,unknown,sunny,65,fromcf,7,blour701,,,hobep901,hallt901,coope901,guccc901,,,wilsc004,cosaj001,,regular,9,1,ANA,HOU,y,both,y,y,y,2014
SEA201404080,ANA,SEA,SEA03,20140408,0,7:12PM,night,,,true,,179,45661,dry,none,dome,56,unknown,1,peted701,,,muchm901,wintm901,fleta901,bucks901,,,paxtj001,santh001,rodnf001,regular,3,5,SEA,ANA,y,both,y,y,y,2014
SEA201404090,ANA,SEA,SEA03,20140409,0,7:10PM,night,,,true,,173,16437,unknown,unknown,sunny,56,torf,3,radoe701,,,wintm901,fleta901,bucks901,muchm901,,,richg002,eliar001,friee001,regular,2,0,ANA,SEA,y,both,y,y,y,2014
ANA201404110,NYN,ANA,ANA01,20140411,0,7:08PM,night,,,true,,234,42871,unknown,unknown,sunny,65,tocf,7,munse701,,,gonzm901,barbs901,basnt901,culbf901,,,kohnm001,famij001,,regular,4,5,ANA,NYN,y,both,y,y,y,2014
ANA201404120,NYN,ANA,ANA01,20140412,0,6:07PM,night,,,true,,269,40027,unknown,unknown,sunny,63,tocf,9,munse701,,,barbs901,basnt901,culbf901,gonzm901,,,lannj001,shoem001,,regular,7,6,NYN,ANA,y,both,y,y,y,2014
ANA201404130,NYN,ANA,ANA01,20140413,0,12:37PM,day,,,true,,185,38855,unknown,unknown,overcast,65,tocf,7,munse701,,,basnt901,culbf901,gonzm901,barbs901,,,wilsc004,colob001,,regular,2,14,ANA,NYN,y,both,y,y,y,2014
ANA201404140,OAK,ANA,ANA01,20140414,0,7:09PM,night,,,true,,176,37120,unknown,unknown,sunny,78,torf,5,munse701,,,welkt901,segac901,timmt901,ticht901,,,johnj010,friee001,gregl001,regular,3,2,OAK,ANA,y,both,y,y,y,2014
ANA201404150,OAK,ANA,ANA01,20140415,0,7:08PM,night,,,true,,252,34887,unknown,unknown,sunny,70,torf,9,munse701,,,segac901,timmt901,ticht901,welkt901,,,johnj010,herry001,,regular,10,9,OAK,ANA,y,both,y,y,y,2014
ANA201404160,OAK,ANA,ANA01,20140416,0,7:08PM,night,,,true,,259,37344,unknown,unknown,sunny,65,tocf,8,munse701,,,timmt901,ticht901,welkt901,segac901,,,smitj002,pomed001,,regular,4,5,ANA,OAK,y,both,y,y,y,2014
DET201404180,ANA,DET,DET05,20140418,0,7:08PM,night,,,true,,214,28435,unknown,unknown,sunny,55,fromlf,1,marod701,,,davig901,cuzzp901,knigb901,wolcq901,,,weavj003,smyld001,,regular,11,6,ANA,DET,y,both,y,y,y,2014
DET201404190,ANA,DET,DET05,20140419,0,1:08PM,day,,,true,,193,36659,unknown,unknown,sunny,50,ltor,9,kleir701,,,cuzzp901,knigb901,wolcq901,davig901,,,schem001,wilsc004,,regular,2,5,DET,ANA,y,both,y,y,y,2014
DET201404200,ANA,DET,DET05,20140420,0,1:08PM,day,,,true,,208,28921,unknown,unknown,sunny,65,fromcf,6,kleir701,,,knigb901,wolcq901,davig901,cuzzp901,,,porcr001,santh001,nathj001,regular,1,2,DET,ANA,y,both,y,y,y,2014
WAS201404210,ANA,WAS,WAS11,20140421,0,7:06PM,night,,,false,,198,24371,unknown,unknown,sunny,67,tocf,3,jacot701,,,bakej902,mealj901,emmep901,basnt901,,,salaf001,clipt001,friee001,regular,4,2,ANA,WAS,y,both,y,y,y,2014
WAS201404220,ANA,WAS,WAS11,20140422,0,7:07PM,night,,,false,,163,21915,unknown,unknown,unknown,68,tocf,4,jacot701,,,mealj901,emmep901,basnt901,bakej902,,,skagt001,jordt001,,regular,7,2,ANA,WAS,y,both,y,y,y,2014
WAS201404230,ANA,WAS,WAS11,20140423,0,7:06PM,night,,,false,,198,22504,unknown,unknown,sunny,54,fromlf,12,jacot701,,,emmep901,basnt901,bakej902,mealj901,,,stord001,friee001,,regular,4,5,WAS,ANA,y,both,y,y,y,2014
NYA201404250,ANA,NYA,NYC21,20140425,0,7:09PM,night,,,true,,210,38358,unknown,unknown,cloudy,53,rtol,16,karph701,,,buckc901,gibsh902,welkb901,iassd901,,,wilsc004,kuroh001,,regular,13,1,ANA,NYA,y,both,y,y,y,2014
NYA201404260,ANA,NYA,NYC21,20140426,0,1:07PM,day,,,true,,185,40908,unknown,unknown,cloudy,61,ltor,15,karph701,,,gibsh902,welkb901,iassd901,buckc901,,,betad001,santh001,robed002,regular,3,4,NYA,ANA,y,both,y,y,y,2014
NYA201404270,ANA,NYA,NYC21,20140427,0,8:07PM,night,,,true,,208,40028,unknown,unknown,unknown,54,ltor,11,karph701,,,welkb901,iassd901,buckc901,gibsh902,,,warra001,kohnm001,robed002,regular,2,3,NYA,ANA,y,both,y,y,y,2014
ANA201404280,CLE,ANA,ANA01,20140428,0,7:08PM,night,,,true,,159,37654,unknown,unknown,sunny,74,tocf,6,franm701,,,wolfj901,rackd901,morag901,gormb901,,,salaf001,mastj001,smitj002,regular,3,6,ANA,CLE,y,both,y,y,y,2014
ANA201404290,CLE,ANA,ANA01,20140429,0,7:07PM,night,,,true,,216,35131,unknown,unknown,sunny,84,fromrf,11,munse701,,,rackd901,morag901,gormb901,wolfj901,,,weavj003,klubc001,smitj002,regular,4,6,ANA,CLE,y,both,y,y,y,2014
ANA201404300,CLE,ANA,ANA01,20140430,0,4:09PM,day,,,true,,166,33334,unknown,unknown,sunny,92,rtol,27,munse701,,,morag901,gormb901,wolfj901,rackd901,,,wilsc004,mcalz001,,regular,1,7,ANA,CLE,y,both,y,y,y,2014
ANA201405020,TEX,ANA,ANA01,20140502,0,7:09PM,night,,,true,,194,42989,unknown,unknown,sunny,83,torf,6,franm701,,,hicke901,barrl901,demud901,kulpr901,,,lewic001,santh001,sorij001,regular,5,2,TEX,ANA,y,both,y,y,y,2014
ANA201405030,TEX,ANA,ANA01,20140503,0,6:07PM,night,,,true,,204,39107,unknown,unknown,cloudy,81,ltor,7,munse701,,,barrl901,demud901,kulpr901,hicke901,,,richg002,tolls002,smitj002,regular,3,5,ANA,TEX,y,both,y,y,y,2014
ANA201405040,TEX,ANA,ANA01,20140504,0,12:38PM,day,,,true,,237,37765,unknown,unknown,cloudy,79,tocf,9,munse701,,,demud901,kulpr901,hicke901,barrl901,,,darvy001,skagt001,,regular,14,3,TEX,ANA,y,both,y,y,y,2014
ANA201405050,NYA,ANA,ANA01,20140505,0,7:08PM,night,,,true,,189,39701,unknown,unknown,cloudy,65,tocf,14,munse701,,,diazl901,barrs901,nelsj901,pattm903,,,weavj003,kells001,friee001,regular,1,4,ANA,NYA,y,both,y,y,y,2014
ANA201405060,NYA,ANA,ANA01,20140506,0,7:08PM,night,,,true,,177,40106,unknown,unknown,cloudy,63,torf,6,franm701,,,barrs901,nelsj901,pattm903,diazl901,,,kells001,friee001,robed002,regular,4,3,NYA,ANA,y,both,y,y,y,2014
ANA201405070,NYA,ANA,ANA01,20140507,0,7:08PM,night,,,true,,181,44083,unknown,unknown,sunny,64,tocf,9,munse701,,,nelsj901,pattm903,diazl901,barrs901,,,nunov001,santh001,,regular,9,2,NYA,ANA,y,both,y,y,y,2014
TOR201405090,ANA,TOR,TOR02,20140509,0,7:09PM,night,,,true,,189,21383,dry,none,dome,68,unknown,0,moreh701,,,herna901,johna901,basnt901,vanol901,,,smitj002,cecib001,friee001,regular,4,3,ANA,TOR,y,both,y,y,y,2014
TOR201405100,ANA,TOR,TOR02,20140510,0,1:07PM,day,,,true,,166,31412,dry,none,dome,68,unknown,0,lajor701,,,johna901,basnt901,vanol901,herna901,,,skagt001,happj001,smitj002,regular,5,3,ANA,TOR,y,both,y,y,y,2014
TOR201405110,ANA,TOR,TOR02,20140511,0,1:08PM,day,,,true,,204,20871,dry,none,dome,68,unknown,0,lajor701,,,basnt901,vanol901,herna901,johna901,,,weavj003,hutcd001,,regular,9,3,ANA,TOR,y,both,y,y,y,2014
TOR201405120,ANA,TOR,TOR02,20140512,0,7:07PM,night,,,true,,165,13603,dry,none,dome,68,unknown,0,lajor701,,,vanol901,herna901,johna901,basnt901,,,buehm001,wilsc004,,regular,3,7,TOR,ANA,y,both,y,y,y,2014
PHI201405130,ANA,PHI,PHI13,20140513,0,7:07PM,night,,,false,,169,41959,unknown,unknown,cloudy,70,rtol,15,macom701,,,hudsm901,blasc901,onorb901,eddid901,,,shoem001,lee-c003,friee001,regular,4,3,ANA,PHI,y,both,y,y,y,2014
PHI201405140,ANA,PHI,PHI13,20140514,0,1:08PM,day,,,false,,188,33308,unknown,unknown,unknown,67,rtol,8,dunnj701,,,blasc901,onorb901,eddid901,hudsm901,,,richg002,burna001,smitj002,regular,3,0,ANA,PHI,y,both,y,y,y,2014
ANA201405150,TBA,ANA,ANA01,20140515,0,7:08PM,night,,,true,,222,34441,unknown,unknown,sunny,95,torf,9,munse701,,,carav901,hamaa901,reynj901,millb901,,,salaf001,boxbb001,,regular,5,6,ANA,TBA,y,both,y,y,y,2014
ANA201405160,TBA,ANA,ANA01,20140516,0,7:08PM,night,,,true,,207,38796,unknown,unknown,cloudy,82,torf,7,munse701,,,hamaa901,reynj901,millb901,carav901,,,archc001,weavj003,balfg001,regular,3,0,TBA,ANA,y,both,y,y,y,2014
ANA201405170,TBA,ANA,ANA01,20140517,0,6:10PM,night,,,true,,179,42224,unknown,unknown,cloudy,78,tocf,9,franm701,,,reynj901,millb901,carav901,hamaa901,,,wilsc004,ramoc001,,regular,0,6,ANA,TBA,y,both,y,y,y,2014
ANA201405180,TBA,ANA,ANA01,20140518,0,12:37PM,day,,,true,,179,36655,unknown,unknown,cloudy,75,torf,8,munse701,,,millb901,carav901,hamaa901,reynj901,,,shoem001,pricd001,,regular,2,6,ANA,TBA,y,both,y,y,y,2014
ANA201405190,HOU,ANA,ANA01,20140519,0,7:08PM,night,,,true,,160,33150,unknown,unknown,cloudy,67,tocf,11,munse701,,,gibsg901,cuzzp901,davig901,wolcq901,,,keucd001,richg002,,regular,5,2,HOU,ANA,y,both,y,y,y,2014
ANA201405200,HOU,ANA,ANA01,20140520,0,7:08PM,night,,,true,,214,30150,unknown,unknown,cloudy,68,rtol,9,munse701,,,cuzzp901,davig901,wolcq901,gibsg901,,,skagt001,felds001,,regular,3,9,ANA,HOU,y,both,y,y,y,2014
ANA201405210,HOU,ANA,ANA01,20140521,0,7:08PM,night,,,true,,146,40112,unknown,unknown,cloudy,68,tocf,8,franm701,,,davig901,wolcq901,gibsg901,cuzzp901,,,weavj003,mchuc001,,regular,1,2,ANA,HOU,y,both,y,y,y,2014
ANA201405230,KCA,ANA,ANA01,20140523,0,7:08PM,night,,,true,,171,35082,unknown,unknown,cloudy,67,tocf,9,franm701,,,fleta901,segac901,muchm901,wegnm901,,,wilsc004,duffd001,,regular,1,6,ANA,KCA,y,both,y,y,y,2014
ANA201405240,KCA,ANA,ANA01,20140524,0,4:17PM,day,,,true,,293,42140,unknown,unknown,overcast,69,tocf,8,munse701,,,segac901,muchm901,wegnm901,fleta901,,,crowa001,morim002,hollg001,regular,7,4,KCA,ANA,y,both,y,y,y,2014
ANA201405250,KCA,ANA,ANA01,20140525,0,12:37PM,day,,,true,,184,36114,unknown,unknown,sunny,74,tocf,2,munse701,,,muchm901,wegnm901,fleta901,segac901,,,kohnm001,collt001,friee001,regular,3,4,ANA,KCA,y,both,y,y,y,2014
SEA201405260,ANA,SEA,SEA03,20140526,0,1:12PM,day,,,true,,160,22710,unknown,unknown,cloudy,64,unknown,0,padud701,,,buckc901,gibsh902,scotd901,iassd901,,,younc003,skagt001,,regular,1,5,SEA,ANA,y,both,y,y,y,2014
SEA201405270,ANA,SEA,SEA03,20140527,0,7:10PM,night,,,true,,183,13064,unknown,unknown,sunny,64,torf,6,radoe701,,,gibsh902,scotd901,iassd901,buckc901,,,weavj003,eliar001,friee001,regular,6,4,ANA,SEA,y,both,y,y,y,2014
SEA201405280,ANA,SEA,SEA03,20140528,0,7:10PM,night,,,true,,150,13895,dry,none,dome,63,unknown,0,peted701,,,scotd901,iassd901,buckc901,gibsh902,,,hernf002,wilsc004,rodnf001,regular,1,3,SEA,ANA,y,both,y,y,y,2014
SEA201405290,ANA,SEA,SEA03,20140529,0,7:11PM,night,,,true,,188,11657,unknown,unknown,cloudy,62,unknown,1,padud701,,,iassd901,buckc901,gibsh902,scotd901,,,shoem001,maurb001,friee001,regular,7,5,ANA,SEA,y,both,y,y,y,2014
OAK201405300,ANA,OAK,OAK01,20140530,0,7:07PM,night,,,true,,184,23384,unknown,unknown,overcast,60,torf,9,dybdc701,,,reynj901,knigb901,culbf901,bucks901,,,pomed001,richg002,,regular,5,9,OAK,ANA,y,both,y,y,y,2014
OAK201405310,ANA,OAK,OAK01,20140531,0,7:10PM,night,,,true,,193,35067,unknown,unknown,sunny,63,torf,4,thomc701,,,knigb901,culbf901,bucks901,reynj901,,,rodrf004,skagt001,,regular,3,11,OAK,ANA,y,both,y,y,y,2014
OAK201406010,ANA,OAK,OAK01,20140601,0,1:07PM,day,,,true,,178,32231,unknown,unknown,sunny,68,torf,7,thomc701,,,culbf901,bucks901,reynj901,knigb901,,,grays001,weavj003,dools001,regular,3,6,OAK,ANA,y,both,y,y,y,2014
HOU201406030,ANA,HOU,HOU03,20140603,0,7:11PM,night,,,true,,211,23219,dry,none,dome,73,unknown,0,wilkt701,,,emmep901,bakej902,campa902,mealj901,,,mchuc001,wilsc004,,regular,2,7,HOU,ANA,y,both,y,y,y,2014
HOU201406040,ANA,HOU,HOU03,20140604,0,7:10PM,night,,,true,,173,23902,dry,none,dome,73,unknown,0,wilkt701,,,bakej902,campa902,mealj901,emmep901,,,richg002,cosaj001,,regular,4,0,ANA,HOU,y,both,y,y,y,2014
HOU201406050,ANA,HOU,HOU03,20140605,0,6:11PM,night,,,true,,213,24672,dry,none,dome,73,unknown,0,blour701,,,campa902,mealj901,emmep901,bakej902,,,peacb001,skagt001,qualc001,regular,5,8,HOU,ANA,y,both,y,y,y,2014
ANA201406060,CHA,ANA,ANA01,20140606,0,7:08PM,night,,,true,,190,38521,unknown,unknown,sunny,70,tocf,8,munse701,,,gibsg901,cuzzp901,davig901,wolcq901,,,weavj003,riena001,,regular,4,8,ANA,CHA,y,both,y,y,y,2014
ANA201406070,CHA,ANA,ANA01,20140607,0,7:14PM,night,,,true,,173,39089,unknown,unknown,sunny,71,torf,8,franm701,,,cuzzp901,davig901,wolcq901,gibsg901,,,rasmc002,petrj001,friee001,regular,5,6,ANA,CHA,y,both,y,y,y,2014
ANA201406080,CHA,ANA,ANA01,20140608,0,12:40PM,day,,,true,,181,35793,unknown,unknown,sunny,77,torf,5,munse701,,,davig901,wolcq901,gibsg901,cuzzp901,,,wilsc004,quinj001,friee001,regular,2,4,ANA,CHA,y,both,y,y,y,2014
ANA201406090,OAK,ANA,ANA01,20140609,0,7:07PM,night,,,true,,175,36838,unknown,unknown,cloudy,68,rtol,8,munse701,,,welkb901,davib902,tumpj901,hoyej901,,,richg002,chavj001,friee001,regular,1,4,ANA,OAK,y,both,y,y,y,2014
ANA201406100,OAK,ANA,ANA01,20140610,0,7:07PM,night,,,true,,279,31942,unknown,unknown,sunny,68,tocf,9,franm701,,,davib902,tumpj901,hoyej901,welkb901,,,rasmc002,franj003,,regular,1,2,ANA,OAK,y,both,y,y,y,2014
ANA201406110,OAK,ANA,ANA01,20140611,0,7:08PM,night,,,true,,199,36793,unknown,unknown,sunny,72,torf,7,munse701,,,tumpj901,hoyej901,welkb901,davib902,,,milot001,weavj003,,regular,7,1,OAK,ANA,y,both,y,y,y,2014
ATL201406130,ANA,ATL,ATL02,20140613,0,7:35PM,night,,,false,,179,39699,unknown,unknown,unknown,75,ltor,3,wilkj701,,,rackd901,gormb901,campa902,randt901,,,haraa001,wilsc004,kimbc001,regular,3,4,ATL,ANA,y,both,y,y,y,2014
ATL201406140,ANA,ATL,ATL02,20140614,0,7:15PM,night,,,false,,297,48559,unknown,unknown,cloudy,87,ltor,3,wilkj701,,,gormb901,campa902,randt901,rackd901,,,salaf001,haled001,,regular,11,6,ANA,ATL,y,both,y,y,y,2014
ATL201406150,ANA,ATL,ATL02,20140615,0,8:09PM,night,,,false,,211,29320,unknown,unknown,unknown,81,ltor,8,wilkj701,,,campa902,randt901,rackd901,gormb901,,,varva001,santh001,kimbc001,regular,3,7,ATL,ANA,y,both,y,y,y,2014
CLE201406160,ANA,CLE,CLE08,20140616,0,7:07PM,night,,,true,,179,14716,unknown,unknown,cloudy,81,ltor,5,maveb701,,,westj901,fostm901,drakr901,porta901,,,bauet001,weavj003,carrc003,regular,3,4,CLE,ANA,y,both,y,y,y,2014
CLE201406170,ANA,CLE,CLE08,20140617,0,7:06PM,night,,,true,,188,14639,unknown,unknown,cloudy,91,ltor,19,maveb701,,,fostm901,drakr901,porta901,westj901,,,shoem001,tomlj001,,regular,9,3,ANA,CLE,y,both,y,y,y,2014
CLE201406190,ANA,CLE,CLE08,20140619,0,12:06PM,day,,,true,,216,20361,unknown,unknown,overcast,72,fromrf,11,maveb701,,,drakr901,porta901,westj901,fostm901,,,crock001,bedrc001,,regular,3,5,CLE,ANA,y,both,y,y,y,2014
ANA201406200,TEX,ANA,ANA01,20140620,0,7:08PM,night,,,true,,203,41637,unknown,unknown,cloudy,75,torf,9,munse701,,,fairc901,carav901,millb901,everm901,,,richg002,saunj001,,regular,3,7,ANA,TEX,y,both,y,y,y,2014
ANA201406210,TEX,ANA,ANA01,20140621,0,7:09PM,night,,,true,,180,37026,unknown,unknown,sunny,72,tocf,8,zaveb701,,,carav901,millb901,everm901,fairc901,,,morim002,cottn001,,regular,2,3,ANA,TEX,y,both,y,y,y,2014
ANA201406220,TEX,ANA,ANA01,20140622,0,5:08PM,night,,,true,,174,37191,unknown,unknown,sunny,75,ltor,10,munse701,,,millb901,everm901,fairc901,carav901,,,shoem001,darvy001,,regular,2,5,ANA,TEX,y,both,y,y,y,2014
ANA201406240,MIN,ANA,ANA01,20140624,0,7:10PM,night,,,true,,179,37086,unknown,unknown,sunny,74,torf,9,munse701,,,davig901,wolcq901,carlm901,gibsg901,,,wilsc004,gibsk002,smitj002,regular,6,8,ANA,MIN,y,both,y,y,y,2014
ANA201406250,MIN,ANA,ANA01,20140625,0,7:08PM,night,,,true,,175,39082,unknown,unknown,sunny,75,tocf,8,munse701,,,wolcq901,carlm901,gibsg901,davig901,,,richg002,pinoy001,,regular,2,6,ANA,MIN,y,both,y,y,y,2014
ANA201406260,MIN,ANA,ANA01,20140626,0,12:38PM,day,,,true,,197,32209,unknown,unknown,overcast,77,torf,7,franm701,,,carlm901,gibsg901,davig901,wolcq901,,,weavj003,nolar001,smitj002,regular,4,6,ANA,MIN,y,both,y,y,y,2014
KCA201406270,ANA,KCA,KAN06,20140627,0,7:10PM,night,,,true,,182,35461,unknown,unknown,cloudy,82,rtol,14,boycd701,,,timmt901,welkt901,ticht901,fagac901,,,marim001,shoem001,hollg001,regular,6,8,KCA,ANA,y,both,y,y,y,2014
KCA201406280,ANA,KCA,KAN06,20140628,0,1:10PM,day,,,true,,168,21093,unknown,unknown,cloudy,83,rtol,19,boycd701,,,welkt901,ticht901,fagac901,timmt901,,,morim002,venty001,,regular,6,2,ANA,KCA,y,both,y,y,y,2014
KCA201406290,ANA,KCA,KAN06,20140629,0,1:12PM,day,,,true,,211,27803,unknown,unknown,overcast,83,rtol,11,boycd701,,,ticht901,fagac901,timmt901,welkt901,,,hollg001,grilj001,,regular,4,5,KCA,ANA,y,both,y,y,y,2014
CHA201407011,ANA,CHA,CHI12,20140701,1,4:10PM,day,,,true,,174,0,unknown,unknown,cloudy,81,rtol,19,roseb701,,,tumpj901,segac901,welkb901,davib902,,,richg002,noesh001,smitj002,regular,8,4,ANA,CHA,y,both,y,y,y,2014
CHA201407012,ANA,CHA,CHI12,20140701,2,7:47PM,night,,,true,,188,20233,unknown,unknown,cloudy,79,rtol,16,roseb701,,,hoyej901,welkb901,davib902,segac901,,,weavj003,carrs001,smitj002,regular,7,5,ANA,CHA,y,both,y,y,y,2014
CHA201407020,ANA,CHA,CHI12,20140702,0,7:11PM,night,,,true,,169,18207,wet,drizzle,unknown,57,ltor,13,frisd701,,,welkb901,davib902,tumpj901,hoyej901,,,putnz001,morim002,,regular,2,3,CHA,ANA,y,both,y,y,y,2014
ANA201407030,HOU,ANA,ANA01,20140703,0,7:08PM,night,,,true,,180,37625,unknown,unknown,sunny,81,torf,4,munse701,,,nauep901,herna901,johna901,vanol901,,,shoem001,oberb001,smitj002,regular,2,5,ANA,HOU,y,both,y,y,y,2014
ANA201407040,HOU,ANA,ANA01,20140704,0,6:11PM,night,,,true,,182,43557,unknown,unknown,sunny,81,ltor,8,franm701,,,herna901,johna901,vanol901,nauep901,,,smitj002,sippt001,,regular,6,7,ANA,HOU,y,both,y,y,y,2014
ANA201407050,HOU,ANA,ANA01,20140705,0,7:06PM,night,,,true,,216,40479,unknown,unknown,sunny,83,rtol,7,munse701,,,johna901,vanol901,nauep901,herna901,,,rothm001,bassa001,,regular,5,11,ANA,HOU,y,both,y,y,y,2014
ANA201407060,HOU,ANA,ANA01,20140706,0,12:37PM,day,,,true,,187,33552,unknown,unknown,cloudy,87,tocf,6,munse701,,,vanol901,nauep901,herna901,johna901,,,richg002,mchuc001,,regular,1,6,ANA,HOU,y,both,y,y,y,2014
ANA201407070,TOR,ANA,ANA01,20140707,0,7:08PM,night,,,true,,196,38189,unknown,unknown,sunny,80,tocf,8,munse701,,,randt901,rackd901,wolfj901,gormb901,,,shoem001,happj001,smitj002,regular,2,5,ANA,TOR,y,both,y,y,y,2014
ANA201407080,TOR,ANA,ANA01,20140708,0,7:09PM,night,,,true,,165,38111,unknown,unknown,sunny,75,tocf,8,munse701,,,rackd901,wolfj901,gormb901,randt901,,,dickr001,skagt001,,regular,4,0,TOR,ANA,y,both,y,y,y,2014
ANA201407090,TOR,ANA,ANA01,20140709,0,12:39PM,day,,,true,,227,35726,unknown,unknown,sunny,81,rtol,7,munse701,,,wolfj901,gormb901,randt901,rackd901,,,grilj001,loupa001,smitj002,regular,7,8,ANA,TOR,y,both,y,y,y,2014
TEX201407100,ANA,TEX,ARL02,20140710,0,7:07PM,night,,,true,,190,30686,unknown,unknown,sunny,95,rtol,13,porzg701,,,barrl901,kulpr901,reynj901,fagac901,,,santh001,lewic001,,regular,15,6,ANA,TEX,y,both,y,y,y,2014
TEX201407110,ANA,TEX,ARL02,20140711,0,7:07PM,night,,,true,,161,38402,unknown,unknown,sunny,93,rtol,7,wells701,,,kulpr901,reynj901,fagac901,barrl901,,,richg002,tepen001,smitj002,regular,3,0,ANA,TEX,y,both,y,y,y,2014
TEX201407120,ANA,TEX,ARL02,20140712,0,6:17PM,night,,,true,,197,37253,unknown,unknown,sunny,97,rtol,12,ruddw701,,,reynj901,fagac901,barrl901,kulpr901,,,weavj003,mikom001,smitj002,regular,5,2,ANA,TEX,y,both,y,y,y,2014
TEX201407130,ANA,TEX,ARL02,20140713,0,2:08PM,day,,,true,,218,34750,unknown,unknown,sunny,98,rtol,3,wells701,,,fagac901,barrl901,kulpr901,reynj901,,,skagt001,bakes002,smitj002,regular,10,7,ANA,TEX,y,both,y,y,y,2014
ANA201407180,SEA,ANA,ANA01,20140718,0,7:08PM,night,,,true,,314,42517,unknown,unknown,cloudy,74,tocf,8,munse701,,,barrt901,marqa901,schrp901,hamaa901,,,santh001,leond003,,regular,2,3,ANA,SEA,y,both,y,y,y,2014
ANA201407190,SEA,ANA,ANA01,20140719,0,6:08PM,night,,,true,,247,40231,unknown,unknown,cloudy,73,rtol,8,munse701,,,marqa901,schrp901,hamaa901,barrt901,,,leond003,thatj001,furbc001,regular,3,2,SEA,ANA,y,both,y,y,y,2014
ANA201407200,SEA,ANA,ANA01,20140720,0,12:39PM,day,,,true,,195,37128,unknown,unknown,overcast,77,torf,7,munse701,,,schrp901,hamaa901,barrt901,marqa901,,,thatj001,rodnf001,,regular,5,6,ANA,SEA,y,both,y,y,y,2014
ANA201407210,BAL,ANA,ANA01,20140721,0,7:08PM,night,,,true,,182,39028,unknown,unknown,sunny,78,tocf,9,franm701,,,coope901,hallt901,gibsh902,guccc901,,,norrb001,shoem001,britz001,regular,4,2,BAL,ANA,y,both,y,y,y,2014
ANA201407220,BAL,ANA,ANA01,20140722,0,7:08PM,night,,,true,,188,35353,unknown,unknown,sunny,81,torf,8,munse701,,,hallt901,gibsh902,guccc901,coope901,,,gonzm003,morim002,britz001,regular,4,2,BAL,ANA,y,both,y,y,y,2014
ANA201407230,BAL,ANA,ANA01,20140723,0,7:09PM,night,,,true,,175,40185,unknown,unknown,sunny,86,tocf,7,munse701,,,gibsh902,guccc901,coope901,hallt901,,,weavj003,huntt002,streh001,regular,2,3,ANA,BAL,y,both,y,y,y,2014
ANA201407240,DET,ANA,ANA01,20140724,0,7:08PM,night,,,true,,197,40146,unknown,unknown,sunny,90,rtol,5,munse701,,,hudsm901,eddid901,blasc901,joycj901,,,schem001,richg002,nathj001,regular,6,4,DET,ANA,y,both,y,y,y,2014
ANA201407250,DET,ANA,ANA01,20140725,0,7:08PM,night,,,true,,182,42915,unknown,unknown,cloudy,77,tocf,8,munse701,,,eddid901,blasc901,joycj901,hudsm901,,,morim002,smyld001,streh001,regular,1,2,ANA,DET,y,both,y,y,y,2014
ANA201407260,DET,ANA,ANA01,20140726,0,6:08PM,night,,,true,,167,43569,unknown,unknown,sunny,83,ltor,9,franm701,,,blasc901,joycj901,hudsm901,eddid901,,,shoem001,verlj001,,regular,0,4,ANA,DET,y,both,y,y,y,2014
ANA201407270,DET,ANA,ANA01,20140727,0,12:37PM,day,,,true,,159,36252,unknown,unknown,cloudy,83,tocf,8,munse701,,,joycj901,hudsm901,eddid901,blasc901,,,smitj002,chamj002,streh001,regular,1,2,ANA,DET,y,both,y,y,y,2014
BAL201407290,ANA,BAL,BAL12,20140729,0,7:07PM,night,,,true,,245,36882,unknown,unknown,unknown,72,ltor,7,jacom701,,,cedeg901,danlk901,rippm901,belld901,,,webbr001,rasmc002,,regular,6,7,BAL,ANA,y,both,y,y,y,2014
BAL201407300,ANA,BAL,BAL12,20140730,0,7:11PM,night,,,true,,155,27195,unknown,unknown,cloudy,81,tocf,9,eiger701,,,danlk901,rippm901,belld901,cedeg901,,,gausk001,richg002,britz001,regular,3,4,BAL,ANA,y,both,y,y,y,2014
BAL201407310,ANA,BAL,BAL12,20140731,0,7:08PM,night,,,true,,273,24974,unknown,unknown,unknown,83,rtol,5,hennj701,,,rippm901,belld901,cedeg901,danlk901,,,santh001,webbr001,streh001,regular,1,0,ANA,BAL,y,both,y,y,y,2014
TBA201408010,ANA,TBA,STP01,20140801,0,7:11PM,night,,,true,,219,20969,dry,none,dome,72,unknown,0,mathb701,,,herna901,vanol901,carav901,morag901,,,shoem001,hellj001,streh001,regular,5,3,ANA,TBA,y,both,y,y,y,2014
TBA201408020,ANA,TBA,STP01,20140802,0,7:10PM,night,,,true,,214,23656,dry,none,dome,72,unknown,0,mathb701,,,vanol901,carav901,morag901,herna901,,,archc001,wilsc004,,regular,3,10,TBA,ANA,y,both,y,y,y,2014
TBA201408030,ANA,TBA,STP01,20140803,0,1:41PM,day,,,true,,226,25877,dry,none,dome,72,unknown,0,mathb701,,,carav901,morag901,herna901,vanol901,,,weavj003,odorj001,streh001,regular,7,5,ANA,TBA,y,both,y,y,y,2014
LAN201408040,ANA,LAN,LOS03,20140804,0,7:10PM,night,,,false,,169,53166,unknown,unknown,sunny,76,torf,8,hartd701,,,gonzm901,segac901,reynj901,knigb901,,,richg002,greiz001,,regular,5,0,ANA,LAN,y,both,y,y,y,2014
LAN201408050,ANA,LAN,LOS03,20140805,0,7:10PM,night,,,false,,180,53051,unknown,unknown,sunny,75,torf,8,munse701,,,segac901,reynj901,knigb901,gonzm901,,,jansk001,jepsk001,,regular,4,5,LAN,ANA,y,both,y,y,y,2014
ANA201408060,LAN,ANA,ANA01,20140806,0,7:09PM,night,,,true,,186,43669,unknown,unknown,sunny,75,tocf,7,munse701,,,reynj901,knigb901,gonzm901,segac901,,,hared001,shoem001,jansk001,regular,2,1,LAN,ANA,y,both,y,y,y,2014
ANA201408070,LAN,ANA,ANA01,20140807,0,7:09PM,night,,,true,,204,44561,unknown,unknown,sunny,74,tocf,8,munse701,,,knigb901,gonzm901,segac901,reynj901,,,ryu-h001,wilsc004,,regular,7,0,LAN,ANA,y,both,y,y,y,2014
ANA201408080,BOS,ANA,ANA01,20140808,0,7:08PM,night,,,true,,190,38016,unknown,unknown,sunny,73,tocf,8,munse701,,,scotd901,may-b901,buckc901,wolcq901,,,websa001,weavj003,uehak001,regular,4,2,BOS,ANA,y,both,y,y,y,2014
ANA201408090,BOS,ANA,ANA01,20140809,0,6:08PM,night,,,true,,392,42159,unknown,unknown,sunny,76,torf,9,munse701,,,may-b901,buckc901,wolcq901,scotd901,,,shoem001,workb001,,regular,4,5,ANA,BOS,y,both,y,y,y,2014
ANA201408100,BOS,ANA,ANA01,20140810,0,12:36PM,day,,,true,,183,36300,unknown,unknown,sunny,83,tocf,7,munse701,,,buckc901,wolcq901,scotd901,may-b901,,,delar003,smitj002,uehak001,regular,3,1,BOS,ANA,y,both,y,y,y,2014
ANA201408120,PHI,ANA,ANA01,20140812,0,7:09PM,night,,,true,,176,37296,unknown,unknown,sunny,75,torf,7,munse701,,,estam901,wendh902,basnt901,hudsm901,,,wilsc004,basta001,,regular,2,7,ANA,PHI,y,both,y,y,y,2014
ANA201408130,PHI,ANA,ANA01,20140813,0,7:08PM,night,,,true,,171,38802,unknown,unknown,sunny,75,tocf,8,munse701,,,wendh902,basnt901,hudsm901,estam901,,,weavj003,burna001,streh001,regular,3,4,ANA,PHI,y,both,y,y,y,2014
TEX201408150,ANA,TEX,ARL02,20140815,0,7:08PM,night,,,true,,198,31465,unknown,unknown,sunny,98,rtol,4,porzg701,,,guccc901,coope901,hallt901,gibsh902,,,richg002,martn002,streh001,regular,5,4,ANA,TEX,y,both,y,y,y,2014
TEX201408160,ANA,TEX,ARL02,20140816,0,7:08PM,night,,,true,,183,32209,unknown,unknown,unknown,81,fromlf,7,wells701,,,coope901,hallt901,gibsh902,guccc901,,,shoem001,lewic001,streh001,regular,5,4,ANA,TEX,y,both,y,y,y,2014
TEX201408170,ANA,TEX,ARL02,20140817,0,2:07PM,day,,,true,,171,28942,unknown,unknown,overcast,71,rtol,6,wells701,,,hallt901,gibsh902,guccc901,coope901,,,felin001,streh001,,regular,2,3,TEX,ANA,y,both,y,y,y,2014
BOS201408180,ANA,BOS,BOS07,20140818,0,7:12PM,night,,,true,,202,35170,unknown,unknown,unknown,76,fromlf,7,ellib701,,,muchm901,woodt901,wintm901,fleta901,,,wilsc004,workb001,jepsk001,regular,4,2,ANA,BOS,y,both,y,y,y,2014
BOS201408190,ANA,BOS,BOS07,20140819,0,7:12PM,night,,,true,,204,35471,unknown,unknown,sunny,72,fromrf,9,shalm701,,,woodt901,wintm901,fleta901,muchm901,,,smitj002,uehak001,streh001,regular,4,3,ANA,BOS,y,both,y,y,y,2014
BOS201408200,ANA,BOS,BOS07,20140820,0,7:13PM,night,,,true,,222,35136,unknown,unknown,cloudy,70,fromrf,8,scogc701,,,wintm901,fleta901,muchm901,woodt901,,,rasmc002,buchc001,,regular,8,3,ANA,BOS,y,both,y,y,y,2014
BOS201408210,ANA,BOS,BOS07,20140821,0,7:12PM,night,,,true,,190,36160,unknown,unknown,unknown,70,fromrf,7,ellib701,,,fleta901,muchm901,woodt901,wintm901,,,shoem001,delar003,grilj001,regular,2,0,ANA,BOS,y,both,y,y,y,2014
OAK201408220,ANA,OAK,OAK01,20140822,0,7:08PM,night,,,true,,173,33810,unknown,unknown,overcast,61,torf,14,younj701,,,millb901,fairc901,everm901,johna901,,,grays001,grilj001,dools001,regular,3,5,OAK,ANA,y,both,y,y,y,2014
OAK201408230,ANA,OAK,OAK01,20140823,0,6:07PM,night,,,true,,180,36067,unknown,unknown,sunny,66,torf,12,younj701,,,fairc901,everm901,johna901,millb901,,,gregl001,smitj002,dools001,regular,1,2,OAK,ANA,y,both,y,y,y,2014
OAK201408240,ANA,OAK,OAK01,20140824,0,5:07PM,night,,,true,,185,36067,unknown,unknown,sunny,69,torf,14,ducam701,,,everm901,johna901,millb901,fairc901,,,weavj003,kazms001,,regular,9,4,ANA,OAK,y,both,y,y,y,2014
ANA201408250,MIA,ANA,ANA01,20140825,0,7:07PM,night,,,true,,177,35350,unknown,unknown,cloudy,77,tocf,5,munse701,,,knigb901,hamaa901,wolcq901,scotd901,,,cosaj001,leblw001,,regular,7,1,MIA,ANA,y,both,y,y,y,2014
ANA201408260,MIA,ANA,ANA01,20140826,0,7:07PM,night,,,true,,181,33028,unknown,unknown,sunny,80,torf,4,franm701,,,hamaa901,wolcq901,scotd901,knigb901,,,shoem001,eovan001,,regular,2,8,ANA,MIA,y,both,y,y,y,2014
ANA201408270,MIA,ANA,ANA01,20140827,0,7:07PM,night,,,true,,171,34657,unknown,unknown,sunny,88,tocf,6,munse701,,,wolcq901,scotd901,knigb901,hamaa901,,,santh001,alvah001,,regular,1,6,ANA,MIA,y,both,y,y,y,2014
ANA201408280,OAK,ANA,ANA01,20140828,0,7:10PM,night,,,true,,224,41056,unknown,unknown,sunny,85,torf,4,munse701,,,gibsg901,cuzzp901,littw901,davig901,,,salaf001,cookr001,,regular,3,4,ANA,OAK,y,both,y,y,y,2014
ANA201408290,OAK,ANA,ANA01,20140829,0,7:08PM,night,,,true,,174,41177,unknown,unknown,sunny,81,tocf,7,munse701,,,cuzzp901,littw901,davig901,gibsg901,,,weavj003,lestj001,,regular,0,4,ANA,OAK,y,both,y,y,y,2014
ANA201408300,OAK,ANA,ANA01,20140830,0,6:08PM,night,,,true,,166,44018,unknown,unknown,sunny,84,rtol,8,franm701,,,littw901,davig901,gibsg901,cuzzp901,,,herry001,samaj001,streh001,regular,0,2,ANA,OAK,y,both,y,y,y,2014
ANA201408310,OAK,ANA,ANA01,20140831,0,12:38PM,day,,,true,,174,44205,unknown,unknown,cloudy,84,torf,11,munse701,,,davig901,gibsg901,cuzzp901,littw901,,,shoem001,kazms001,,regular,1,8,ANA,OAK,y,both,y,y,y,2014
HOU201409020,ANA,HOU,HOU03,20140902,0,7:11PM,night,,,true,,193,16131,dry,none,dome,73,unknown,0,blour701,,,belld901,kellj901,onorb901,reybd901,,,peacb001,wilsc004,,regular,3,8,HOU,ANA,y,both,y,y,y,2014
HOU201409030,ANA,HOU,HOU03,20140903,0,7:12PM,night,,,true,,157,16949,dry,none,dome,73,unknown,0,wilkt701,,,kellj901,onorb901,reybd901,belld901,,,mchuc001,weavj003,qualc001,regular,1,4,HOU,ANA,y,both,y,y,y,2014
MIN201409040,ANA,MIN,MIN04,20140904,0,7:11PM,night,,,true,,193,21914,unknown,unknown,cloudy,80,torf,13,wongg701,,,emmep901,welkb901,hoyej901,tumpj901,,,smitj002,perkg001,streh001,regular,5,4,ANA,MIN,y,both,y,y,y,2014
MIN201409050,ANA,MIN,MIN04,20140905,0,7:11PM,night,,,true,,270,23477,unknown,unknown,cloudy,66,torf,10,thors701,,,welkb901,hoyej901,tumpj901,emmep901,,,streh001,burtj001,jepsk001,regular,7,6,ANA,MIN,y,both,y,y,y,2014
MIN201409060,ANA,MIN,MIN04,20140906,0,6:11PM,night,,,true,,200,28924,unknown,unknown,sunny,77,tocf,14,thors701,,,hoyej901,tumpj901,emmep901,welkb901,,,smitj002,burtj001,streh001,regular,8,5,ANA,MIN,y,both,y,y,y,2014
MIN201409070,ANA,MIN,MIN04,20140907,0,1:13PM,day,,,true,,200,25419,unknown,unknown,sunny,75,tolf,14,thors701,,,tumpj901,emmep901,welkb901,hoyej901,,,wilsc004,darnl001,,regular,14,4,ANA,MIN,y,both,y,y,y,2014
CLE201409080,ANA,CLE,CLE08,20140908,0,1:07PM,day,,,true,,196,15116,unknown,unknown,sunny,74,rtol,10,libea701,,,schrp901,marqa901,rippm901,barrt901,,,weavj003,salad001,,regular,12,3,ANA,CLE,y,both,y,y,y,2014
TEX201409090,ANA,TEX,ARL02,20140909,0,7:08PM,night,,,true,,184,26054,unknown,unknown,sunny,96,ltor,10,wells701,,,joycj901,hamaa901,eddid901,blasc901,,,santh001,lewic001,,regular,9,3,ANA,TEX,y,both,y,y,y,2014
TEX201409100,ANA,TEX,ARL02,20140910,0,7:08PM,night,,,true,,214,26611,unknown,unknown,sunny,98,rtol,10,ruddw701,,,hamaa901,eddid901,blasc901,joycj901,,,shoem001,tepen001,,regular,8,1,ANA,TEX,y,both,y,y,y,2014
TEX201409110,ANA,TEX,ARL02,20140911,0,7:09PM,night,,,true,,204,27129,unknown,unknown,sunny,79,ltor,4,wells701,,,eddid901,blasc901,joycj901,hamaa901,,,morim002,martn002,,regular,7,3,ANA,TEX,y,both,y,y,y,2014
ANA201409120,HOU,ANA,ANA01,20140912,0,7:09PM,night,,,true,,217,33339,unknown,unknown,cloudy,84,tocf,6,munse701,,,kulpr901,barrl901,demud901,woodt901,,,wilsc004,oberb001,,regular,3,11,ANA,HOU,y,both,y,y,y,2014
ANA201409130,HOU,ANA,ANA01,20140913,0,6:07PM,night,,,true,,199,38041,unknown,unknown,cloudy,92,torf,4,munse701,,,barrl901,demud901,woodt901,kulpr901,,,weavj003,felds001,streh001,regular,2,5,ANA,HOU,y,both,y,y,y,2014
ANA201409140,HOU,ANA,ANA01,20140914,0,12:37PM,day,,,true,,200,35364,unknown,unknown,cloudy,96,tocf,3,munse701,,,demud901,woodt901,kulpr901,barrl901,,,keucd001,santh001,,regular,6,1,HOU,ANA,y,both,y,y,y,2014
ANA201409150,SEA,ANA,ANA01,20140915,0,7:09PM,night,,,true,,174,36137,unknown,unknown,cloudy,91,torf,4,munse701,,,conrc901,bakej902,mealj901,davib902,,,shoem001,iwakh001,,regular,1,8,ANA,SEA,y,both,y,y,y,2014
ANA201409160,SEA,ANA,ANA01,20140916,0,7:06PM,night,,,true,,198,36193,unknown,unknown,cloudy,96,torf,7,franm701,,,bakej902,mealj901,davib902,conrc901,,,smitc004,grilj001,,regular,13,2,SEA,ANA,y,both,y,y,y,2014
ANA201409170,SEA,ANA,ANA01,20140917,0,7:10PM,night,,,true,,157,36875,unknown,unknown,cloudy,85,torf,9,munse701,,,mealj901,davib902,conrc901,bakej902,,,wilsc004,paxtj001,,regular,0,5,ANA,SEA,y,both,y,y,y,2014
ANA201409180,SEA,ANA,ANA01,20140918,0,7:05PM,night,,,true,,188,40835,unknown,unknown,sunny,76,tocf,8,munse701,,,davib902,conrc901,bakej902,mealj901,,,wilht001,jepsk001,rodnf001,regular,3,1,SEA,ANA,y,both,y,y,y,2014
ANA201409190,TEX,ANA,ANA01,20140919,0,7:07PM,night,,,true,,196,38467,unknown,unknown,sunny,73,ltor,6,franm701,,,gormb901,rackd901,hamaa901,wolfj901,,,bonil001,santh001,,regular,12,3,TEX,ANA,y,both,y,y,y,2014
ANA201409200,TEX,ANA,ANA01,20140920,0,6:09PM,night,,,true,,177,35890,unknown,unknown,sunny,76,tocf,8,munse701,,,rackd901,hamaa901,wolfj901,gormb901,,,weavj003,lewic001,streh001,regular,5,8,ANA,TEX,y,both,y,y,y,2014
ANA201409210,TEX,ANA,ANA01,20140921,0,12:37PM,day,,,true,,197,27166,unknown,unknown,overcast,76,torf,3,munse701,,,hamaa901,wolfj901,gormb901,rackd901,,,tolls002,streh001,felin001,regular,2,1,TEX,ANA,y,both,y,y,y,2014
OAK201409220,ANA,OAK,OAK01,20140922,0,7:07PM,night,,,true,,197,25455,unknown,unknown,cloudy,65,torf,10,thomc701,,,coope901,guccc901,davig901,hallt901,,,samaj001,wilsc004,,regular,4,8,OAK,ANA,y,both,y,y,y,2014
OAK201409230,ANA,OAK,OAK01,20140923,0,7:08PM,night,,,true,,182,27588,unknown,unknown,overcast,65,torf,7,thomc701,,,guccc901,davig901,hallt901,coope901,,,leblw001,grays001,streh001,regular,2,0,ANA,OAK,y,both,y,y,y,2014
OAK201409240,ANA,OAK,OAK01,20140924,0,12:37PM,day,,,true,,207,27989,unknown,unknown,cloudy,77,torf,6,dybdc701,,,davig901,hallt901,coope901,guccc901,,,santh001,lestj001,streh001,regular,5,4,ANA,OAK,y,both,y,y,y,2014
SEA201409260,ANA,SEA,SEA03,20140926,0,7:10PM,night,,,true,,168,26865,dry,none,dome,64,torf,3,peted701,,,belld901,millb901,johna901,fairc901,,,iwakh001,weavj003,rodnf001,regular,3,4,SEA,ANA,y,both,y,y,y,2014
SEA201409270,ANA,SEA,SEA03,20140927,0,6:11PM,night,,,true,,234,32716,unknown,unknown,sunny,65,ltor,3,padud701,,,millb901,johna901,fairc901,belld901,,,leond003,morim002,,regular,1,2,SEA,ANA,y,both,y,y,y,2014
SEA201409280,ANA,SEA,SEA03,20140928,0,1:10PM,day,,,true,,170,40823,unknown,unknown,unknown,59,torf,5,radoe701,,,johna901,fairc901,belld901,millb901,,,hernf002,rasmc002,,regular,1,4,SEA,ANA,y,both,y,y,y,2014
ANA201410020,KCA,ANA,ANA01,20141002,0,6:08PM,night,,,true,,245,45321,unknown,unknown,sunny,93,tolf,3,munse701,,,nauep901,guccc901,nelsj901,reynj901,barrt901,barkl901,duffd001,salaf001,hollg001,divisionseries,3,2,KCA,ANA,y,both,y,y,y,2014
ANA201410030,KCA,ANA,ANA01,20141003,0,6:38PM,night,,,true,,228,45361,unknown,unknown,cloudy,93,unknown,1,munse701,,,guccc901,nelsj901,reynj901,barrt901,barkl901,nauep901,finnb001,jepsk001,hollg001,divisionseries,4,1,KCA,ANA,y,both,y,y,y,2014
KCA201410050,ANA,KCA,KAN06,20141005,0,6:38PM,night,,,true,,218,40657,unknown,unknown,cloudy,69,torf,4,munse701,,,nelsj901,reynj901,barrt901,barkl901,nauep901,guccc901,shiej002,wilsc004,,divisionseries,3,8,KCA,ANA,y,both,y,y,y,2014
SEA201504060,ANA,SEA,SEA03,20150406,0,1:12PM,day,,,true,,153,45909,unknown,unknown,unknown,54,unknown,1,radoe701,,,vanol901,kulpr901,knigb901,carav901,,,hernf002,weavj003,rodnf001,regular,1,4,SEA,ANA,y,both,y,y,y,2015
SEA201504070,ANA,SEA,SEA03,20150407,0,7:10PM,night,,,true,,133,26545,unknown,unknown,cloudy,56,torf,3,padud701,,,kulpr901,knigb901,carav901,vanol901,,,wilsc004,paxtj001,streh001,regular,2,0,ANA,SEA,y,both,y,y,y,2015
SEA201504080,ANA,SEA,SEA03,20150408,0,7:10PM,night,,,true,,168,25495,unknown,unknown,cloudy,60,fromlf,1,peted701,,,knigb901,carav901,vanol901,kulpr901,,,shoem001,iwakh001,streh001,regular,5,3,ANA,SEA,y,both,y,y,y,2015
ANA201504100,KCA,ANA,ANA01,20150410,0,7:12PM,night,,,true,,196,44489,unknown,unknown,cloudy,67,tocf,7,munse701,,,millb901,eddid901,wolfj901,hamaa901,,,vargj001,santh001,daviw001,regular,4,2,KCA,ANA,y,both,y,y,y,2015
ANA201504110,KCA,ANA,ANA01,20150411,0,6:06PM,night,,,true,,161,44154,unknown,unknown,sunny,68,torf,6,munse701,,,eddid901,wolfj901,hamaa901,millb901,,,guthj001,weavj003,hollg001,regular,6,4,KCA,ANA,y,both,y,y,y,2015
ANA201504120,KCA,ANA,ANA01,20150412,0,12:38PM,day,,,true,,176,37060,unknown,unknown,sunny,73,ltor,4,munse701,,,wolfj901,hamaa901,millb901,eddid901,,,venty001,wilsc004,,regular,9,2,KCA,ANA,y,both,y,y,y,2015
TEX201504130,ANA,TEX,ARL02,20150413,0,7:09PM,night,,,true,,197,18401,unknown,unknown,unknown,64,ltor,15,wells701,,,buckc901,barrl901,scotd901,iassd901,,,shoem001,detwr001,streh001,regular,6,3,ANA,TEX,y,both,y,y,y,2015
TEX201504140,ANA,TEX,ARL02,20150414,0,7:07PM,night,,,true,,177,21805,unknown,unknown,unknown,60,ltor,3,porzg701,,,barrl901,iassd901,buckc901,basnt901,,,martn002,rucid001,,regular,2,8,TEX,ANA,y,both,y,y,y,2015
TEX201504150,ANA,TEX,ARL02,20150415,0,1:07PM,day,,,true,,193,25757,unknown,unknown,sunny,70,fromrf,3,porzg701,,,iassd901,buckc901,basnt901,barrl901,,,santh001,ranaa001,,regular,10,2,ANA,TEX,y,both,y,y,y,2015
HOU201504170,ANA,HOU,HOU03,20150417,0,7:11PM,night,,,true,,177,22660,dry,none,dome,73,unknown,0,porzg701,,,basnt901,nauep901,estam901,demud901,,,ramoc001,qualc001,streh001,regular,6,3,ANA,HOU,y,both,y,y,y,2015
HOU201504180,ANA,HOU,HOU03,20150418,0,6:11PM,night,,,true,,158,28209,dry,none,dome,73,unknown,0,blour701,,,nauep901,estam901,demud901,basnt901,,,keucd001,wilsc004,,regular,0,4,HOU,ANA,y,both,y,y,y,2015
HOU201504190,ANA,HOU,HOU03,20150419,0,1:12PM,day,,,true,,200,24254,dry,none,dome,73,unknown,0,porzg701,,,estam901,demud901,basnt901,nauep901,,,felds001,richg002,gregl001,regular,3,4,HOU,ANA,y,both,y,y,y,2015
ANA201504200,OAK,ANA,ANA01,20150420,0,7:08PM,night,,,true,,177,35228,unknown,unknown,sunny,70,torf,8,munse701,,,wegnm901,fostm901,muchm901,wintm901,,,oterd001,shoem001,clipt001,regular,6,3,OAK,ANA,y,both,y,y,y,2015
ANA201504210,OAK,ANA,ANA01,20150421,0,7:09PM,night,,,true,,195,32137,unknown,unknown,cloudy,66,torf,8,franm701,,,fostm901,muchm901,wintm901,wegnm901,,,santh001,pomed001,,regular,1,14,ANA,OAK,y,both,y,y,y,2015
ANA201504220,OAK,ANA,ANA01,20150422,0,7:07PM,night,,,true,,178,30034,unknown,unknown,unknown,64,ltor,2,franm701,,,muchm901,wintm901,wegnm901,fostm901,,,grays001,salaf001,,regular,9,2,OAK,ANA,y,both,y,y,y,2015
ANA201504230,OAK,ANA,ANA01,20150423,0,4:07PM,day,,,true,,140,24304,unknown,unknown,unknown,67,tocf,12,munse701,,,wintm901,wegnm901,fostm901,blakr901,,,tropn001,chavj001,streh001,regular,0,2,ANA,OAK,y,both,y,y,y,2015
ANA201504240,TEX,ANA,ANA01,20150424,0,7:07PM,night,,,true,,167,41054,unknown,unknown,unknown,62,tocf,7,munse701,,,reynj901,culbf901,fagac901,gonzm901,,,richg002,kelak001,streh001,regular,2,3,ANA,TEX,y,both,y,y,y,2015
ANA201504250,TEX,ANA,ANA01,20150425,0,6:12PM,night,,,true,,190,38016,unknown,unknown,unknown,63,ltor,5,munse701,,,fagac901,gonzm901,reynj901,rippm901,,,pestv001,lewic001,streh001,regular,1,4,ANA,TEX,y,both,y,y,y,2015
ANA201504260,TEX,ANA,ANA01,20150426,0,12:37PM,day,,,true,,253,35053,unknown,unknown,sunny,70,torf,3,munse701,,,gonzm901,reynj901,rippm901,fagac901,,,felin001,alvaj003,,regular,5,4,TEX,ANA,y,both,y,y,y,2015
OAK201504280,ANA,OAK,OAK01,20150428,0,7:08PM,night,,,true,,126,17674,unknown,unknown,cloudy,59,torf,5,santa701,,,herna901,barrs901,barrt901,conrc901,,,grays001,weavj003,,regular,2,6,OAK,ANA,y,both,y,y,y,2015
OAK201504290,ANA,OAK,OAK01,20150429,0,7:07PM,night,,,true,,181,16212,unknown,unknown,sunny,61,torf,6,santa701,,,barrs901,barrt901,conrc901,herna901,,,morim002,cookr001,streh001,regular,6,3,ANA,OAK,y,both,y,y,y,2015
OAK201504300,ANA,OAK,OAK01,20150430,0,12:37PM,day,,,true,,203,19534,unknown,unknown,sunny,77,fromlf,7,santa701,,,barrt901,conrc901,herna901,barrs901,,,richg002,chavj001,streh001,regular,6,5,ANA,OAK,y,both,y,y,y,2015
SFN201505010,ANA,SFN,SFO03,20150501,0,7:16PM,night,,,false,,184,41507,unknown,unknown,sunny,59,tocf,11,bushd701,,,millb901,hamaa901,eddid901,johna901,,,garcj002,smitj002,,regular,2,3,SFN,ANA,y,both,y,y,y,2015
SFN201505020,ANA,SFN,SFO03,20150502,0,1:06PM,day,,,false,,156,41287,unknown,unknown,sunny,64,tocf,9,ducam701,,,hamaa901,eddid901,johna901,millb901,,,hudst001,santh001,garcj002,regular,4,5,SFN,ANA,y,both,y,y,y,2015
SFN201505030,ANA,SFN,SFO03,20150503,0,1:06PM,day,,,false,,136,41516,unknown,unknown,cloudy,59,tocf,12,ducam701,,,eddid901,johna901,millb901,hamaa901,,,linct001,weavj003,,regular,0,5,SFN,ANA,y,both,y,y,y,2015
ANA201505040,SEA,ANA,ANA01,20150504,0,7:09PM,night,,,true,,156,25024,unknown,unknown,sunny,64,tocf,8,munse701,,,joycj901,gibsg901,hudsm901,fairc901,,,hernf002,shoem001,rodnf001,regular,3,2,SEA,ANA,y,both,y,y,y,2015
ANA201505050,SEA,ANA,ANA01,20150505,0,7:08PM,night,,,true,,157,33394,unknown,unknown,cloudy,64,rtol,8,franm701,,,gibsg901,hudsm901,fairc901,joycj901,,,streh001,leond003,,regular,4,5,ANA,SEA,y,both,y,y,y,2015
ANA201505060,SEA,ANA,ANA01,20150506,0,7:07PM,night,,,true,,155,25160,unknown,unknown,cloudy,63,torf,6,munse701,,,hudsm901,fairc901,joycj901,gibsg901,,,streh001,smitc004,,regular,3,4,ANA,SEA,y,both,y,y,y,2015
ANA201505070,HOU,ANA,ANA01,20150507,0,7:08PM,night,,,true,,177,25097,unknown,unknown,cloudy,61,torf,7,munse701,,,westj901,danlk901,drakr901,morag901,,,neshp001,streh001,gregl001,regular,3,2,HOU,ANA,y,both,y,y,y,2015
ANA201505080,HOU,ANA,ANA01,20150508,0,7:08PM,night,,,true,,129,40006,unknown,unknown,unknown,61,tocf,6,franm701,,,danlk901,drakr901,morag901,westj901,,,weavj003,carmf001,,regular,0,2,ANA,HOU,y,both,y,y,y,2015
ANA201505090,HOU,ANA,ANA01,20150509,0,6:07PM,night,,,true,,162,40210,unknown,unknown,cloudy,64,rtol,6,munse701,,,drakr901,morag901,westj901,danlk901,,,keucd001,shoem001,qualc001,regular,6,5,HOU,ANA,y,both,y,y,y,2015
ANA201505100,HOU,ANA,ANA01,20150510,0,12:39PM,day,,,true,,160,30929,unknown,unknown,sunny,73,tocf,2,munse701,,,morag901,westj901,danlk901,drakr901,,,richg002,felds001,streh001,regular,1,3,ANA,HOU,y,both,y,y,y,2015
ANA201505120,COL,ANA,ANA01,20150512,0,7:08PM,night,,,true,,164,28150,unknown,unknown,sunny,64,torf,7,munse701,,,davig901,cuzzp901,randt901,gormb901,,,wilsc004,betar001,streh001,regular,2,5,ANA,COL,y,both,y,y,y,2015
ANA201505130,COL,ANA,ANA01,20150513,0,7:08PM,night,,,true,,198,30129,unknown,unknown,cloudy,65,torf,6,franm701,,,cuzzp901,randt901,gormb901,davig901,,,ramoc001,friec001,,regular,1,2,ANA,COL,y,both,y,y,y,2015
BAL201505150,ANA,BAL,BAL12,20150515,0,7:06PM,night,,,true,,143,35470,unknown,unknown,cloudy,70,ltor,2,hennj701,,,coope901,hamaa901,iassd901,barkl901,,,weavj003,chenw001,streh001,regular,3,1,ANA,BAL,y,both,y,y,y,2015
BAL201505160,ANA,BAL,BAL12,20150516,0,8:02PM,night,,,true,,148,29102,unknown,unknown,overcast,69,tolf,1,hetrd701,,,hamaa901,iassd901,barkl901,coope901,,,shoem001,jimeu001,,regular,6,1,ANA,BAL,y,both,y,y,y,2015
BAL201505170,ANA,BAL,BAL12,20150517,0,1:36PM,day,,,true,,140,41733,unknown,unknown,unknown,81,torf,6,jacom701,,,iassd901,barkl901,coope901,hamaa901,,,wrigm001,richg002,britz001,regular,0,3,BAL,ANA,y,both,y,y,y,2015
TOR201505180,ANA,TOR,TOR02,20150518,0,1:08PM,day,,,true,,208,29306,unknown,unknown,cloudy,72,rtol,7,lajor701,,,gonzm901,barbs901,schrp901,reynj901,,,osunr001,morim002,,regular,6,10,TOR,ANA,y,both,y,y,y,2015
TOR201505190,ANA,TOR,TOR02,20150519,0,7:07PM,night,,,true,,152,15062,dry,none,dome,68,unknown,0,lajor701,,,barbs901,schrp901,reynj901,gonzm901,,,santh001,sanca006,streh001,regular,3,2,ANA,TOR,y,both,y,y,y,2015
TOR201505200,ANA,TOR,TOR02,20150520,0,7:07PM,night,,,true,,156,16402,dry,none,dome,68,unknown,0,lajor701,,,schrp901,reynj901,gonzm901,barbs901,,,weavj003,hutcd001,streh001,regular,4,3,ANA,TOR,y,both,y,y,y,2015
TOR201505210,ANA,TOR,TOR02,20150521,0,7:09PM,night,,,true,,142,19014,dry,none,dome,68,unknown,0,uttes701,,,reynj901,gonzm901,barbs901,schrp901,,,dickr001,shoem001,,regular,4,8,TOR,ANA,y,both,y,y,y,2015
BOS201505220,ANA,BOS,BOS07,20150522,0,7:12PM,night,,,true,,215,36150,unknown,unknown,cloudy,69,torf,17,scogc701,,,holbs901,hoyej901,hirsj901,tumpj901,,,richg002,porcr001,,regular,12,5,ANA,BOS,y,both,y,y,y,2015
BOS201505230,ANA,BOS,BOS07,20150523,0,7:16PM,night,,,true,,189,37735,unknown,unknown,sunny,63,fromlf,12,shalm701,,,hoyej901,hirsj901,tumpj901,holbs901,,,wrigs001,wilsc004,,regular,3,8,BOS,ANA,y,both,y,y,y,2015
BOS201505240,ANA,BOS,BOS07,20150524,0,1:36PM,day,,,true,,157,37742,unknown,unknown,sunny,80,ltor,22,shalm701,,,hirsj901,tumpj901,holbs901,hoyej901,,,milew001,santh001,,regular,1,6,BOS,ANA,y,both,y,y,y,2015
ANA201505250,SDN,ANA,ANA01,20150525,0,6:08PM,night,,,true,,191,38055,unknown,unknown,cloudy,70,rtol,10,franm701,,,barrs901,barrt901,conrc901,herna901,,,smitj002,quack001,,regular,3,4,ANA,SDN,y,both,y,y,y,2015
ANA201505260,SDN,ANA,ANA01,20150526,0,7:09PM,night,,,true,,204,32334,unknown,unknown,cloudy,67,torf,7,munse701,,,barrt901,conrc901,herna901,barrs901,,,thayd001,smitj002,,regular,4,0,SDN,ANA,y,both,y,y,y,2015
ANA201505270,SDN,ANA,ANA01,20150527,0,7:08PM,night,,,true,,171,36180,unknown,unknown,cloudy,70,torf,6,munse701,,,conrc901,herna901,barrs901,barrt901,,,casha001,richg002,kimbc001,regular,5,4,SDN,ANA,y,both,y,y,y,2015
ANA201505280,DET,ANA,ANA01,20150528,0,7:07PM,night,,,true,,187,32261,unknown,unknown,cloudy,69,torf,5,munse701,,,hamaa901,littw901,cuzzp901,davig901,,,wilsc004,farmb001,,regular,2,12,ANA,DET,y,both,y,y,y,2015
ANA201505290,DET,ANA,ANA01,20150529,0,7:07PM,night,,,true,,166,41901,unknown,unknown,cloudy,72,ltor,9,munse701,,,littw901,cuzzp901,davig901,hamaa901,,,santh001,sanca004,streh001,regular,0,2,ANA,DET,y,both,y,y,y,2015
ANA201505300,DET,ANA,ANA01,20150530,0,7:07PM,night,,,true,,170,40369,unknown,unknown,cloudy,70,torf,6,munse701,,,cuzzp901,davig901,hamaa901,littw901,,,weavj003,grees005,streh001,regular,6,8,ANA,DET,y,both,y,y,y,2015
ANA201505310,DET,ANA,ANA01,20150531,0,5:08PM,night,,,true,,199,37143,unknown,unknown,sunny,72,torf,7,johnc701,,,davig901,hamaa901,littw901,cuzzp901,,,smitj002,pricd001,streh001,regular,2,4,ANA,DET,y,both,y,y,y,2015
ANA201506010,TBA,ANA,ANA01,20150601,0,7:08PM,night,,,true,,175,27078,unknown,unknown,sunny,72,unknown,7,munse701,,,rippm901,hobep901,kellj901,porta901,,,richg002,coloa001,,regular,3,7,ANA,TBA,y,both,y,y,y,2015
ANA201506020,TBA,ANA,ANA01,20150602,0,7:09PM,night,,,true,,153,28771,unknown,unknown,sunny,68,torf,6,munse701,,,hobep901,kellj901,porta901,rippm901,,,archc001,wilsc004,,regular,6,1,TBA,ANA,y,both,y,y,y,2015
ANA201506030,TBA,ANA,ANA01,20150603,0,7:06PM,night,,,true,,200,28245,unknown,unknown,cloudy,70,torf,6,munse701,,,kellj901,porta901,rippm901,hobep901,,,boxbb001,streh001,gelts001,regular,6,5,TBA,ANA,y,both,y,y,y,2015
NYA201506050,ANA,NYA,NYC21,20150605,0,7:10PM,night,,,true,,207,40310,unknown,unknown,unknown,66,rtol,8,sprej701,,,drecb901,marqa901,belld901,hallt901,,,eovan001,weavj003,betad001,regular,7,8,NYA,ANA,y,both,y,y,y,2015
NYA201506060,ANA,NYA,NYC21,20150606,0,7:16PM,night,,,true,,185,40096,unknown,unknown,cloudy,72,fromlf,7,sprej701,,,marqa901,belld901,hallt901,drecb901,,,warra001,richg002,,regular,2,8,NYA,ANA,y,both,y,y,y,2015
NYA201506070,ANA,NYA,NYC21,20150607,0,1:09PM,day,,,true,,140,43178,unknown,unknown,sunny,74,rtol,10,sprej701,,,belld901,hallt901,drecb901,marqa901,,,sabac001,wilsc004,,regular,2,6,NYA,ANA,y,both,y,y,y,2015
TBA201506090,ANA,TBA,STP01,20150609,0,7:10PM,night,,,true,,172,11617,dry,none,dome,72,unknown,0,mathb701,,,demud901,nauep901,hicke901,estam901,,,shoem001,karnn001,,regular,8,2,ANA,TBA,y,both,y,y,y,2015
TBA201506100,ANA,TBA,STP01,20150610,0,7:10PM,night,,,true,,159,10088,dry,none,dome,72,unknown,0,mathb701,,,nauep901,hicke901,estam901,demud901,,,ramie004,weavj003,mcgej001,regular,2,4,TBA,ANA,y,both,y,y,y,2015
TBA201506110,ANA,TBA,STP01,20150611,0,7:10PM,night,,,true,,200,10779,dry,none,dome,72,unknown,0,mathb701,,,hicke901,estam901,demud901,nauep901,,,richg002,jepsk001,,regular,6,2,ANA,TBA,y,both,y,y,y,2015
ANA201506120,OAK,ANA,ANA01,20150612,0,7:07PM,night,,,true,,175,42113,unknown,unknown,cloudy,70,rtol,6,munse701,,,barrt901,conrc901,herna901,barrs901,,,alvaj003,scrie001,streh001,regular,4,5,ANA,OAK,y,both,y,y,y,2015
ANA201506130,OAK,ANA,ANA01,20150613,0,7:09PM,night,,,true,,147,43548,unknown,unknown,sunny,70,ltor,6,franm701,,,conrc901,herna901,barrs901,barrt901,,,wilsc004,gravk001,streh001,regular,0,1,ANA,OAK,y,both,y,y,y,2015
ANA201506140,OAK,ANA,ANA01,20150614,0,12:38PM,day,,,true,,196,35143,unknown,unknown,sunny,72,torf,6,munse701,,,herna901,barrs901,barrt901,conrc901,,,grays001,shoem001,,regular,8,1,OAK,ANA,y,both,y,y,y,2015
ANA201506150,ARI,ANA,ANA01,20150615,0,7:08PM,night,,,true,,178,35193,unknown,unknown,sunny,75,rtol,5,munse701,,,millb901,eddid901,wolfj901,johna901,,,ray-r002,weavj003,reeda001,regular,7,3,ARI,ANA,y,both,y,y,y,2015
ANA201506160,ARI,ANA,ANA01,20150616,0,7:07PM,night,,,true,,162,40099,unknown,unknown,sunny,70,tocf,7,munse701,,,eddid901,wolfj901,johna901,millb901,,,richg002,hellj001,streh001,regular,1,4,ANA,ARI,y,both,y,y,y,2015
ARI201506170,ANA,ARI,PHO01,20150617,0,6:40PM,night,,,false,,180,28481,dry,none,dome,79,unknown,0,rausg701,,,wolfj901,johna901,millb901,eddid901,,,andec001,santh001,ziegb001,regular,2,3,ARI,ANA,y,both,y,y,y,2015
ARI201506180,ANA,ARI,PHO01,20150618,0,12:41PM,day,,,false,,156,28942,dry,none,dome,80,unknown,0,rausg701,,,johna901,millb901,eddid901,wolfj901,,,wilsc004,websa001,,regular,7,1,ANA,ARI,y,both,y,y,y,2015
OAK201506190,ANA,OAK,OAK01,20150619,0,6:38PM,night,,,true,,218,25528,unknown,unknown,cloudy,63,torf,14,ducam701,,,joycj901,gibsg901,segac901,hudsm901,,,salaf001,mujie001,,regular,12,7,ANA,OAK,y,both,y,y,y,2015
OAK201506200,ANA,OAK,OAK01,20150620,0,1:07PM,day,,,true,,179,26471,unknown,unknown,unknown,66,torf,12,younj701,,,gibsg901,segac901,hudsm901,joycj901,,,hahnj001,weavj003,clipt001,regular,1,4,OAK,ANA,y,both,y,y,y,2015
OAK201506210,ANA,OAK,OAK01,20150621,0,1:07PM,day,,,true,,178,29137,unknown,unknown,sunny,63,torf,13,younj701,,,segac901,hudsm901,joycj901,gibsg901,,,kazms001,richg002,clipt001,regular,2,3,OAK,ANA,y,both,y,y,y,2015
ANA201506220,HOU,ANA,ANA01,20150622,0,7:07PM,night,,,true,,203,34153,unknown,unknown,cloudy,77,tocf,8,munse701,,,tumpj901,hoyej901,hirsj901,welkb901,,,streh001,qualc001,,regular,3,4,ANA,HOU,y,both,y,y,y,2015
ANA201506230,HOU,ANA,ANA01,20150623,0,7:09PM,night,,,true,,179,41208,unknown,unknown,sunny,79,tolf,9,munse701,,,hoyej901,hirsj901,welkb901,tumpj901,,,mchuc001,wilsc004,,regular,13,3,HOU,ANA,y,both,y,y,y,2015
ANA201506240,HOU,ANA,ANA01,20150624,0,12:37PM,day,,,true,,271,33543,unknown,unknown,sunny,79,torf,6,munse701,,,hirsj901,welkb901,tumpj901,hoyej901,,,alvaj003,thatj001,,regular,1,2,ANA,HOU,y,both,y,y,y,2015
ANA201506260,SEA,ANA,ANA01,20150626,0,7:08PM,night,,,true,,163,41137,unknown,unknown,cloudy,79,torf,6,munse701,,,fagac901,nelsj901,blasc901,guccc901,,,walkt004,shoem001,rodnf001,regular,3,1,SEA,ANA,y,both,y,y,y,2015
ANA201506270,SEA,ANA,ANA01,20150627,0,4:17PM,day,,,true,,158,40514,unknown,unknown,unknown,74,tocf,8,munse701,,,nelsj901,blasc901,guccc901,fagac901,,,richg002,happj001,streh001,regular,2,4,ANA,SEA,y,both,y,y,y,2015
ANA201506280,SEA,ANA,ANA01,20150628,0,12:37PM,day,,,true,,194,38387,unknown,unknown,cloudy,86,tocf,6,munse701,,,blasc901,guccc901,fagac901,nelsj901,,,gottt001,wilht001,,regular,2,3,ANA,SEA,y,both,y,y,y,2015
ANA201506290,NYA,ANA,ANA01,20150629,0,7:09PM,night,,,true,,160,42056,unknown,unknown,cloudy,78,tocf,8,munse701,,,gonzm901,schrp901,culbf901,reynj901,,,wilsc004,sabac001,streh001,regular,1,4,ANA,NYA,y,both,y,y,y,2015
ANA201506300,NYA,ANA,ANA01,20150630,0,7:07PM,night,,,true,,157,42036,unknown,unknown,cloudy,80,torf,4,franm701,,,schrp901,culbf901,reynj901,gonzm901,,,heana001,novai001,streh001,regular,1,2,ANA,NYA,y,both,y,y,y,2015
ANA201507010,NYA,ANA,ANA01,20150701,0,4:08PM,day,,,true,,202,40938,unknown,unknown,overcast,83,torf,8,munse701,,,culbf901,reynj901,gonzm901,schrp901,,,eovan001,shoem001,betad001,regular,3,1,NYA,ANA,y,both,y,y,y,2015
TEX201507030,ANA,TEX,ARL02,20150703,0,7:09PM,night,,,true,,183,39320,unknown,unknown,cloudy,90,rtol,11,ruddw701,,,timmt901,ticht901,woodt901,welkt901,,,richg002,gonzc002,,regular,8,2,ANA,TEX,y,both,y,y,y,2015
TEX201507040,ANA,TEX,ARL02,20150704,0,8:08PM,night,,,true,,201,47877,unknown,unknown,sunny,88,rtol,10,ruddw701,,,ticht901,woodt901,welkt901,timmt901,,,santh001,rodrw002,,regular,13,0,ANA,TEX,y,both,y,y,y,2015
TEX201507050,ANA,TEX,ARL02,20150705,0,6:07PM,night,,,true,,183,28638,unknown,unknown,cloudy,91,rtol,17,wells701,,,woodt901,welkt901,timmt901,ticht901,,,wilsc004,lewic001,,regular,12,6,ANA,TEX,y,both,y,y,y,2015
COL201507070,ANA,COL,DEN02,20150707,0,6:42PM,night,,,false,,150,26232,unknown,unknown,unknown,65,tolf,3,platd701,,,fostm901,wegnm901,wintm901,hamaa901,,,heana001,bettc001,,regular,10,2,ANA,COL,y,both,y,y,y,2015
COL201507080,ANA,COL,DEN02,20150708,0,8:47PM,night,,,false,,207,24660,unknown,unknown,unknown,58,tolf,8,platd701,,,wegnm901,wintm901,hamaa901,fostm901,,,smitj002,axfoj001,streh001,regular,3,2,ANA,COL,y,both,y,y,y,2015
SEA201507090,ANA,SEA,SEA03,20150709,0,7:10PM,night,,,true,,194,28131,unknown,unknown,sunny,78,torf,2,radoe701,,,bakej902,millb901,eddid901,fleta901,,,hernf002,richg002,smitc004,regular,2,7,SEA,ANA,y,both,y,y,y,2015
SEA201507100,ANA,SEA,SEA03,20150710,0,7:10PM,night,,,true,,169,29679,unknown,unknown,overcast,69,tocf,2,radoe701,,,millb901,eddid901,fleta901,bakej902,,,santh001,montm002,,regular,7,3,ANA,SEA,y,both,y,y,y,2015
SEA201507110,ANA,SEA,SEA03,20150711,0,7:11PM,night,,,true,,162,40765,unknown,unknown,unknown,68,tocf,4,peted701,,,eddid901,fleta901,bakej902,millb901,,,iwakh001,wilsc004,,regular,0,5,SEA,ANA,y,both,y,y,y,2015
SEA201507120,ANA,SEA,SEA03,20150712,0,1:10PM,day,,,true,,176,36955,unknown,unknown,cloudy,74,fromrf,2,padud701,,,fleta901,bakej902,millb901,eddid901,,,heana001,walkt004,,regular,10,3,ANA,SEA,y,both,y,y,y,2015
ANA201507170,BOS,ANA,ANA01,20150717,0,7:09PM,night,,,true,,144,43234,unknown,unknown,sunny,81,tocf,8,munse701,,,davib902,wendh902,rackd901,hudsm901,,,smitj002,uehak001,,regular,0,1,ANA,BOS,y,both,y,y,y,2015
ANA201507180,BOS,ANA,ANA01,20150718,0,6:08PM,night,,,true,,157,43631,unknown,unknown,unknown,70,torf,9,franm701,,,wendh902,rackd901,hudsm901,davib902,,,richg002,porcr001,,regular,0,3,ANA,BOS,y,both,y,y,y,2015
ANA201507201,BOS,ANA,ANA01,20150720,1,2:07PM,day,,,true,,185,42503,unknown,unknown,cloudy,84,tocf,7,munse701,,,hudsm901,pattm903,davib902,wendh902,,,santh001,rodre004,,regular,1,11,ANA,BOS,y,both,y,y,y,2015
ANA201507202,BOS,ANA,ANA01,20150720,2,7:07PM,night,,,true,,154,38042,unknown,unknown,sunny,81,ltor,9,munse701,,,hobep901,davib902,wendh902,pattm903,,,heana001,wrigs001,smitj002,regular,3,7,ANA,BOS,y,both,y,y,y,2015
ANA201507210,MIN,ANA,ANA01,20150721,0,7:08PM,night,,,true,,172,38937,unknown,unknown,unknown,76,torf,6,munse701,,,westj901,danlk901,drakr901,reybd901,,,shoem001,gibsk002,,regular,0,7,ANA,MIN,y,both,y,y,y,2015
ANA201507220,MIN,ANA,ANA01,20150722,0,7:08PM,night,,,true,,183,40239,unknown,unknown,sunny,79,tocf,7,munse701,,,danlk901,drakr901,reybd901,westj901,,,wilsc004,pelfm001,streh001,regular,2,5,ANA,MIN,y,both,y,y,y,2015
ANA201507230,MIN,ANA,ANA01,20150723,0,12:40PM,day,,,true,,136,36134,unknown,unknown,sunny,79,unknown,4,franm701,,,drakr901,reybd901,westj901,danlk901,,,sante001,richg002,perkg001,regular,3,0,MIN,ANA,y,both,y,y,y,2015
ANA201507240,TEX,ANA,ANA01,20150724,0,7:06PM,night,,,true,,159,42046,unknown,unknown,sunny,79,torf,6,munse701,,,knigb901,vanol901,kulpr901,carav901,,,lewic001,tropn001,tolls002,regular,4,2,TEX,ANA,y,both,y,y,y,2015
ANA201507250,TEX,ANA,ANA01,20150725,0,6:08PM,night,,,true,,212,43052,unknown,unknown,sunny,86,torf,7,franm701,,,vanol901,kulpr901,carav901,knigb901,,,patts002,smitj002,tolls002,regular,7,6,TEX,ANA,y,both,y,y,y,2015
ANA201507260,TEX,ANA,ANA01,20150726,0,12:36PM,day,,,true,,213,38539,unknown,unknown,sunny,82,tocf,9,munse701,,,kulpr901,carav901,knigb901,vanol901,,,heana001,martn002,,regular,7,13,ANA,TEX,y,both,y,y,y,2015
HOU201507280,ANA,HOU,HOU03,20150728,0,7:12PM,night,,,true,,199,24031,dry,none,dome,73,unknown,0,wilkt701,,,holbs901,gibsg901,fagac901,fairc901,,,mchuc001,wilsc004,,regular,5,10,HOU,ANA,y,both,y,y,y,2015
HOU201507290,ANA,HOU,HOU03,20150729,0,7:11PM,night,,,true,,170,31272,dry,none,dome,73,unknown,0,wilkt701,,,gibsg901,fagac901,fairc901,holbs901,,,mccul002,richg002,,regular,3,6,HOU,ANA,y,both,y,y,y,2015
HOU201507300,ANA,HOU,HOU03,20150730,0,7:12PM,night,,,true,,182,27598,dry,none,dome,73,unknown,0,wilkt701,,,fagac901,fairc901,holbs901,gibsg901,,,gregl001,alvaj003,,regular,0,3,HOU,ANA,y,both,y,y,y,2015
LAN201507310,ANA,LAN,LOS03,20150731,0,7:11PM,night,,,false,,163,53380,unknown,unknown,cloudy,75,torf,8,munse701,,,marqa901,segac901,wolcq901,hallt901,,,greiz001,santh001,jansk001,regular,3,5,LAN,ANA,y,both,y,y,y,2015
LAN201508010,ANA,LAN,LOS03,20150801,0,1:05PM,day,,,false,,166,52979,unknown,unknown,sunny,83,ltor,5,whitj701,,,segac901,wolcq901,hallt901,marqa901,,,kersc001,heana001,jansk001,regular,1,3,LAN,ANA,y,both,y,y,y,2015
LAN201508020,ANA,LAN,LOS03,20150802,0,1:11PM,day,,,false,,199,52116,unknown,unknown,sunny,78,torf,6,whitj701,,,wolcq901,hallt901,marqa901,segac901,,,baezp001,rucid001,,regular,3,5,LAN,ANA,y,both,y,y,y,2015
ANA201508030,CLE,ANA,ANA01,20150803,0,7:07PM,night,,,true,,182,37030,unknown,unknown,cloudy,80,torf,8,munse701,,,blasc901,nelsj901,hobep901,guccc901,,,richg002,klubc001,streh001,regular,4,5,ANA,CLE,y,both,y,y,y,2015
ANA201508040,CLE,ANA,ANA01,20150804,0,7:07PM,night,,,true,,212,38159,unknown,unknown,sunny,84,torf,5,franm701,,,nelsj901,hobep901,guccc901,blasc901,,,mcalz001,alvaj003,allec002,regular,2,0,CLE,ANA,y,both,y,y,y,2015
ANA201508050,CLE,ANA,ANA01,20150805,0,12:37PM,day,,,true,,179,33099,unknown,unknown,sunny,86,torf,6,munse701,,,hobep901,guccc901,blasc901,nelsj901,,,bedrc001,allec002,,regular,3,4,ANA,CLE,y,both,y,y,y,2015
ANA201508070,BAL,ANA,ANA01,20150807,0,7:09PM,night,,,true,,178,42578,unknown,unknown,cloudy,73,tocf,8,franm701,,,cuzzp901,davig901,littw901,randt901,,,salaf001,gausk001,,regular,4,8,ANA,BAL,y,both,y,y,y,2015
ANA201508080,BAL,ANA,ANA01,20150808,0,6:09PM,night,,,true,,175,43041,unknown,unknown,sunny,75,tolf,6,munse701,,,davig901,littw901,randt901,cuzzp901,,,jimeu001,richg002,,regular,5,0,BAL,ANA,y,both,y,y,y,2015
ANA201508090,BAL,ANA,ANA01,20150809,0,12:38PM,day,,,true,,243,37154,unknown,unknown,cloudy,74,torf,5,munse701,,,littw901,randt901,cuzzp901,davig901,,,gottt001,roe-c001,,regular,4,5,ANA,BAL,y,both,y,y,y,2015
CHA201508100,ANA,CHA,CHI12,20150810,0,7:10PM,night,,,true,,165,20036,unknown,unknown,cloudy,77,tolf,6,roseb701,,,gonzm901,pattm903,culbf901,reynj901,,,salec001,shoem001,,regular,2,8,CHA,ANA,y,both,y,y,y,2015
CHA201508110,ANA,CHA,CHI12,20150811,0,7:10PM,night,,,true,,158,17137,unknown,unknown,sunny,74,ltor,7,speaa701,,,pattm903,culbf901,reynj901,gonzm901,,,rodoc001,santh001,robed002,regular,0,3,CHA,ANA,y,both,y,y,y,2015
CHA201508120,ANA,CHA,CHI12,20150812,0,7:10PM,night,,,true,,284,17171,unknown,unknown,sunny,75,fromlf,8,frisd701,,,culbf901,reynj901,gonzm901,pattm903,,,albem001,ramoc001,,regular,2,3,CHA,ANA,y,both,y,y,y,2015
KCA201508130,ANA,KCA,KAN06,20150813,0,7:10PM,night,,,true,,225,32098,unknown,unknown,cloudy,85,rtol,8,utslm701,,,cedeg901,tumpj901,barkl901,wolcq901,,,alvaj003,hollg001,streh001,regular,7,6,ANA,KCA,y,both,y,y,y,2015
KCA201508140,ANA,KCA,KAN06,20150814,0,7:09PM,night,,,true,,180,36926,unknown,unknown,sunny,85,rtol,7,utslm701,,,tumpj901,barkl901,wolcq901,cedeg901,,,duffd001,weavj003,hollg001,regular,1,4,KCA,ANA,y,both,y,y,y,2015
KCA201508150,ANA,KCA,KAN06,20150815,0,6:10PM,night,,,true,,175,39251,unknown,unknown,sunny,88,ltor,8,utslm701,,,barkl901,wolcq901,cedeg901,tumpj901,,,cuetj001,shoem001,,regular,4,9,KCA,ANA,y,both,y,y,y,2015
KCA201508160,ANA,KCA,KAN06,20150816,0,7:08PM,night,,,true,,192,36845,unknown,unknown,cloudy,88,rtol,11,utslm701,,,wolcq901,cedeg901,woodt901,barkl901,,,herrk001,gottt001,,regular,3,4,KCA,ANA,y,both,y,y,y,2015
ANA201508170,CHA,ANA,ANA01,20150817,0,7:07PM,night,,,true,,152,36431,unknown,unknown,sunny,79,torf,6,munse701,,,hicke901,nauep901,demud901,estam901,,,salaf001,rodoc001,streh001,regular,1,2,ANA,CHA,y,both,y,y,y,2015
ANA201508180,CHA,ANA,ANA01,20150818,0,7:07PM,night,,,true,,149,37114,unknown,unknown,sunny,76,tocf,9,munse701,,,nauep901,demud901,estam901,hicke901,,,richg002,dankj001,streh001,regular,3,5,ANA,CHA,y,both,y,y,y,2015
ANA201508190,CHA,ANA,ANA01,20150819,0,7:07PM,night,,,true,,176,35036,unknown,unknown,sunny,75,unknown,3,munse701,,,demud901,estam901,hicke901,nauep901,,,weavj003,samaj001,smitj002,regular,0,1,ANA,CHA,y,both,y,y,y,2015
ANA201508200,CHA,ANA,ANA01,20150820,0,7:06PM,night,,,true,,201,37142,unknown,unknown,sunny,75,torf,6,munse701,,,estam901,hicke901,nauep901,demud901,,,quinj001,tropn001,,regular,8,2,CHA,ANA,y,both,y,y,y,2015
ANA201508210,TOR,ANA,ANA01,20150821,0,7:08PM,night,,,true,,187,41110,unknown,unknown,sunny,75,tocf,10,munse701,,,nelsj901,diazl901,guccc901,blasc901,,,pricd001,santh001,,regular,9,2,TOR,ANA,y,both,y,y,y,2015
ANA201508220,TOR,ANA,ANA01,20150822,0,6:41PM,night,,,true,,196,42578,unknown,unknown,sunny,78,tocf,6,munse701,,,diazl901,guccc901,blasc901,nelsj901,,,estrm001,heana001,,regular,15,3,TOR,ANA,y,both,y,y,y,2015
ANA201508230,TOR,ANA,ANA01,20150823,0,12:39PM,day,,,true,,183,37060,unknown,unknown,sunny,79,torf,6,munse701,,,guccc901,blasc901,nelsj901,diazl901,,,dickr001,richg002,,regular,12,5,TOR,ANA,y,both,y,y,y,2015
DET201508250,ANA,DET,DET05,20150825,0,7:08PM,night,,,true,,207,33649,unknown,unknown,unknown,64,rtol,8,klonc701,,,iassd901,scotd901,buckc901,barrl901,,,weavj003,simoa001,streh001,regular,8,7,ANA,DET,y,both,y,y,y,2015
DET201508260,ANA,DET,DET05,20150826,0,7:08PM,night,,,true,,168,31938,unknown,unknown,unknown,67,tocf,6,klonc701,,,scotd901,buckc901,barrl901,iassd901,,,verlj001,santh001,,regular,0,5,DET,ANA,y,both,y,y,y,2015
DET201508270,ANA,DET,DET05,20150827,0,1:08PM,day,,,true,,159,36198,unknown,unknown,overcast,63,tocf,8,klonc701,,,buckc901,barrl901,iassd901,scotd901,,,shoem001,wolfr001,streh001,regular,2,0,ANA,DET,y,both,y,y,y,2015
CLE201508280,ANA,CLE,CLE08,20150828,0,7:11PM,night,,,true,,154,22273,unknown,unknown,cloudy,71,fromrf,8,brosc701,,,hamaa901,vanol901,knigb901,carav901,,,bauet001,gottt001,allec002,regular,1,3,CLE,ANA,y,both,y,y,y,2015
CLE201508290,ANA,CLE,CLE08,20150829,0,7:11PM,night,,,true,,178,22843,unknown,unknown,unknown,77,fromrf,8,maveb701,,,vanol901,knigb901,carav901,hamaa901,,,shawb001,smitj002,,regular,3,8,CLE,ANA,y,both,y,y,y,2015
CLE201508300,ANA,CLE,CLE08,20150830,0,1:11PM,day,,,true,,160,22328,unknown,unknown,cloudy,77,tolf,8,maveb701,,,knigb901,carav901,hamaa901,vanol901,,,tomlj001,weavj003,,regular,2,9,CLE,ANA,y,both,y,y,y,2015
OAK201508310,ANA,OAK,OAK01,20150831,0,7:08PM,night,,,true,,214,12054,unknown,unknown,sunny,68,torf,12,santa701,,,joycj901,danlk901,fairc901,hobep901,,,doubf001,santh001,,regular,5,11,OAK,ANA,y,both,y,y,y,2015
OAK201509010,ANA,OAK,OAK01,20150901,0,7:08PM,night,,,true,,184,14178,unknown,unknown,cloudy,64,torf,14,santa701,,,danlk901,fairc901,hobep901,joycj901,,,shoem001,martc008,,regular,6,2,ANA,OAK,y,both,y,y,y,2015
OAK201509020,ANA,OAK,OAK01,20150902,0,12:38PM,day,,,true,,173,13392,unknown,unknown,unknown,67,torf,10,santa701,,,fairc901,hobep901,joycj901,danlk901,,,heana001,grays001,,regular,9,4,ANA,OAK,y,both,y,y,y,2015
ANA201509040,TEX,ANA,ANA01,20150904,0,7:08PM,night,,,true,,178,37073,unknown,unknown,sunny,73,tolf,4,munse701,,,wegnm901,fostm901,wintm901,muchm901,,,richg002,perem004,streh001,regular,2,5,ANA,TEX,y,both,y,y,y,2015
ANA201509050,TEX,ANA,ANA01,20150905,0,6:08PM,night,,,true,,165,39889,unknown,unknown,sunny,78,tocf,9,munse701,,,fostm901,wintm901,muchm901,wegnm901,,,holld003,smitj002,tolls002,regular,2,1,TEX,ANA,y,both,y,y,y,2015
ANA201509060,TEX,ANA,ANA01,20150906,0,12:37PM,day,,,true,,166,38367,unknown,unknown,cloudy,84,unknown,3,munse701,,,wintm901,muchm901,wegnm901,fostm901,,,santh001,lewic001,,regular,0,7,ANA,TEX,y,both,y,y,y,2015
ANA201509070,LAN,ANA,ANA01,20150907,0,6:07PM,night,,,true,,232,44488,unknown,unknown,sunny,89,torf,5,munse701,,,gibsh902,morag901,holbs901,carlm901,,,greiz001,salaf001,jansk001,regular,7,5,LAN,ANA,y,both,y,y,y,2015
ANA201509080,LAN,ANA,ANA01,20150908,0,7:07PM,night,,,true,,192,41086,unknown,unknown,cloudy,91,torf,6,franm701,,,morag901,holbs901,carlm901,gibsh902,,,kersc001,heana001,jansk001,regular,6,4,LAN,ANA,y,both,y,y,y,2015
ANA201509090,LAN,ANA,ANA01,20150909,0,7:08PM,night,,,true,,170,42799,unknown,unknown,cloudy,93,ltor,5,munse701,,,holbs901,carlm901,gibsh902,morag901,,,alvaj003,avill001,streh001,regular,2,3,ANA,LAN,y,both,y,y,y,2015
ANA201509110,HOU,ANA,ANA01,20150911,0,7:08PM,night,,,true,,163,39636,unknown,unknown,cloudy,82,tocf,9,munse701,,,marqa901,hallt901,belld901,drecb901,,,weavj003,keucd001,streh001,regular,2,3,ANA,HOU,y,both,y,y,y,2015
ANA201509120,HOU,ANA,ANA01,20150912,0,6:07PM,night,,,true,,161,41130,unknown,unknown,cloudy,90,torf,5,franm701,,,hallt901,belld901,drecb901,marqa901,,,smitj002,harrw002,streh001,regular,2,3,ANA,HOU,y,both,y,y,y,2015
ANA201509130,HOU,ANA,ANA01,20150913,0,12:37PM,day,,,true,,194,41550,unknown,unknown,sunny,87,tolf,3,munse701,,,belld901,drecb901,marqa901,hallt901,,,qualc001,streh001,gregl001,regular,5,3,HOU,ANA,y,both,y,y,y,2015
SEA201509140,ANA,SEA,SEA03,20150914,0,7:10PM,night,,,true,,179,13681,unknown,unknown,overcast,62,unknown,1,radoe701,,,danlk901,porta901,onorb901,rippm901,,,walkt004,richg002,,regular,1,10,SEA,ANA,y,both,y,y,y,2015
SEA201509150,ANA,SEA,SEA03,20150915,0,7:10PM,night,,,true,,160,15365,unknown,unknown,unknown,59,unknown,1,radoe701,,,porta901,onorb901,rippm901,danlk901,,,tropn001,hernf002,smitj002,regular,4,3,ANA,SEA,y,both,y,y,y,2015
SEA201509160,ANA,SEA,SEA03,20150916,0,7:10PM,night,,,true,,160,16176,unknown,unknown,sunny,66,ltor,1,padud701,,,onorb901,rippm901,danlk901,porta901,,,iwakh001,weavj003,wilht001,regular,1,3,SEA,ANA,y,both,y,y,y,2015
MIN201509170,ANA,MIN,MIN04,20150917,0,7:11PM,night,,,true,,236,18697,unknown,unknown,cloudy,73,tolf,5,thors701,,,wegnm901,millb901,eddid901,johna901,,,morim002,achta001,streh001,regular,11,8,ANA,MIN,y,both,y,y,y,2015
MIN201509191,ANA,MIN,MIN04,20150919,1,12:11PM,day,,,true,,255,22878,unknown,unknown,sunny,63,rtol,8,thors701,,,millb901,sches901,johna901,wegnm901,,,morim002,boyeb001,streh001,regular,4,3,ANA,MIN,y,both,y,y,y,2015
MIN201509192,ANA,MIN,MIN04,20150919,2,6:11PM,night,,,true,,176,33300,unknown,unknown,cloudy,69,rtol,8,thors701,,,eddid901,johna901,wegnm901,sches901,,,richg002,pelfm001,streh001,regular,5,2,ANA,MIN,y,both,y,y,y,2015
MIN201509200,ANA,MIN,MIN04,20150920,0,1:12PM,day,,,true,,182,25302,unknown,unknown,cloudy,69,rtol,15,wongg701,,,johna901,wegnm901,millb901,eddid901,,,dufft001,shoem001,,regular,1,8,MIN,ANA,y,both,y,y,y,2015
HOU201509210,ANA,HOU,HOU03,20150921,0,7:12PM,night,,,true,,182,25318,dry,none,dome,73,unknown,0,porzg701,,,herna901,conrc901,barrt901,holbs901,,,keucd001,weavj003,gregl001,regular,3,6,HOU,ANA,y,both,y,y,y,2015
HOU201509220,ANA,HOU,HOU03,20150922,0,7:11PM,night,,,true,,201,25671,dry,none,dome,73,unknown,0,wilkt701,,,conrc901,barrt901,holbs901,herna901,,,santh001,mccul002,streh001,regular,4,3,ANA,HOU,y,both,y,y,y,2015
HOU201509230,ANA,HOU,HOU03,20150923,0,1:12PM,day,,,true,,233,25573,dry,none,dome,73,unknown,0,wilkt701,,,barrt901,holbs901,herna901,conrc901,,,gottt001,harrw002,streh001,regular,6,5,ANA,HOU,y,both,y,y,y,2015
ANA201509250,SEA,ANA,ANA01,20150925,0,7:08PM,night,,,true,,189,38355,unknown,unknown,sunny,83,tocf,4,munse701,,,davib902,wendh902,hudsm901,rackd901,,,richg002,nunov001,,regular,4,8,ANA,SEA,y,both,y,y,y,2015
ANA201509260,SEA,ANA,ANA01,20150926,0,6:07PM,night,,,true,,173,37866,unknown,unknown,sunny,82,torf,4,franm701,,,wendh902,hudsm901,rackd901,davib902,,,salaf001,farqd001,,regular,2,3,ANA,SEA,y,both,y,y,y,2015
ANA201509270,SEA,ANA,ANA01,20150927,0,12:38PM,day,,,true,,154,35243,unknown,unknown,sunny,90,torf,5,munse701,,,hudsm901,rackd901,davib902,wendh902,,,salaf001,iwakh001,morim002,regular,2,3,ANA,SEA,y,both,y,y,y,2015
ANA201509280,OAK,ANA,ANA01,20150928,0,7:06PM,night,,,true,,203,31858,unknown,unknown,sunny,80,torf,4,munse701,,,carlm901,gibsh902,guccc901,gormb901,,,gottt001,mujie001,,regular,4,5,ANA,OAK,y,both,y,y,y,2015
ANA201509290,OAK,ANA,ANA01,20150929,0,7:07PM,night,,,true,,173,33470,unknown,unknown,sunny,79,unknown,2,johnc701,,,gibsh902,guccc901,gormb901,carlm901,,,tropn001,bassc001,,regular,1,8,ANA,OAK,y,both,y,y,y,2015
ANA201509300,OAK,ANA,ANA01,20150930,0,4:07PM,day,,,true,,219,34033,unknown,unknown,sunny,88,tocf,7,munse701,,,guccc901,gormb901,carlm901,gibsh902,,,dullr001,morim002,dools001,regular,8,7,OAK,ANA,y,both,y,y,y,2015
TEX201510010,ANA,TEX,ARL02,20151001,0,7:08PM,night,,,true,,194,32338,unknown,unknown,cloudy,76,ltor,11,wells701,,,wolcq901,barkl901,coope901,cedeg901,,,holld003,heana001,tolls002,regular,3,5,TEX,ANA,y,both,y,y,y,2015
TEX201510020,ANA,TEX,ARL02,20151002,0,7:08PM,night,,,true,,169,47219,unknown,unknown,sunny,77,torf,11,porzg701,,,barkl901,coope901,cedeg901,wolcq901,,,morim002,tolls002,smitj002,regular,2,1,ANA,TEX,y,both,y,y,y,2015
TEX201510030,ANA,TEX,ARL02,20151003,0,12:07PM,day,,,true,,246,37271,unknown,unknown,sunny,71,fromlf,4,wells701,,,coope901,cedeg901,wolcq901,barkl901,,,reyej003,ohler001,smitj002,regular,11,10,ANA,TEX,y,both,y,y,y,2015
TEX201510040,ANA,TEX,ARL02,20151004,0,2:09PM,day,,,true,,173,45772,unknown,unknown,sunny,74,ltor,4,porzg701,,,cedeg901,wolcq901,barkl901,coope901,,,hamec001,richg002,,regular,2,9,TEX,ANA,y,both,y,y,y,2015
ANA201604040,CHN,ANA,ANA01,20160404,0,7:08PM,night,,,true,,188,44020,unknown,unknown,sunny,75,torf,6,munse701,,,barrt901,herna901,barkl901,littw901,,,arrij001,richg002,,regular,9,0,CHN,ANA,y,both,y,y,y,2016
ANA201604050,CHN,ANA,ANA01,20160405,0,7:07PM,night,,,true,,154,37042,unknown,unknown,unknown,76,rtol,8,munse701,,,herna901,barkl901,littw901,barrt901,,,lestj001,heana001,,regular,6,1,CHN,ANA,y,both,y,y,y,2016
ANA201604070,TEX,ANA,ANA01,20160407,0,7:07PM,night,,,true,,191,39089,unknown,unknown,unknown,64,tocf,4,munse701,,,wolcq901,gormb901,carlm901,dimum901,,,streh001,dysos001,,regular,3,4,ANA,TEX,y,both,y,y,y,2016
ANA201604080,TEX,ANA,ANA01,20160408,0,7:07PM,night,,,true,,210,35207,unknown,unknown,unknown,61,tocf,3,franm701,,,gormb901,carlm901,dimum901,wolcq901,,,grifa002,shoem001,,regular,7,3,TEX,ANA,y,both,y,y,y,2016
ANA201604090,TEX,ANA,ANA01,20160409,0,6:08PM,night,,,true,,173,38106,unknown,unknown,unknown,64,tolf,3,munse701,,,carlm901,dimum901,wolcq901,gormb901,,,hamec001,richg002,tolls002,regular,4,1,TEX,ANA,y,both,y,y,y,2016
ANA201604100,TEX,ANA,ANA01,20160410,0,12:38PM,day,,,true,,163,35097,unknown,unknown,unknown,67,rtol,10,munse701,,,dimum901,wolcq901,gormb901,carlm901,,,weavj003,perem004,streh001,regular,1,3,ANA,TEX,y,both,y,y,y,2016
OAK201604110,ANA,OAK,OAK01,20160411,0,7:07PM,night,,,true,,185,13371,unknown,unknown,cloudy,63,torf,11,thomc701,,,vanol901,marqa901,guccc901,rackd901,,,tropn001,grays001,streh001,regular,4,1,ANA,OAK,y,both,y,y,y,2016
OAK201604120,ANA,OAK,OAK01,20160412,0,7:07PM,night,,,true,,161,13492,unknown,unknown,overcast,58,torf,13,thomc701,,,marqa901,guccc901,rackd901,vanol901,,,morim002,dools001,streh001,regular,5,4,ANA,OAK,y,both,y,y,y,2016
OAK201604130,ANA,OAK,OAK01,20160413,0,12:37PM,day,,,true,,183,11216,unknown,unknown,cloudy,63,torf,11,dybdc701,,,guccc901,rackd901,vanol901,marqa901,,,shoem001,surke001,,regular,5,1,ANA,OAK,y,both,y,y,y,2016
MIN201604150,ANA,MIN,MIN04,20160415,0,7:11PM,night,,,true,,209,22461,unknown,unknown,unknown,73,rtol,18,thors701,,,porta901,tumpj901,kellj901,onorb901,,,fienc001,salaf001,jepsk001,regular,4,5,MIN,ANA,y,both,y,y,y,2016
MIN201604160,ANA,MIN,MIN04,20160416,0,1:12PM,day,,,true,,175,27464,unknown,unknown,cloudy,76,rtol,17,thors701,,,tumpj901,kellj901,onorb901,porta901,,,presr001,smitj002,jepsk001,regular,4,6,MIN,ANA,y,both,y,y,y,2016
MIN201604170,ANA,MIN,MIN04,20160417,0,1:11PM,day,,,true,,242,25932,unknown,unknown,cloudy,77,rtol,14,wongg701,,,kellj901,porta901,tumpj901,may-b901,,,tonkm001,rasmc002,,regular,2,3,MIN,ANA,y,both,y,y,y,2016
CHA201604180,ANA,CHA,CHI12,20160418,0,7:11PM,night,,,true,,178,14706,unknown,unknown,unknown,75,fromlf,12,roseb701,,,mealj901,conrc901,morag901,nauep901,,,santh001,rodoc001,,regular,7,0,ANA,CHA,y,both,y,y,y,2016
CHA201604190,ANA,CHA,CHI12,20160419,0,7:11PM,night,,,true,,166,12093,unknown,unknown,unknown,50,fromrf,14,seipb701,,,conrc901,morag901,nauep901,mealj901,,,latom001,shoem001,jonen001,regular,0,5,CHA,ANA,y,both,y,y,y,2016
CHA201604200,ANA,CHA,CHI12,20160420,0,1:10PM,day,,,true,,179,12785,unknown,unknown,unknown,66,torf,11,frisd701,,,morag901,nauep901,mealj901,conrc901,,,salec001,richg002,robed002,regular,1,2,CHA,ANA,y,both,y,y,y,2016
CHA201604210,ANA,CHA,CHI12,20160421,0,1:11PM,day,,,true,,168,11418,unknown,unknown,cloudy,70,torf,8,frisd701,,,nauep901,mealj901,conrc901,morag901,,,weavj003,dankj001,streh001,regular,3,2,ANA,CHA,y,both,y,y,y,2016
ANA201604220,SEA,ANA,ANA01,20160422,0,7:07PM,night,,,true,,203,40755,unknown,unknown,cloudy,67,torf,11,munse701,,,knigb901,ticht901,millb901,hobep901,,,peraj002,alvaj003,cishs001,regular,5,2,SEA,ANA,y,both,y,y,y,2016
ANA201604230,SEA,ANA,ANA01,20160423,0,6:08PM,night,,,true,,165,41058,unknown,unknown,sunny,73,torf,5,franm701,,,ticht901,millb901,hobep901,knigb901,,,santh001,hernf002,streh001,regular,2,4,ANA,SEA,y,both,y,y,y,2016
ANA201604240,SEA,ANA,ANA01,20160424,0,12:37PM,day,,,true,,163,37754,unknown,unknown,cloudy,74,tocf,11,munse701,,,millb901,hobep901,knigb901,ticht901,,,milew001,shoem001,vincn001,regular,9,4,SEA,ANA,y,both,y,y,y,2016
ANA201604250,KCA,ANA,ANA01,20160425,0,7:08PM,night,,,true,,179,31061,unknown,unknown,unknown,60,tocf,6,munse701,,,bakej902,everm901,timmt901,basnt901,,,richg002,kenni001,,regular,1,6,ANA,KCA,y,both,y,y,y,2016
ANA201604260,KCA,ANA,ANA01,20160426,0,7:09PM,night,,,true,,182,34428,unknown,unknown,cloudy,66,tocf,7,franm701,,,everm901,timmt901,basnt901,bakej902,,,weavj003,volqe001,,regular,4,9,ANA,KCA,y,both,y,y,y,2016
ANA201604270,KCA,ANA,ANA01,20160427,0,7:07PM,night,,,true,,171,35142,unknown,unknown,sunny,63,rtol,9,johnc701,,,timmt901,basnt901,bakej902,everm901,,,salaf001,younc003,smitj002,regular,2,4,ANA,KCA,y,both,y,y,y,2016
TEX201604290,ANA,TEX,ARL02,20160429,0,7:08PM,night,,,true,,155,29589,unknown,unknown,unknown,72,fromrf,9,wells701,,,davib902,barrl901,scotd901,dejer901,,,lewic001,santh001,tolls002,regular,2,4,TEX,ANA,y,both,y,y,y,2016
TEX201604300,ANA,TEX,ARL02,20160430,0,7:08PM,night,,,true,,175,41571,unknown,unknown,sunny,75,tocf,5,porzg701,,,barrl901,scotd901,dejer901,davib902,,,holld003,shoem001,,regular,2,7,TEX,ANA,y,both,y,y,y,2016
TEX201605010,ANA,TEX,ARL02,20160501,0,2:07PM,day,,,true,,213,39401,unknown,unknown,sunny,71,ltor,16,wells701,,,scotd901,dejer901,davib902,barrl901,,,mahlg001,wilht001,,regular,9,6,ANA,TEX,y,both,y,y,y,2016
MIL201605020,ANA,MIL,MIL06,20160502,0,6:21PM,night,,,false,,210,21352,dry,none,dome,68,unknown,0,odrit701,,,fagac901,welkb901,reybd901,basnt901,,,nelsj004,weavj003,,regular,5,8,MIL,ANA,y,both,y,y,y,2016
MIL201605030,ANA,MIL,MIL06,20160503,0,7:11PM,night,,,false,,161,28180,dry,none,dome,69,unknown,0,odrit701,,,welkb901,reybd901,carav901,fagac901,,,guerj003,tropn001,jeffj001,regular,4,5,MIL,ANA,y,both,y,y,y,2016
MIL201605040,ANA,MIL,MIL06,20160504,0,12:40PM,day,,,false,,208,21907,dry,none,dome,66,unknown,0,odrit701,,,reybd901,carav901,fagac901,welkb901,,,salaf001,thort001,smitj002,regular,7,3,ANA,MIL,y,both,y,y,y,2016
ANA201605060,TBA,ANA,ANA01,20160506,0,7:16PM,night,,,true,,186,41253,unknown,unknown,unknown,62,torf,4,franm701,,,randt901,belld901,(none),hamaa901,,,archc001,rasmc002,coloa001,regular,5,2,TBA,ANA,y,both,y,y,y,2016
ANA201605070,TBA,ANA,ANA01,20160507,0,6:11PM,night,,,true,,186,40142,unknown,unknown,unknown,68,tolf,10,munse701,,,belld901,barrs901,hamaa901,randt901,,,ramie004,smitj002,coloa001,regular,4,2,TBA,ANA,y,both,y,y,y,2016
ANA201605080,TBA,ANA,ANA01,20160508,0,12:38PM,day,,,true,,176,41086,unknown,unknown,unknown,68,rtol,7,munse701,,,barrs901,hamaa901,randt901,belld901,,,andrm001,tropn001,coloa001,regular,3,1,TBA,ANA,y,both,y,y,y,2016
ANA201605100,SLN,ANA,ANA01,20160510,0,7:09PM,night,,,true,,177,30679,unknown,unknown,sunny,67,rtol,9,munse701,,,torrc901,blasc901,davig901,drakr901,,,leakm001,santh001,,regular,8,1,SLN,ANA,y,both,y,y,y,2016
ANA201605110,SLN,ANA,ANA01,20160511,0,7:08PM,night,,,true,,180,33378,unknown,unknown,sunny,69,tocf,8,franm701,,,blasc901,davig901,drakr901,torrc901,,,garcj004,shoem001,roset001,regular,5,2,SLN,ANA,y,both,y,y,y,2016
ANA201605120,SLN,ANA,ANA01,20160512,0,7:08PM,night,,,true,,236,35413,unknown,unknown,sunny,68,tocf,7,munse701,,,davig901,drakr901,torrc901,blasc901,,,waina001,weavj003,siegk001,regular,12,10,SLN,ANA,y,both,y,y,y,2016
SEA201605130,ANA,SEA,SEA03,20160513,0,7:10PM,night,,,true,,221,34579,unknown,unknown,unknown,76,tocf,2,peted701,,,reynj901,lentn901,rippm901,culbf901,,,smitj002,cishs001,salaf001,regular,7,6,ANA,SEA,y,both,y,y,y,2016
SEA201605140,ANA,SEA,SEA03,20160514,0,6:10PM,night,,,true,,209,42038,dry,none,dome,62,unknown,0,padud701,,,lentn901,rippm901,culbf901,reynj901,,,bedrc001,cishs001,smitj002,regular,9,7,ANA,SEA,y,both,y,y,y,2016
SEA201605150,ANA,SEA,SEA03,20160515,0,1:10PM,day,,,true,,175,40852,dry,none,dome,57,unknown,0,radoe701,,,rippm901,culbf901,reynj901,lentn901,,,santh001,hernf002,smitj002,regular,3,0,ANA,SEA,y,both,y,y,y,2016
LAN201605160,ANA,LAN,LOS03,20160516,0,7:10PM,night,,,false,,240,39583,unknown,unknown,sunny,68,torf,6,munse701,,,bakej902,gibsg901,hicke901,estam901,,,shoem001,maedk001,salaf001,regular,7,6,ANA,LAN,y,both,y,y,y,2016
LAN201605170,ANA,LAN,LOS03,20160517,0,7:10PM,night,,,false,,132,42514,unknown,unknown,sunny,68,torf,5,whitj701,,,gibsg901,hicke901,estam901,bakej902,,,kersc001,weavj003,,regular,1,5,LAN,ANA,y,both,y,y,y,2016
ANA201605180,LAN,ANA,ANA01,20160518,0,7:07PM,night,,,true,,192,44006,unknown,unknown,sunny,68,tocf,9,munse701,,,hicke901,estam901,bakej902,gibsg901,,,tropn001,bolsm001,,regular,1,8,ANA,LAN,y,both,y,y,y,2016
ANA201605190,LAN,ANA,ANA01,20160519,0,7:07PM,night,,,true,,186,45007,unknown,unknown,overcast,66,rtol,9,munse701,,,estam901,bakej902,gibsg901,hicke901,,,alvaj003,strir001,smitj002,regular,4,7,ANA,LAN,y,both,y,y,y,2016
ANA201605200,BAL,ANA,ANA01,20160520,0,7:08PM,night,,,true,,200,40987,unknown,unknown,cloudy,65,tolf,5,munse701,,,tumpj901,scotd901,davib902,barrl901,,,givem001,alvaj003,,regular,9,4,BAL,ANA,y,both,y,y,y,2016
ANA201605210,BAL,ANA,ANA01,20160521,0,7:08PM,night,,,true,,188,40137,unknown,unknown,sunny,65,tocf,11,franm701,,,scotd901,davib902,barrl901,tumpj901,,,bracb001,smitj002,britz001,regular,3,1,BAL,ANA,y,both,y,y,y,2016
ANA201605220,BAL,ANA,ANA01,20160522,0,12:39PM,day,,,true,,153,41280,unknown,unknown,cloudy,71,tocf,7,munse701,,,davib902,barrl901,tumpj901,scotd901,,,weavj003,jimeu001,,regular,2,10,ANA,BAL,y,both,y,y,y,2016
TEX201605230,ANA,TEX,ARL02,20160523,0,7:07PM,night,,,true,,176,25298,unknown,unknown,cloudy,80,rtol,11,ruddw701,,,littw901,barrt901,blakr901,herna901,,,tropn001,holld003,smitj002,regular,2,0,ANA,TEX,y,both,y,y,y,2016
TEX201605240,ANA,TEX,ARL02,20160524,0,7:08PM,night,,,true,,167,26125,unknown,unknown,unknown,84,rtol,17,ruddw701,,,barrt901,blakr901,herna901,littw901,,,perem004,chacj001,dysos001,regular,1,4,TEX,ANA,y,both,y,y,y,2016
TEX201605250,ANA,TEX,ARL02,20160525,0,1:08PM,day,,,true,,214,32480,unknown,unknown,unknown,83,rtol,15,bumpl701,,,blakr901,herna901,littw901,barrt901,,,lewic001,santh001,,regular,9,15,TEX,ANA,y,both,y,y,y,2016
ANA201605270,HOU,ANA,ANA01,20160527,0,7:09PM,night,,,true,,158,39047,unknown,unknown,sunny,67,rtol,10,munse701,,,hirsj901,carav901,hobep901,reybd901,,,shoem001,fierm001,,regular,2,7,ANA,HOU,y,both,y,y,y,2016
ANA201605280,HOU,ANA,ANA01,20160528,0,7:09PM,night,,,true,,166,38176,unknown,unknown,cloudy,68,torf,10,munse701,,,carav901,hobep901,reybd901,hirsj901,,,keucd001,weavj003,gregl001,regular,4,2,HOU,ANA,y,both,y,y,y,2016
ANA201605290,HOU,ANA,ANA01,20160529,0,12:37PM,day,,,true,,297,36538,unknown,unknown,unknown,69,tocf,5,munse701,,,hobep901,reybd901,hirsj901,carav901,,,felim001,morim002,gregl001,regular,8,6,HOU,ANA,y,both,y,y,y,2016
ANA201605300,DET,ANA,ANA01,20160530,0,6:07PM,night,,,true,,166,38541,unknown,unknown,sunny,71,tocf,8,johnc701,,,randt901,knigb901,ticht901,millb901,,,chacj001,verlj001,,regular,1,5,ANA,DET,y,both,y,y,y,2016
ANA201605310,DET,ANA,ANA01,20160531,0,7:07PM,night,,,true,,199,35125,unknown,unknown,sunny,69,torf,8,franm701,,,knigb901,ticht901,millb901,randt901,,,streh001,lowem002,,regular,9,11,ANA,DET,y,both,y,y,y,2016
ANA201606010,DET,ANA,ANA01,20160601,0,4:08PM,day,,,true,,175,35053,unknown,unknown,sunny,74,tocf,9,munse701,,,ticht901,millb901,randt901,knigb901,,,fulmm001,shoem001,rodrf003,regular,3,0,DET,ANA,y,both,y,y,y,2016
PIT201606030,ANA,PIT,PIT08,20160603,0,7:09PM,night,,,false,,197,27643,unknown,unknown,cloudy,89,tolf,4,krizt701,,,scotd901,davib902,barrl901,iassd901,,,weavj003,lirif001,,regular,9,2,ANA,PIT,y,both,y,y,y,2016
PIT201606040,ANA,PIT,PIT08,20160604,0,4:07PM,day,,,false,,180,31505,unknown,unknown,unknown,81,tocf,4,webbb701,,,davib902,barrl901,iassd901,scotd901,,,lockj001,salaf001,melam001,regular,7,8,PIT,ANA,y,both,y,y,y,2016
PIT201606050,ANA,PIT,PIT08,20160605,0,1:37PM,day,,,false,,188,27754,unknown,unknown,unknown,70,fromcf,8,patte701,,,barrl901,iassd901,scotd901,davib902,,,guerd001,watst001,streh001,regular,5,4,ANA,PIT,y,both,y,y,y,2016
NYA201606060,ANA,NYA,NYC21,20160606,0,7:10PM,night,,,true,,155,34648,unknown,unknown,sunny,81,rtol,12,sprej701,,,cuzzp901,belld901,fagac901,hallt901,,,milla002,shoem001,chapa001,regular,2,5,NYA,ANA,y,both,y,y,y,2016
NYA201606070,ANA,NYA,NYC21,20160607,0,7:09PM,night,,,true,,155,31034,unknown,unknown,cloudy,75,torf,11,sprej701,,,belld901,fagac901,hallt901,cuzzp901,,,pinem001,huffd001,milla002,regular,3,6,NYA,ANA,y,both,y,y,y,2016
NYA201606080,ANA,NYA,NYC21,20160608,0,7:08PM,night,,,true,,200,31557,unknown,unknown,sunny,61,tocf,7,sprej701,,,fagac901,hallt901,cuzzp901,belld901,,,swara001,weavj003,,regular,6,12,NYA,ANA,y,both,y,y,y,2016
NYA201606090,ANA,NYA,NYC21,20160609,0,7:10PM,night,,,true,,178,34971,unknown,unknown,sunny,69,tocf,16,sprej701,,,hallt901,cuzzp901,belld901,fagac901,,,novai001,chacj001,chapa001,regular,3,6,NYA,ANA,y,both,y,y,y,2016
ANA201606100,CLE,ANA,ANA01,20160610,0,7:09PM,night,,,true,,154,39487,unknown,unknown,cloudy,70,torf,10,munse701,,,fleta901,drakr901,rippm901,danlk901,,,klubc001,santh001,,regular,6,2,CLE,ANA,y,both,y,y,y,2016
ANA201606110,CLE,ANA,ANA01,20160611,0,7:09PM,night,,,true,,179,38296,unknown,unknown,unknown,65,tocf,8,munse701,,,drakr901,rippm901,danlk901,fleta901,,,salaf001,shawb001,,regular,3,4,ANA,CLE,y,both,y,y,y,2016
ANA201606120,CLE,ANA,ANA01,20160612,0,12:37PM,day,,,true,,208,36383,unknown,unknown,unknown,69,tocf,8,munse701,,,rippm901,danlk901,fleta901,drakr901,,,salad001,huffd001,,regular,8,3,CLE,ANA,y,both,y,y,y,2016
ANA201606130,MIN,ANA,ANA01,20160613,0,7:08PM,night,,,true,,170,36424,unknown,unknown,sunny,67,rtol,6,munse701,,,everm901,reybd901,timmt901,blakr901,,,nolar001,weavj003,,regular,9,4,MIN,ANA,y,both,y,y,y,2016
ANA201606140,MIN,ANA,ANA01,20160614,0,7:09PM,night,,,true,,175,36272,unknown,unknown,sunny,67,tocf,8,munse701,,,reybd901,timmt901,blakr901,everm901,,,chacj001,sante001,streh001,regular,4,5,ANA,MIN,y,both,y,y,y,2016
ANA201606150,MIN,ANA,ANA01,20160615,0,7:09PM,night,,,true,,193,36717,unknown,unknown,sunny,69,rtol,5,munse701,,,timmt901,blakr901,everm901,reybd901,,,santh001,dufft001,,regular,2,10,ANA,MIN,y,both,y,y,y,2016
OAK201606170,ANA,OAK,OAK01,20160617,0,6:37PM,night,,,true,,171,24591,unknown,unknown,cloudy,65,torf,13,younj701,,,eddid901,nelsj901,lentn901,blasc901,,,madsr001,salaf001,,regular,2,3,OAK,ANA,y,both,y,y,y,2016
OAK201606180,ANA,OAK,OAK01,20160618,0,1:08PM,day,,,true,,185,25078,unknown,unknown,sunny,71,tolf,9,younj701,,,nelsj901,lentn901,blasc901,eddid901,,,linct001,dullr001,,regular,7,1,ANA,OAK,y,both,y,y,y,2016
OAK201606190,ANA,OAK,OAK01,20160619,0,1:07PM,day,,,true,,139,22846,unknown,unknown,cloudy,82,unknown,13,younj701,,,lentn901,blasc901,eddid901,nelsj901,,,weavj003,surke001,,regular,2,0,ANA,OAK,y,both,y,y,y,2016
HOU201606200,ANA,HOU,HOU03,20160620,0,7:11PM,night,,,true,,193,22553,dry,none,dome,73,unknown,0,wilkt701,,,dejer901,cedeg901,coope901,johna901,,,fistd001,chacj001,,regular,7,10,HOU,ANA,y,both,y,y,y,2016
HOU201606210,ANA,HOU,HOU03,20160621,0,7:11PM,night,,,true,,174,25004,dry,none,dome,73,unknown,0,wilkt701,,,cedeg901,coope901,johna901,dejer901,,,gregl001,streh001,,regular,2,3,HOU,ANA,y,both,y,y,y,2016
HOU201606220,ANA,HOU,HOU03,20160622,0,1:11PM,day,,,true,,189,29649,dry,none,dome,73,unknown,0,porzg701,,,coope901,johna901,dejer901,cedeg901,,,gregl001,shoem001,harrw002,regular,2,3,HOU,ANA,y,both,y,y,y,2016
ANA201606230,OAK,ANA,ANA01,20160623,0,7:09PM,night,,,true,,183,36412,unknown,unknown,sunny,76,tolf,6,johnc701,,,emmep901,carlm901,dimum901,wolcq901,,,gravk001,linct001,dools001,regular,5,4,OAK,ANA,y,both,y,y,y,2016
ANA201606240,OAK,ANA,ANA01,20160624,0,7:09PM,night,,,true,,197,41356,unknown,unknown,sunny,71,tocf,10,munse701,,,carlm901,dimum901,wolcq901,may-b901,,,dullr001,salaf001,madsr001,regular,7,4,OAK,ANA,y,both,y,y,y,2016
ANA201606250,OAK,ANA,ANA01,20160625,0,7:08PM,night,,,true,,204,40643,unknown,unknown,sunny,74,torf,10,munse701,,,dimum901,wolcq901,may-b901,carlm901,,,overd001,chacj001,,regular,7,3,OAK,ANA,y,both,y,y,y,2016
ANA201606260,OAK,ANA,ANA01,20160626,0,12:37PM,day,,,true,,213,36715,unknown,unknown,sunny,85,tocf,9,munse701,,,wolcq901,may-b901,carlm901,dimum901,,,streh001,hendl001,,regular,6,7,ANA,OAK,y,both,y,y,y,2016
ANA201606270,HOU,ANA,ANA01,20160627,0,7:09PM,night,,,true,,218,36839,unknown,unknown,unknown,78,rtol,5,munse701,,,drakr901,holbs901,davig901,torrc901,,,gregl001,salaf001,harrw002,regular,4,2,HOU,ANA,y,both,y,y,y,2016
ANA201606280,HOU,ANA,ANA01,20160628,0,7:08PM,night,,,true,,187,38781,unknown,unknown,sunny,83,torf,10,munse701,,,holbs901,davig901,torrc901,drakr901,,,felds001,linct001,,regular,7,1,HOU,ANA,y,both,y,y,y,2016
ANA201606290,HOU,ANA,ANA01,20160629,0,12:38PM,day,,,true,,198,36683,unknown,unknown,sunny,86,tocf,8,munse701,,,davig901,torrc901,drakr901,holbs901,,,keucd001,weavj003,,regular,10,4,HOU,ANA,y,both,y,y,y,2016
BOS201607010,ANA,BOS,BOS07,20160701,0,7:09PM,night,,,true,,216,37117,unknown,unknown,unknown,75,tolf,12,scogc701,,,tumpj901,nauep901,wegnm901,porta901,,,wrigs001,chacj001,kimbc001,regular,4,5,BOS,ANA,y,both,y,y,y,2016
BOS201607020,ANA,BOS,BOS07,20160702,0,7:16PM,night,,,true,,218,36552,unknown,unknown,cloudy,80,torf,12,scogc701,,,nauep901,wegnm901,porta901,tumpj901,,,santh001,buchc001,,regular,21,2,ANA,BOS,y,both,y,y,y,2016
BOS201607030,ANA,BOS,BOS07,20160703,0,1:35PM,day,,,true,,232,36801,unknown,unknown,sunny,81,torf,11,shalm701,,,wegnm901,porta901,tumpj901,nauep901,,,osuls001,shoem001,,regular,5,10,BOS,ANA,y,both,y,y,y,2016
TBA201607040,ANA,TBA,STP01,20160704,0,1:11PM,day,,,true,,192,14532,dry,none,dome,72,unknown,0,mathb701,,,demud901,hicke901,may-b901,estam901,,,moorm003,salaf001,gartr001,regular,2,4,TBA,ANA,y,both,y,y,y,2016
TBA201607050,ANA,TBA,STP01,20160705,0,7:10PM,night,,,true,,199,14896,dry,none,dome,72,unknown,0,mathb701,,,hicke901,may-b901,estam901,demud901,,,guerd001,odorj001,,regular,13,5,ANA,TBA,y,both,y,y,y,2016
TBA201607060,ANA,TBA,STP01,20160706,0,7:11PM,night,,,true,,198,11267,dry,none,dome,72,unknown,0,mathb701,,,may-b901,estam901,demud901,hicke901,,,weavj003,smyld001,,regular,7,2,ANA,TBA,y,both,y,y,y,2016
TBA201607070,ANA,TBA,STP01,20160707,0,12:10PM,day,,,true,,181,14576,dry,none,dome,72,unknown,0,mathb701,,,estam901,demud901,hicke901,may-b901,,,santh001,snelb001,,regular,5,1,ANA,TBA,y,both,y,y,y,2016
BAL201607080,ANA,BAL,BAL12,20160708,0,7:11PM,night,,,true,,207,44317,unknown,unknown,cloudy,81,fromcf,4,eiger701,,,everm901,bakej902,timmt901,emmep901,,,shoem001,jimeu001,,regular,9,5,ANA,BAL,y,both,y,y,y,2016
BAL201607090,ANA,BAL,BAL12,20160709,0,4:08PM,day,,,true,,194,43288,unknown,unknown,unknown,91,ltor,7,eiger701,,,bakej902,timmt901,emmep901,everm901,,,bracb001,smitj002,britz001,regular,2,3,BAL,ANA,y,both,y,y,y,2016
BAL201607100,ANA,BAL,BAL12,20160710,0,1:38PM,day,,,true,,193,32963,unknown,unknown,unknown,81,ltor,4,eiger701,,,timmt901,emmep901,everm901,bakej902,,,tillc001,linct001,britz001,regular,2,4,BAL,ANA,y,both,y,y,y,2016
ANA201607150,CHA,ANA,ANA01,20160715,0,7:10PM,night,,,true,,159,42031,unknown,unknown,sunny,77,torf,9,munse701,,,reynj901,gonzm901,buckc901,culbf901,,,santh001,gonzm003,,regular,0,7,ANA,CHA,y,both,y,y,y,2016
ANA201607160,CHA,ANA,ANA01,20160716,0,6:09PM,night,,,true,,140,39620,unknown,unknown,sunny,79,torf,6,munse701,,,gonzm901,buckc901,culbf901,reynj901,,,shoem001,shiej002,,regular,0,1,ANA,CHA,y,both,y,y,y,2016
ANA201607170,CHA,ANA,ANA01,20160717,0,12:39PM,day,,,true,,160,36834,unknown,unknown,sunny,82,tocf,7,munse701,,,buckc901,culbf901,reynj901,gonzm901,,,weavj003,turnj002,,regular,1,8,ANA,CHA,y,both,y,y,y,2016
ANA201607180,TEX,ANA,ANA01,20160718,0,7:08PM,night,,,true,,183,36020,unknown,unknown,sunny,77,tocf,8,munse701,,,fostm901,wegnm901,muchm901,wintm901,,,ramij002,kelak001,,regular,5,9,ANA,TEX,y,both,y,y,y,2016
ANA201607190,TEX,ANA,ANA01,20160719,0,7:08PM,night,,,true,,181,36368,unknown,unknown,sunny,86,torf,6,johnc701,,,wegnm901,muchm901,wintm901,fostm901,,,linct001,lohsk001,streh001,regular,6,8,ANA,TEX,y,both,y,y,y,2016
ANA201607200,TEX,ANA,ANA01,20160720,0,7:08PM,night,,,true,,172,37095,unknown,unknown,sunny,90,tocf,7,munse701,,,muchm901,wintm901,fostm901,wegnm901,,,santh001,perem004,,regular,4,7,ANA,TEX,y,both,y,y,y,2016
HOU201607220,ANA,HOU,HOU03,20160722,0,7:11PM,night,,,true,,182,36453,dry,none,dome,73,unknown,0,porzg701,,,gibsh902,wendh902,laynj901,barrs901,,,mccul002,shoem001,harrw002,regular,1,2,HOU,ANA,y,both,y,y,y,2016
HOU201607230,ANA,HOU,HOU03,20160723,0,6:10PM,night,,,true,,173,35119,dry,none,dome,73,unknown,0,porzg701,,,wendh902,laynj901,barrs901,gibsh902,,,mchuc001,weavj003,,regular,2,7,HOU,ANA,y,both,y,y,y,2016
HOU201607240,ANA,HOU,HOU03,20160724,0,1:11PM,day,,,true,,180,32721,dry,none,dome,73,unknown,0,porzg701,,,laynj901,barrs901,gibsh902,wendh902,,,fierm001,linct001,,regular,3,13,HOU,ANA,y,both,y,y,y,2016
KCA201607250,ANA,KCA,KAN06,20160725,0,7:16PM,night,,,true,,185,33828,unknown,unknown,cloudy,84,fromrf,10,utslm701,,,hamaa901,nauep901,cuzzp901,belld901,,,santh001,kenni001,,regular,6,2,ANA,KCA,y,both,y,y,y,2016
KCA201607260,ANA,KCA,KAN06,20160726,0,7:15PM,night,,,true,,184,28026,unknown,unknown,sunny,85,fromrf,7,utslm701,,,nauep901,cuzzp901,belld901,hamaa901,,,skagt001,gee-d001,,regular,13,0,ANA,KCA,y,both,y,y,y,2016
KCA201607270,ANA,KCA,KAN06,20160727,0,7:14PM,night,,,true,,195,30279,unknown,unknown,cloudy,89,ltor,6,utslm701,,,cuzzp901,belld901,hamaa901,nauep901,,,sorij001,shoem001,,regular,5,7,KCA,ANA,y,both,y,y,y,2016
ANA201607280,BOS,ANA,ANA01,20160728,0,7:09PM,night,,,true,,185,41257,unknown,unknown,sunny,81,tocf,7,munse701,,,fleta901,rippm901,westj901,danlk901,,,bedrc001,ziegb001,,regular,1,2,ANA,BOS,y,both,y,y,y,2016
ANA201607290,BOS,ANA,ANA01,20160729,0,7:09PM,night,,,true,,150,39113,unknown,unknown,sunny,81,rtol,7,munse701,,,rippm901,westj901,danlk901,fleta901,,,porcr001,linct001,,regular,6,2,BOS,ANA,y,both,y,y,y,2016
ANA201607300,BOS,ANA,ANA01,20160730,0,6:07PM,night,,,true,,186,43150,unknown,unknown,sunny,82,tocf,12,munse701,,,westj901,morag901,fleta901,rippm901,,,santh001,pomed001,streh001,regular,2,5,ANA,BOS,y,both,y,y,y,2016
ANA201607310,BOS,ANA,ANA01,20160731,0,12:38PM,day,,,true,,212,39553,unknown,unknown,sunny,86,rtol,10,munse701,,,morag901,fleta901,rippm901,westj901,,,buchc001,streh001,ziegb001,regular,5,3,BOS,ANA,y,both,y,y,y,2016
ANA201608020,OAK,ANA,ANA01,20160802,0,7:09PM,night,,,true,,165,36052,unknown,unknown,cloudy,80,tocf,9,munse701,,,whitc901,cedeg901,coope901,wolfj901,,,shoem001,manas001,bedrc001,regular,4,5,ANA,OAK,y,both,y,y,y,2016
ANA201608030,OAK,ANA,ANA01,20160803,0,7:08PM,night,,,true,,195,37306,unknown,unknown,sunny,77,tolf,8,munse701,,,cedeg901,coope901,wolfj901,whitc901,,,morim002,dullr001,,regular,6,8,ANA,OAK,y,both,y,y,y,2016
ANA201608040,OAK,ANA,ANA01,20160804,0,4:07PM,day,,,true,,234,34196,unknown,unknown,sunny,83,rtol,8,munse701,,,coope901,wolfj901,whitc901,cedeg901,,,madsr001,morim002,dullr001,regular,8,6,OAK,ANA,y,both,y,y,y,2016
SEA201608050,ANA,SEA,SEA03,20160805,0,7:10PM,night,,,true,,172,40354,unknown,unknown,sunny,74,unknown,1,peted701,,,joycj901,hoyej901,morag901,hudsm901,,,hernf002,linct001,diaze006,regular,4,6,SEA,ANA,y,both,y,y,y,2016
SEA201608060,ANA,SEA,SEA03,20160806,0,6:41PM,night,,,true,,181,45618,unknown,unknown,cloudy,70,ltor,2,radoe701,,,hoyej901,morag901,hudsm901,joycj901,,,stord001,valdj003,diaze006,regular,6,8,SEA,ANA,y,both,y,y,y,2016
SEA201608070,ANA,SEA,SEA03,20160807,0,1:10PM,day,,,true,,151,44812,unknown,unknown,unknown,65,tocf,1,padud701,,,morag901,hudsm901,joycj901,hoyej901,,,paxtj001,shoem001,wilht001,regular,1,3,SEA,ANA,y,both,y,y,y,2016
CHN201608090,ANA,CHN,CHI11,20160809,0,7:06PM,night,,,false,,142,41227,unknown,unknown,unknown,82,rtol,3,roseb701,,,gibsh902,wendh902,laynj901,sches901,,,lackj001,weavj003,,regular,1,5,CHN,ANA,y,both,y,y,y,2016
CHN201608100,ANA,CHN,CHI11,20160810,0,7:05PM,night,,,false,,170,41015,unknown,unknown,sunny,84,fromrf,5,roseb701,,,wendh902,laynj901,sches901,gibsh902,,,hammj002,nolar001,chapa001,regular,1,3,CHN,ANA,y,both,y,y,y,2016
CLE201608110,ANA,CLE,CLE08,20160811,0,7:11PM,night,,,true,,190,16652,unknown,unknown,unknown,83,tocf,5,maveb701,,,marqa901,vanol901,rackd901,fagac901,,,klubc001,chacj001,,regular,4,14,CLE,ANA,y,both,y,y,y,2016
CLE201608120,ANA,CLE,CLE08,20160812,0,7:10PM,night,,,true,,193,27014,unknown,unknown,unknown,90,torf,15,maveb701,,,vanol901,rackd901,fagac901,marqa901,,,carrc003,skagt001,,regular,3,13,CLE,ANA,y,both,y,y,y,2016
CLE201608130,ANA,CLE,CLE08,20160813,0,9:21PM,night,,,true,,184,30409,unknown,unknown,unknown,75,torf,14,brosc701,,,rackd901,fagac901,marqa901,vanol901,,,clevm001,shoem001,,regular,1,5,CLE,ANA,y,both,y,y,y,2016
CLE201608140,ANA,CLE,CLE08,20160814,0,2:48PM,day,,,true,,167,18979,unknown,unknown,overcast,75,torf,10,brosc701,,,fagac901,marqa901,vanol901,rackd901,,,bauet001,weavj003,allec002,regular,4,5,CLE,ANA,y,both,y,y,y,2016
ANA201608150,SEA,ANA,ANA01,20160815,0,7:07PM,night,,,true,,181,35840,unknown,unknown,sunny,90,rtol,8,munse701,,,tumpj901,porta901,onorb901,kellj901,,,hernf002,nolar001,diaze006,regular,3,2,SEA,ANA,y,both,y,y,y,2016
ANA201608160,SEA,ANA,ANA01,20160816,0,7:07PM,night,,,true,,183,37546,unknown,unknown,sunny,84,tocf,7,munse701,,,onorb901,porta901,kellj901,tumpj901,,,oberb001,camia001,salaf001,regular,6,7,ANA,SEA,y,both,y,y,y,2016
ANA201608170,SEA,ANA,ANA01,20160817,0,7:08PM,night,,,true,,217,36950,unknown,unknown,sunny,82,rtol,5,johnc701,,,porta901,kellj901,tumpj901,blakr901,,,stord001,skagt001,diaze006,regular,4,3,SEA,ANA,y,both,y,y,y,2016
ANA201608180,SEA,ANA,ANA01,20160818,0,7:09PM,night,,,true,,178,37721,unknown,unknown,sunny,80,tocf,7,munse701,,,kellj901,tumpj901,blakr901,porta901,,,shoem001,iwakh001,,regular,4,6,ANA,SEA,y,both,y,y,y,2016
ANA201608190,NYA,ANA,ANA01,20160819,0,7:09PM,night,,,true,,175,40256,unknown,unknown,sunny,82,torf,6,franm701,,,lentn901,fleta901,westj901,danlk901,,,tanam001,weavj003,,regular,7,0,NYA,ANA,y,both,y,y,y,2016
ANA201608200,NYA,ANA,ANA01,20160820,0,6:45PM,night,,,true,,171,44129,unknown,unknown,sunny,80,tocf,8,munse701,,,fleta901,westj901,danlk901,lentn901,,,cessl001,nolar001,,regular,5,1,NYA,ANA,y,both,y,y,y,2016
ANA201608210,NYA,ANA,ANA01,20160821,0,12:37PM,day,,,true,,159,40309,unknown,unknown,cloudy,83,rtol,6,munse701,,,westj901,danlk901,lentn901,fleta901,,,chacj001,greec003,salaf001,regular,0,2,ANA,NYA,y,both,y,y,y,2016
TOR201608230,ANA,TOR,TOR02,20160823,0,7:08PM,night,,,true,,158,46696,unknown,unknown,sunny,74,tocf,18,pellm701,,,johna901,whitc901,coope901,wolfj901,,,dickr001,skagt001,,regular,2,7,TOR,ANA,y,both,y,y,y,2016
TOR201608240,ANA,TOR,TOR02,20160824,0,7:07PM,night,,,true,,201,44404,unknown,unknown,sunny,76,tocf,11,pellm701,,,whitc901,coope901,wolfj901,johna901,,,shoem001,estrm001,,regular,8,2,ANA,TOR,y,both,y,y,y,2016
TOR201608250,ANA,TOR,TOR02,20160825,0,7:07PM,night,,,true,,186,46273,dry,none,dome,68,unknown,0,pellm701,,,coope901,wolfj901,johna901,whitc901,,,weavj003,happj001,,regular,6,3,ANA,TOR,y,both,y,y,y,2016
DET201608260,ANA,DET,DET05,20160826,0,7:10PM,night,,,true,,170,31357,unknown,unknown,sunny,82,tolf,6,kleir701,,,hobep901,everm901,bakej902,timmt901,,,verlj001,nolar001,rodrf003,regular,2,4,DET,ANA,y,both,y,y,y,2016
DET201608270,ANA,DET,DET05,20160827,0,7:10PM,night,,,true,,197,33115,unknown,unknown,overcast,72,torf,10,marod701,,,everm901,bakej902,timmt901,hobep901,,,chacj001,fulmm001,salaf001,regular,3,2,ANA,DET,y,both,y,y,y,2016
DET201608280,ANA,DET,DET05,20160828,0,1:10PM,day,,,true,,189,28220,unknown,unknown,sunny,82,tolf,4,marod701,,,bakej902,timmt901,hobep901,everm901,,,skagt001,sanca004,,regular,5,0,ANA,DET,y,both,y,y,y,2016
ANA201608290,CIN,ANA,ANA01,20160829,0,7:08PM,night,,,true,,171,34161,unknown,unknown,sunny,81,tocf,4,munse701,,,nelsj901,diazl901,blasc901,sches901,,,shoem001,strad003,,regular,2,9,ANA,CIN,y,both,y,y,y,2016
ANA201608300,CIN,ANA,ANA01,20160830,0,7:08PM,night,,,true,,176,33042,unknown,unknown,sunny,79,torf,6,franm701,,,diazl901,blasc901,sches901,nelsj901,,,weavj003,adlet001,salaf001,regular,2,4,ANA,CIN,y,both,y,y,y,2016
ANA201608310,CIN,ANA,ANA01,20160831,0,4:08PM,day,,,true,,130,34215,unknown,unknown,sunny,90,tocf,9,munse701,,,blasc901,sches901,nelsj901,diazl901,,,nolar001,finnb001,,regular,0,3,ANA,CIN,y,both,y,y,y,2016
SEA201609020,ANA,SEA,SEA03,20160902,0,7:10PM,night,,,true,,205,16775,dry,none,dome,67,unknown,1,peted701,,,rackd901,marqa901,dejer901,vanol901,,,miraa002,oberb001,diaze006,regular,8,11,SEA,ANA,y,both,y,y,y,2016
SEA201609030,ANA,SEA,SEA03,20160903,0,6:10PM,night,,,true,,174,20357,unknown,unknown,cloudy,66,torf,8,radoe701,,,marqa901,dejer901,vanol901,rackd901,,,skagt001,walkt004,,regular,10,3,ANA,SEA,y,both,y,y,y,2016
SEA201609040,ANA,SEA,SEA03,20160904,0,1:10PM,day,,,true,,180,24033,unknown,unknown,cloudy,61,torf,2,padud701,,,dejer901,vanol901,rackd901,marqa901,,,guerd001,iwakh001,baila001,regular,4,2,ANA,SEA,y,both,y,y,y,2016
OAK201609050,ANA,OAK,OAK01,20160905,0,1:07PM,day,,,true,,224,18149,unknown,unknown,sunny,67,torf,6,dybdc701,,,carav901,blakr901,reybd901,welkb901,,,valdj003,alcar001,baila001,regular,10,7,ANA,OAK,y,both,y,y,y,2016
OAK201609060,ANA,OAK,OAK01,20160906,0,7:07PM,night,,,true,,134,12298,unknown,unknown,sunny,66,torf,14,dybdc701,,,blakr901,reybd901,welkb901,carav901,,,axfoj001,nolar001,madsr001,regular,2,3,OAK,ANA,y,both,y,y,y,2016
OAK201609070,ANA,OAK,OAK01,20160907,0,12:37PM,day,,,true,,191,11866,unknown,unknown,sunny,79,torf,4,feldd701,,,reybd901,welkb901,carav901,blakr901,,,cottj001,meyea001,madsr001,regular,1,4,OAK,ANA,y,both,y,y,y,2016
ANA201609090,TEX,ANA,ANA01,20160909,0,7:08PM,night,,,true,,202,42139,unknown,unknown,sunny,75,tocf,5,franm701,,,mealj901,wintm901,kulpr901,conrc901,,,bushm001,ramij002,dysos001,regular,2,1,TEX,ANA,y,both,y,y,y,2016
ANA201609100,TEX,ANA,ANA01,20160910,0,6:08PM,night,,,true,,220,39146,unknown,unknown,sunny,81,rtol,7,munse701,,,wintm901,kulpr901,conrc901,mealj901,,,schet001,valdj003,dysos001,regular,8,5,TEX,ANA,y,both,y,y,y,2016
ANA201609110,TEX,ANA,ANA01,20160911,0,12:38PM,day,,,true,,151,35052,unknown,unknown,sunny,81,tocf,7,munse701,,,kulpr901,conrc901,mealj901,wintm901,,,weavj003,lewic001,baila001,regular,2,3,ANA,TEX,y,both,y,y,y,2016
ANA201609120,SEA,ANA,ANA01,20160912,0,7:07PM,night,,,true,,188,29932,unknown,unknown,unknown,66,tocf,9,munse701,,,diazl901,blasc901,onorb901,eddid901,,,miraa002,nolar001,,regular,8,1,SEA,ANA,y,both,y,y,y,2016
ANA201609130,SEA,ANA,ANA01,20160913,0,7:07PM,night,,,true,,157,32139,unknown,unknown,sunny,67,tolf,5,munse701,,,blasc901,onorb901,eddid901,diazl901,,,walkt004,meyea001,,regular,8,0,SEA,ANA,y,both,y,y,y,2016
ANA201609140,SEA,ANA,ANA01,20160914,0,7:07PM,night,,,true,,181,33501,unknown,unknown,sunny,73,rtol,7,munse701,,,onorb901,eddid901,diazl901,blasc901,,,iwakh001,valdj003,diaze006,regular,2,1,SEA,ANA,y,both,y,y,y,2016
ANA201609150,TOR,ANA,ANA01,20160915,0,7:10PM,night,,,true,,195,37559,unknown,unknown,sunny,74,torf,4,munse701,,,reynj901,culbf901,gonzm901,buckc901,,,happj001,wrigd003,,regular,7,2,TOR,ANA,y,both,y,y,y,2016
ANA201609160,TOR,ANA,ANA01,20160916,0,7:08PM,night,,,true,,195,42159,unknown,unknown,sunny,74,torf,6,franm701,,,culbf901,gonzm901,buckc901,reynj901,,,dickr001,weavj003,osunr001,regular,5,0,TOR,ANA,y,both,y,y,y,2016
ANA201609170,TOR,ANA,ANA01,20160917,0,6:08PM,night,,,true,,188,39195,unknown,unknown,sunny,83,tocf,6,munse701,,,gonzm901,buckc901,reynj901,culbf901,,,nolar001,lirif001,,regular,1,6,ANA,TOR,y,both,y,y,y,2016
ANA201609180,TOR,ANA,ANA01,20160918,0,12:37PM,day,,,true,,205,36270,unknown,unknown,sunny,84,rtol,6,munse701,,,buckc901,reynj901,culbf901,gonzm901,,,meyea001,strom001,,regular,0,4,ANA,TOR,y,both,y,y,y,2016
TEX201609190,ANA,TEX,ARL02,20160919,0,7:09PM,night,,,true,,180,29068,unknown,unknown,cloudy,95,rtol,6,ruddw701,,,danlk901,hobep901,westj901,gibsg901,,,dysos001,alvaj003,,regular,2,3,TEX,ANA,y,both,y,y,y,2016
TEX201609200,ANA,TEX,ARL02,20160920,0,7:08PM,night,,,true,,202,26520,unknown,unknown,cloudy,94,fromcf,10,porzg701,,,hobep901,wolcq901,gibsg901,danlk901,,,martn002,wrigd003,dysos001,regular,4,5,TEX,ANA,y,both,y,y,y,2016
TEX201609210,ANA,TEX,ARL02,20160921,0,7:08PM,night,,,true,,166,35609,unknown,unknown,cloudy,90,fromcf,4,wells701,,,westj901,gibsg901,danlk901,hobep901,,,weavj003,holld003,baila001,regular,5,4,ANA,TEX,y,both,y,y,y,2016
HOU201609220,ANA,HOU,HOU03,20160922,0,7:12PM,night,,,true,,161,20022,dry,none,dome,73,unknown,0,blour701,,,hoyej901,hudsm901,joycj901,fairc901,,,nolar001,fierm001,baila001,regular,2,0,ANA,HOU,y,both,y,y,y,2016
HOU201609230,ANA,HOU,HOU03,20160923,0,7:10PM,night,,,true,,204,29429,dry,none,dome,73,unknown,0,porzg701,,,hudsm901,joycj901,fairc901,hoyej901,,,ege-c001,gilek001,,regular,10,6,ANA,HOU,y,both,y,y,y,2016
HOU201609240,ANA,HOU,HOU03,20160924,0,6:10PM,night,,,true,,212,27565,dry,none,dome,73,unknown,0,blour701,,,joycj901,fairc901,hoyej901,hudsm901,,,valdj003,gregl001,,regular,10,4,ANA,HOU,y,both,y,y,y,2016
HOU201609250,ANA,HOU,HOU03,20160925,0,1:11PM,day,,,true,,143,32958,dry,none,dome,73,unknown,0,blour701,,,fairc901,hoyej901,hudsm901,joycj901,,,musgj001,wrigd003,gilek001,regular,1,4,HOU,ANA,y,both,y,y,y,2016
ANA201609260,OAK,ANA,ANA01,20160926,0,7:09PM,night,,,true,,155,29934,unknown,unknown,sunny,90,tocf,3,munse701,,,marqa901,blakr901,woodt901,vanol901,,,ramij002,dullr001,baila001,regular,1,2,ANA,OAK,y,both,y,y,y,2016
ANA201609270,OAK,ANA,ANA01,20160927,0,7:09PM,night,,,true,,154,27531,unknown,unknown,sunny,85,tocf,5,franm701,,,blakr901,woodt901,vanol901,marqa901,,,nolar001,mengd001,,regular,1,8,ANA,OAK,y,both,y,y,y,2016
ANA201609280,OAK,ANA,ANA01,20160928,0,7:08PM,night,,,true,,198,32524,unknown,unknown,unknown,84,tolf,6,munse701,,,woodt901,vanol901,marqa901,blakr901,,,achta001,detwr001,ramij002,regular,6,8,ANA,OAK,y,both,y,y,y,2016
ANA201609300,HOU,ANA,ANA01,20160930,0,7:08PM,night,,,true,,160,30112,unknown,unknown,sunny,80,tocf,6,johnc701,,,iassd901,barrl901,davib902,scotd901,,,wrigd003,peacb001,,regular,1,7,ANA,HOU,y,both,y,y,y,2016
ANA201610010,HOU,ANA,ANA01,20161001,0,6:07PM,night,,,true,,175,32487,unknown,unknown,sunny,80,torf,8,munse701,,,barrl901,davib902,scotd901,iassd901,,,mchuc001,skagt001,gilek001,regular,3,0,HOU,ANA,y,both,y,y,y,2016
ANA201610020,HOU,ANA,ANA01,20161002,0,12:08PM,day,,,true,,162,28083,unknown,unknown,cloudy,75,tocf,5,munse701,,,davib902,scotd901,iassd901,barrl901,,,chacj001,rodgb001,,regular,1,8,ANA,HOU,y,both,y,y,y,2016
OAK201704030,ANA,OAK,OAK01,20170403,0,7:09PM,night,,,true,,176,36067,unknown,unknown,sunny,59,tolf,9,thomc701,,,barrt901,herna901,barkl901,tumpj901,,,gravk001,nolar001,garcj002,regular,2,4,OAK,ANA,y,both,y,y,y,2017
OAK201704040,ANA,OAK,OAK01,20170404,0,7:07PM,night,,,true,,197,11225,unknown,unknown,overcast,63,torf,11,dybdc701,,,herna901,barkl901,tumpj901,barrt901,,,baila001,dullr001,bedrc001,regular,7,6,ANA,OAK,y,both,y,y,y,2017
OAK201704050,ANA,OAK,OAK01,20170405,0,7:07PM,night,,,true,,195,13405,unknown,unknown,overcast,64,torf,17,younj701,,,barkl901,tumpj901,barrt901,herna901,,,ramij002,cottj001,,regular,5,0,ANA,OAK,y,both,y,y,y,2017
OAK201704060,ANA,OAK,OAK01,20170406,0,12:37PM,day,,,true,,164,13292,unknown,unknown,overcast,63,torf,3,younj701,,,tumpj901,barrt901,herna901,barkl901,,,triga001,skagt001,,regular,1,5,OAK,ANA,y,both,y,y,y,2017
ANA201704070,SEA,ANA,ANA01,20170407,0,7:08PM,night,,,true,,176,43911,unknown,unknown,cloudy,65,torf,7,munse701,,,segac901,emmep901,onorb901,wolcq901,,,chavj001,gally001,,regular,1,5,ANA,SEA,y,both,y,y,y,2017
ANA201704080,SEA,ANA,ANA01,20170408,0,7:18PM,night,,,true,,185,42668,unknown,unknown,sunny,63,torf,9,munse701,,,timmt901,wolfj901,reybd901,gibsg901,,,ramij002,scrie001,bedrc001,regular,4,5,ANA,SEA,y,both,y,y,y,2017
ANA201704090,SEA,ANA,ANA01,20170409,0,12:38PM,day,,,true,,207,37175,unknown,unknown,cloudy,66,torf,7,munse701,,,wolfj901,reybd901,gibsg901,timmt901,,,baila001,diaze006,,regular,9,10,ANA,SEA,y,both,y,y,y,2017
ANA201704110,TEX,ANA,ANA01,20170411,0,7:08PM,night,,,true,,213,34044,unknown,unknown,sunny,69,tocf,7,munse701,,,barrs901,sches901,emmep901,onorb901,,,bedrc001,jeffj001,,regular,5,6,ANA,TEX,y,both,y,y,y,2017
ANA201704120,TEX,ANA,ANA01,20170412,0,7:07PM,night,,,true,,179,34599,unknown,unknown,cloudy,67,torf,4,franm701,,,sches901,emmep901,onorb901,barrs901,,,grifa002,chavj001,leclj001,regular,8,3,TEX,ANA,y,both,y,y,y,2017
ANA201704130,TEX,ANA,ANA01,20170413,0,12:38PM,day,,,true,,194,30255,unknown,unknown,unknown,70,rtol,9,munse701,,,emmep901,onorb901,barrs901,sches901,,,darvy001,nolar001,,regular,8,3,TEX,ANA,y,both,y,y,y,2017
KCA201704140,ANA,KCA,KAN06,20170414,0,7:15PM,night,,,true,,157,26838,unknown,unknown,sunny,78,rtol,19,utslm701,,,kulpr901,hicke901,conrc901,mealj901,,,duffd001,ramij002,,regular,1,7,KCA,ANA,y,both,y,y,y,2017
KCA201704150,ANA,KCA,KAN06,20170415,0,6:15PM,night,,,true,,196,24162,unknown,unknown,cloudy,80,rtol,21,utslm701,,,hicke901,conrc901,mealj901,kulpr901,,,sorij001,alvaj003,herrk001,regular,2,3,KCA,ANA,y,both,y,y,y,2017
KCA201704160,ANA,KCA,KAN06,20170416,0,1:17PM,day,,,true,,157,27950,unknown,unknown,unknown,68,fromrf,10,utslm701,,,conrc901,mealj901,kulpr901,hicke901,,,herrk001,parkb001,,regular,0,1,KCA,ANA,y,both,y,y,y,2017
HOU201704170,ANA,HOU,HOU03,20170417,0,7:10PM,night,,,true,,156,23501,dry,none,dome,73,unknown,0,wilkt701,,,gormb901,reybd901,dimum901,gibsh902,,,mortc002,chavj001,gilek001,regular,0,3,HOU,ANA,y,both,y,y,y,2017
HOU201704180,ANA,HOU,HOU03,20170418,0,7:10PM,night,,,true,,185,21760,dry,none,dome,73,unknown,0,porzg701,,,reybd901,dimum901,gibsh902,gormb901,,,nolar001,musgj001,bedrc001,regular,5,2,ANA,HOU,y,both,y,y,y,2017
HOU201704190,ANA,HOU,HOU03,20170419,0,7:12PM,night,,,true,,167,24028,dry,none,dome,73,unknown,0,porzg701,,,dimum901,gibsh902,gormb901,reybd901,,,keucd001,ramij002,,regular,1,5,HOU,ANA,y,both,y,y,y,2017
HOU201704200,ANA,HOU,HOU03,20170420,0,1:11PM,day,,,true,,157,23173,dry,none,dome,73,unknown,0,blour701,,,gibsh902,gormb901,reybd901,dimum901,,,mccul002,shoem001,devec001,regular,1,2,HOU,ANA,y,both,y,y,y,2017
ANA201704210,TOR,ANA,ANA01,20170421,0,7:09PM,night,,,true,,336,40176,unknown,unknown,sunny,85,rtol,5,munse701,,,fairc901,rackd901,dejer901,marqa901,,,teper001,chavj001,biagj001,regular,8,7,TOR,ANA,y,both,y,y,y,2017
ANA201704220,TOR,ANA,ANA01,20170422,0,6:08PM,night,,,true,,155,41345,unknown,unknown,sunny,85,tocf,7,franm701,,,rackd901,dejer901,marqa901,fairc901,,,skagt001,lawrc001,norrb001,regular,4,5,ANA,TOR,y,both,y,y,y,2017
ANA201704230,TOR,ANA,ANA01,20170423,0,12:39PM,day,,,true,,171,35034,unknown,unknown,sunny,78,tocf,6,munse701,,,dejer901,marqa901,fairc901,rackd901,,,strom001,guerd001,,regular,6,2,TOR,ANA,y,both,y,y,y,2017
ANA201704240,TOR,ANA,ANA01,20170424,0,7:09PM,night,,,true,,182,25304,unknown,unknown,cloudy,66,tocf,5,munse701,,,basnt901,muchm901,laynj901,hudsm901,,,chavj001,lirif001,norrb001,regular,1,2,ANA,TOR,y,both,y,y,y,2017
ANA201704250,OAK,ANA,ANA01,20170425,0,7:09PM,night,,,true,,192,30124,unknown,unknown,unknown,70,rtol,5,munse701,,,muchm901,laynj901,hudsm901,basnt901,,,pounb001,madsr001,,regular,1,2,ANA,OAK,y,both,y,y,y,2017
ANA201704260,OAK,ANA,ANA01,20170426,0,7:08PM,night,,,true,,210,30248,unknown,unknown,unknown,69,tocf,5,johnc701,,,laynj901,hudsm901,basnt901,muchm901,,,shoem001,manas001,norrb001,regular,5,8,ANA,OAK,y,both,y,y,y,2017
ANA201704270,OAK,ANA,ANA01,20170427,0,7:07PM,night,,,true,,150,37603,unknown,unknown,cloudy,75,tocf,8,munse701,,,hudsm901,basnt901,muchm901,laynj901,,,nolar001,gravk001,norrb001,regular,1,2,ANA,OAK,y,both,y,y,y,2017
TEX201704280,ANA,TEX,ARL02,20170428,0,7:07PM,night,,,true,,192,28968,unknown,unknown,overcast,85,fromcf,10,wells701,,,ticht901,hamaa901,millb901,danlk901,,,guerd001,jeffj001,alvaj003,regular,6,3,ANA,TEX,y,both,y,y,y,2017
TEX201704290,ANA,TEX,ARL02,20170429,0,6:15PM,night,,,true,,183,44597,unknown,unknown,unknown,68,tolf,17,porzg701,,,hamaa901,millb901,danlk901,ticht901,,,darvy001,chavj001,,regular,3,6,TEX,ANA,y,both,y,y,y,2017
TEX201704300,ANA,TEX,ARL02,20170430,0,2:09PM,day,,,true,,203,39804,unknown,unknown,sunny,66,rtol,21,wells701,,,millb901,danlk901,ticht901,hamaa901,,,ramij002,perem004,norrb001,regular,5,2,ANA,TEX,y,both,y,y,y,2017
SEA201705020,ANA,SEA,SEA03,20170502,0,7:10PM,night,,,true,,280,15080,dry,none,dome,60,unknown,0,radoe701,,,morag901,johna901,cedeg901,woodt901,,,guerd001,pazoj001,,regular,6,4,ANA,SEA,y,both,y,y,y,2017
SEA201705030,ANA,SEA,SEA03,20170503,0,7:10PM,night,,,true,,199,13799,unknown,unknown,cloudy,66,torf,2,radoe701,,,johna901,cedeg901,woodt901,morag901,,,machj002,parkb001,diaze006,regular,7,8,SEA,ANA,y,both,y,y,y,2017
SEA201705040,ANA,SEA,SEA03,20170504,0,7:11PM,night,,,true,,173,15915,dry,none,dome,64,unknown,0,peted701,,,cedeg901,woodt901,morag901,johna901,,,miraa002,meyea001,,regular,3,11,SEA,ANA,y,both,y,y,y,2017
ANA201705050,HOU,ANA,ANA01,20170505,0,7:08PM,night,,,true,,185,34556,unknown,unknown,cloudy,64,rtol,8,munse701,,,gonzm901,culbf901,carlm901,fagac901,,,gilek001,norrb001,devec001,regular,7,6,HOU,ANA,y,both,y,y,y,2017
ANA201705060,HOU,ANA,ANA01,20170506,0,6:09PM,night,,,true,,167,41097,unknown,unknown,unknown,63,tocf,8,franm701,,,culbf901,carlm901,fagac901,gonzm901,,,norrb001,devec001,,regular,1,2,ANA,HOU,y,both,y,y,y,2017
ANA201705070,HOU,ANA,ANA01,20170507,0,12:38PM,day,,,true,,180,38385,unknown,unknown,unknown,63,rtol,8,munse701,,,carlm901,fagac901,gonzm901,culbf901,,,fierm001,shoem001,gilek001,regular,5,3,HOU,ANA,y,both,y,y,y,2017
OAK201705080,ANA,OAK,OAK01,20170508,0,7:07PM,night,,,true,,186,10292,unknown,unknown,sunny,64,torf,9,dybdc701,,,hicke901,conrc901,mealj901,kulpr901,,,hendl001,guerd001,,regular,2,3,OAK,ANA,y,both,y,y,y,2017
OAK201705090,ANA,OAK,OAK01,20170509,0,7:07PM,night,,,true,,187,11383,unknown,unknown,sunny,63,torf,13,younj701,,,conrc901,mealj901,kulpr901,hicke901,,,meyea001,cottj001,norrb001,regular,7,3,ANA,OAK,y,both,y,y,y,2017
OAK201705100,ANA,OAK,OAK01,20170510,0,12:37PM,day,,,true,,175,11061,unknown,unknown,cloudy,64,torf,13,ducam701,,,mealj901,woodt901,hicke901,conrc901,,,triga001,chavj001,garcj002,regular,1,3,OAK,ANA,y,both,y,y,y,2017
ANA201705110,DET,ANA,ANA01,20170511,0,7:08PM,night,,,true,,180,30207,unknown,unknown,sunny,71,tocf,6,munse701,,,wintm901,wegnm901,muchm901,fostm901,,,fulmm001,ramij002,,regular,7,1,DET,ANA,y,both,y,y,y,2017
ANA201705120,DET,ANA,ANA01,20170512,0,7:08PM,night,,,true,,184,44311,unknown,unknown,sunny,66,tocf,9,munse701,,,wegnm901,muchm901,fostm901,wintm901,,,shoem001,zimmj003,,regular,0,7,ANA,DET,y,both,y,y,y,2017
ANA201705130,DET,ANA,ANA01,20170513,0,6:07PM,night,,,true,,194,40251,unknown,unknown,sunny,72,tocf,8,franm701,,,muchm901,fostm901,wintm901,wegnm901,,,wilsa001,norrb001,wilsj004,regular,4,3,DET,ANA,y,both,y,y,y,2017
ANA201705140,DET,ANA,ANA01,20170514,0,12:38PM,day,,,true,,189,36215,unknown,unknown,cloudy,70,rtol,12,munse701,,,fostm901,wintm901,whitc901,muchm901,,,meyea001,verlj001,norrb001,regular,1,4,ANA,DET,y,both,y,y,y,2017
ANA201705150,CHA,ANA,ANA01,20170515,0,7:08PM,night,,,true,,181,29445,unknown,unknown,unknown,62,tocf,7,munse701,,,dimum901,gibsh902,gormb901,iassd901,,,chavj001,pelfm001,norrb001,regular,3,5,ANA,CHA,y,both,y,y,y,2017
ANA201705160,CHA,ANA,ANA01,20170516,0,7:07PM,night,,,true,,241,36089,unknown,unknown,cloudy,63,fromlf,8,munse701,,,gibsh902,gormb901,iassd901,dimum901,,,petiy001,robed002,,regular,6,7,ANA,CHA,y,both,y,y,y,2017
ANA201705170,CHA,ANA,ANA01,20170517,0,7:08PM,night,,,true,,208,33234,unknown,unknown,cloudy,64,tocf,8,munse701,,,gormb901,iassd901,dimum901,gibsh902,,,shoem001,gonzm003,,regular,8,12,ANA,CHA,y,both,y,y,y,2017
NYN201705190,ANA,NYN,NYC20,20170519,0,7:10PM,night,,,false,,173,36542,unknown,unknown,cloudy,88,torf,6,sprej701,,,cuzzp901,cedeg901,morag901,may-b901,,,degrj001,nolar001,reeda001,regular,0,3,NYN,ANA,y,both,y,y,y,2017
NYN201705200,ANA,NYN,NYC20,20170520,0,7:16PM,night,,,false,,217,37264,unknown,unknown,unknown,62,tolf,10,sprej701,,,cedeg901,morag901,may-b901,cuzzp901,,,wheez001,meyea001,reeda001,regular,5,7,NYN,ANA,y,both,y,y,y,2017
NYN201705210,ANA,NYN,NYC20,20170521,0,1:11PM,day,,,false,,197,39501,unknown,unknown,sunny,67,tolf,12,sprej701,,,morag901,may-b901,cuzzp901,cedeg901,,,chavj001,milot001,,regular,12,5,ANA,NYN,y,both,y,y,y,2017
TBA201705220,ANA,TBA,STP01,20170522,0,7:10PM,night,,,true,,217,12249,dry,none,dome,72,unknown,0,mathb701,,,porta901,westj901,wendh902,fleta901,,,ramij002,diazj005,norrb001,regular,3,2,ANA,TBA,y,both,y,y,y,2017
TBA201705230,ANA,TBA,STP01,20170523,0,7:10PM,night,,,true,,176,9014,dry,none,dome,72,unknown,0,mathb701,,,westj901,wendh902,fleta901,porta901,,,shoem001,cobba001,,regular,4,0,ANA,TBA,y,both,y,y,y,2017
TBA201705240,ANA,TBA,STP01,20170524,0,7:11PM,night,,,true,,172,9975,dry,none,dome,72,unknown,0,mathb701,,,wendh902,fleta901,porta901,westj901,,,ramie004,nolar001,coloa001,regular,2,5,TBA,ANA,y,both,y,y,y,2017
TBA201705250,ANA,TBA,STP01,20170525,0,1:11PM,day,,,true,,184,9459,dry,none,dome,72,unknown,0,mathb701,,,fleta901,porta901,westj901,wendh902,,,andrm001,wrigd003,,regular,0,4,TBA,ANA,y,both,y,y,y,2017
MIA201705260,ANA,MIA,MIA02,20170526,0,7:11PM,night,,,false,,193,18346,dry,none,dome,78,unknown,0,jernr701,,,mealj901,conrc901,woodt901,kulpr901,,,strad003,chavj001,ramoa001,regular,5,8,MIA,ANA,y,both,y,y,y,2017
MIA201705270,ANA,MIA,MIA02,20170527,0,4:10PM,day,,,false,,183,19366,dry,none,dome,79,unknown,0,jernr701,,,conrc901,woodt901,kulpr901,mealj901,,,ramij002,worlv001,,regular,5,2,ANA,MIA,y,both,y,y,y,2017
MIA201705280,ANA,MIA,MIA02,20170528,0,1:13PM,day,,,false,,208,20444,dry,none,dome,79,unknown,0,jernr701,,,woodt901,kulpr901,mealj901,conrc901,,,urenj001,shoem001,,regular,2,9,MIA,ANA,y,both,y,y,y,2017
ANA201705290,ATL,ANA,ANA01,20170529,0,6:08PM,night,,,true,,170,38251,unknown,unknown,cloudy,69,tocf,10,munse701,,,herna901,tumpj901,libkj901,barrt901,,,tehej001,nolar001,johnj010,regular,6,3,ATL,ANA,y,both,y,y,y,2017
ANA201705300,ATL,ANA,ANA01,20170530,0,7:07PM,night,,,true,,167,32028,unknown,unknown,cloudy,66,fromlf,9,johnc701,,,tumpj901,libkj901,barrt901,herna901,,,bridp001,colob001,,regular,3,9,ANA,ATL,y,both,y,y,y,2017
ANA201705310,ATL,ANA,ANA01,20170531,0,7:08PM,night,,,true,,169,35795,unknown,unknown,overcast,65,torf,7,munse701,,,libkj901,barrt901,herna901,tumpj901,,,parkb001,vizca001,norrb001,regular,1,2,ANA,ATL,y,both,y,y,y,2017
ANA201706010,MIN,ANA,ANA01,20170601,0,7:08PM,night,,,true,,199,33426,unknown,unknown,sunny,71,tocf,8,munse701,,,kellj901,fagac901,timmt901,littw901,,,roget001,alvaj003,kintb001,regular,4,2,MIN,ANA,y,both,y,y,y,2017
ANA201706020,MIN,ANA,ANA01,20170602,0,7:09PM,night,,,true,,199,39042,unknown,unknown,sunny,76,torf,8,munse701,,,fagac901,timmt901,littw901,kellj901,,,gibsk002,ramij002,,regular,11,5,MIN,ANA,y,both,y,y,y,2017
ANA201706030,MIN,ANA,ANA01,20170603,0,7:08PM,night,,,true,,198,40236,unknown,unknown,sunny,69,fromlf,9,munse701,,,timmt901,littw901,kellj901,fagac901,,,shoem001,sante001,,regular,2,7,ANA,MIN,y,both,y,y,y,2017
ANA201706040,MIN,ANA,ANA01,20170604,0,12:38PM,day,,,true,,193,39701,unknown,unknown,sunny,74,tocf,7,munse701,,,littw901,kellj901,fagac901,timmt901,,,berrj001,nolar001,kintb001,regular,3,2,MIN,ANA,y,both,y,y,y,2017
DET201706060,ANA,DET,DET05,20170606,0,7:10PM,night,,,true,,194,24175,unknown,unknown,unknown,62,ltor,15,klonc701,,,fleta901,porta901,westj901,wendh902,,,chavj001,norrd002,norrb001,regular,5,3,ANA,DET,y,both,y,y,y,2017
DET201706070,ANA,DET,DET05,20170607,0,7:10PM,night,,,true,,178,24958,unknown,unknown,sunny,72,rtol,11,klonc701,,,porta901,westj901,wendh902,fleta901,,,farmb001,meyea001,,regular,0,4,DET,ANA,y,both,y,y,y,2017
DET201706080,ANA,DET,DET05,20170608,0,1:11PM,day,,,true,,204,34810,unknown,unknown,sunny,72,ltor,2,klonc701,,,westj901,wendh902,fleta901,porta901,,,ramij002,fulmm001,,regular,11,4,ANA,DET,y,both,y,y,y,2017
HOU201706090,ANA,HOU,HOU03,20170609,0,7:10PM,night,,,true,,200,40786,unknown,unknown,unknown,83,fromcf,7,wilkt701,,,emmep901,wolcq901,dejer901,millb901,,,shoem001,peacb001,,regular,9,4,ANA,HOU,y,both,y,y,y,2017
HOU201706100,ANA,HOU,HOU03,20170610,0,3:11PM,day,,,true,,172,41296,dry,none,dome,73,unknown,0,blour701,,,wolcq901,dejer901,millb901,emmep901,,,fierm001,nolar001,gilek001,regular,1,3,HOU,ANA,y,both,y,y,y,2017
HOU201706110,ANA,HOU,HOU03,20170611,0,1:12PM,day,,,true,,219,32425,dry,none,dome,73,unknown,0,wilkt701,,,dejer901,millb901,emmep901,wolcq901,,,middk001,felim001,,regular,12,6,ANA,HOU,y,both,y,y,y,2017
ANA201706120,NYA,ANA,ANA01,20170612,0,7:08PM,night,,,true,,220,36245,unknown,unknown,sunny,72,tocf,8,munse701,,,randt901,drakr901,davig901,hobep901,,,clipt001,alvaj003,betad001,regular,5,3,NYA,ANA,y,both,y,y,y,2017
ANA201706130,NYA,ANA,ANA01,20170613,0,7:08PM,night,,,true,,254,33159,unknown,unknown,sunny,80,rtol,6,franm701,,,drakr901,davig901,hobep901,randt901,,,middk001,shrec001,,regular,2,3,ANA,NYA,y,both,y,y,y,2017
ANA201706140,NYA,ANA,ANA01,20170614,0,7:08PM,night,,,true,,203,43851,unknown,unknown,sunny,80,fromlf,8,munse701,,,davig901,hobep901,randt901,drakr901,,,parkb001,herrr001,hernd002,regular,5,7,ANA,NYA,y,both,y,y,y,2017
ANA201706150,KCA,ANA,ANA01,20170615,0,7:08PM,night,,,true,,168,34884,unknown,unknown,sunny,82,fromlf,7,johnc701,,,culbf901,buckc901,carlm901,gonzm901,,,stram001,nolar001,,regular,7,2,KCA,ANA,y,both,y,y,y,2017
ANA201706160,KCA,ANA,ANA01,20170616,0,7:09PM,night,,,true,,158,34184,unknown,unknown,sunny,84,tocf,8,munse701,,,buckc901,carlm901,gonzm901,culbf901,,,kenni001,chavj001,herrk001,regular,3,1,KCA,ANA,y,both,y,y,y,2017
ANA201706170,KCA,ANA,ANA01,20170617,0,5:15PM,night,,,true,,171,41209,unknown,unknown,sunny,86,tocf,8,munse701,,,carlm901,gonzm901,culbf901,buckc901,,,meyea001,junij001,,regular,0,9,ANA,KCA,y,both,y,y,y,2017
ANA201706180,KCA,ANA,ANA01,20170618,0,12:39PM,day,,,true,,208,40178,unknown,unknown,sunny,84,fromcf,9,munse701,,,gonzm901,culbf901,buckc901,carlm901,,,vargj001,ramij002,herrk001,regular,7,3,KCA,ANA,y,both,y,y,y,2017
NYA201706200,ANA,NYA,NYC21,20170620,0,7:09PM,night,,,true,,206,39853,unknown,unknown,cloudy,83,tocf,11,karph701,,,vanol901,woodt901,rackd901,marqa901,,,parkb001,clipt001,,regular,8,3,ANA,NYA,y,both,y,y,y,2017
NYA201706210,ANA,NYA,NYC21,20170621,0,7:09PM,night,,,true,,194,39911,unknown,unknown,cloudy,79,tocf,10,karph701,,,woodt901,rackd901,marqa901,vanol901,,,montj004,nolar001,,regular,4,8,NYA,ANA,y,both,y,y,y,2017
NYA201706220,ANA,NYA,NYC21,20170622,0,7:10PM,night,,,true,,204,43051,unknown,unknown,sunny,81,rtol,11,sprej701,,,rackd901,marqa901,vanol901,woodt901,,,petiy001,sevel001,,regular,10,5,ANA,NYA,y,both,y,y,y,2017
BOS201706230,ANA,BOS,BOS07,20170623,0,7:16PM,night,,,true,,187,37034,unknown,unknown,unknown,78,tolf,14,scogc701,,,millb901,blakr901,hamaa901,belld901,,,porcr001,meyea001,,regular,4,9,BOS,ANA,y,both,y,y,y,2017
BOS201706240,ANA,BOS,BOS07,20170624,0,7:16PM,night,,,true,,214,36868,unknown,unknown,sunny,84,torf,16,shalm701,,,blakr901,hamaa901,belld901,millb901,,,ramij002,pricd001,parkb001,regular,6,3,ANA,BOS,y,both,y,y,y,2017
BOS201706250,ANA,BOS,BOS07,20170625,0,1:35PM,day,,,true,,170,36474,unknown,unknown,sunny,80,tocf,8,shalm701,,,hamaa901,belld901,millb901,blakr901,,,bridp001,fistd001,petiy001,regular,4,2,ANA,BOS,y,both,y,y,y,2017
LAN201706260,ANA,LAN,LOS03,20170626,0,7:10PM,night,,,false,,173,43126,unknown,unknown,sunny,83,ltor,4,munse701,,,laynj901,estam901,hudsm901,woodt901,,,nolar001,hillr001,,regular,4,0,ANA,LAN,y,both,y,y,y,2017
LAN201706270,ANA,LAN,LOS03,20170627,0,7:10PM,night,,,false,,150,47245,unknown,unknown,sunny,79,torf,6,munse701,,,estam901,hudsm901,woodt901,laynj901,,,maedk001,chavj001,,regular,0,4,LAN,ANA,y,both,y,y,y,2017
ANA201706280,LAN,ANA,ANA01,20170628,0,7:10PM,night,,,true,,191,44669,unknown,unknown,sunny,72,tocf,10,munse701,,,hudsm901,woodt901,laynj901,estam901,,,bedrc001,baezp001,,regular,2,3,ANA,LAN,y,both,y,y,y,2017
ANA201706290,LAN,ANA,ANA01,20170629,0,7:10PM,night,,,true,,186,44807,unknown,unknown,sunny,71,torf,7,munse701,,,woodt901,laynj901,estam901,hudsm901,,,kersc001,ramij002,jansk001,regular,6,2,LAN,ANA,y,both,y,y,y,2017
ANA201706300,SEA,ANA,ANA01,20170630,0,7:08PM,night,,,true,,165,40059,unknown,unknown,sunny,74,fromlf,8,franm701,,,barbs901,barrl901,welkb901,reynj901,,,miraa002,bridp001,,regular,10,0,SEA,ANA,y,both,y,y,y,2017
ANA201707010,SEA,ANA,ANA01,20170701,0,7:21PM,night,,,true,,152,44644,unknown,unknown,cloudy,70,tocf,8,munse701,,,barrl901,welkb901,reynj901,barbs901,,,nolar001,gavis001,,regular,0,4,ANA,SEA,y,both,y,y,y,2017
ANA201707020,SEA,ANA,ANA01,20170702,0,12:38PM,day,,,true,,190,39279,unknown,unknown,sunny,77,tocf,7,munse701,,,welkb901,reynj901,barbs901,barrl901,,,paxtj001,chavj001,diaze006,regular,5,3,SEA,ANA,y,both,y,y,y,2017
MIN201707030,ANA,MIN,MIN04,20170703,0,7:11PM,night,,,true,,180,36182,unknown,unknown,cloudy,80,rtol,6,thors701,,,diazl901,nelsj901,eddid901,sches901,,,mejia001,meyea001,,regular,5,9,MIN,ANA,y,both,y,y,y,2017
MIN201707040,ANA,MIN,MIN04,20170704,0,1:10PM,day,,,true,,200,25013,unknown,unknown,cloudy,81,fromrf,12,trayk701,,,nelsj901,eddid901,sches901,diazl901,,,gibsk002,ramij002,kintb001,regular,4,5,MIN,ANA,y,both,y,y,y,2017
MIN201707050,ANA,MIN,MIN04,20170705,0,7:10PM,night,,,true,,174,19106,unknown,unknown,sunny,89,tolf,11,wongg701,,,eddid901,sches901,diazl901,nelsj901,,,bridp001,sante001,norrb001,regular,2,1,ANA,MIN,y,both,y,y,y,2017
TEX201707070,ANA,TEX,ARL02,20170707,0,7:09PM,night,,,true,,169,40276,unknown,unknown,cloudy,81,fromcf,4,wells701,,,wendh902,porta901,lentn901,westj901,,,hamec001,nolar001,,regular,0,10,TEX,ANA,y,both,y,y,y,2017
TEX201707080,ANA,TEX,ARL02,20170708,0,8:08PM,night,,,true,,193,36817,unknown,unknown,unknown,81,rtol,10,bumpl701,,,porta901,lentn901,westj901,wendh902,,,rosst001,chavj001,,regular,2,5,TEX,ANA,y,both,y,y,y,2017
TEX201707090,ANA,TEX,ARL02,20170709,0,2:08PM,day,,,true,,188,28384,unknown,unknown,cloudy,88,ltor,5,wells701,,,lentn901,westj901,wendh902,porta901,,,ramij002,darvy001,norrb001,regular,3,0,ANA,TEX,y,both,y,y,y,2017
ANA201707140,TBA,ANA,ANA01,20170714,0,7:08PM,night,,,true,,184,38119,unknown,unknown,sunny,82,tocf,8,munse701,,,drakr901,hobep901,davig901,randt901,,,boxbb001,bedrc001,coloa001,regular,2,1,TBA,ANA,y,both,y,y,y,2017
ANA201707150,TBA,ANA,ANA01,20170715,0,6:09PM,night,,,true,,180,38515,unknown,unknown,cloudy,79,tocf,8,munse701,,,hobep901,davig901,randt901,drakr901,,,cobba001,ramij002,,regular,6,3,TBA,ANA,y,both,y,y,y,2017
ANA201707160,TBA,ANA,ANA01,20170716,0,12:38PM,day,,,true,,183,36178,unknown,unknown,unknown,83,tocf,11,munse701,,,davig901,randt901,drakr901,hobep901,,,hernd002,diazj005,norrb001,regular,3,4,ANA,TBA,y,both,y,y,y,2017
ANA201707180,WAS,ANA,ANA01,20170718,0,7:09PM,night,,,true,,177,43345,unknown,unknown,sunny,81,fromlf,8,munse701,,,nelsj901,blasc901,eddid901,diazl901,,,jacke001,bedrc001,dools001,regular,4,3,WAS,ANA,y,both,y,y,y,2017
ANA201707190,WAS,ANA,ANA01,20170719,0,7:08PM,night,,,true,,167,41065,unknown,unknown,cloudy,79,tocf,8,munse701,,,blasc901,eddid901,diazl901,nelsj901,,,meyea001,gonzg003,,regular,0,7,ANA,WAS,y,both,y,y,y,2017
ANA201707210,BOS,ANA,ANA01,20170721,0,7:08PM,night,,,true,,185,37714,unknown,unknown,sunny,79,rtol,8,munse701,,,hallt901,cuzzp901,carav901,rippm901,,,salec001,nolar001,,regular,6,2,BOS,ANA,y,both,y,y,y,2017
ANA201707220,BOS,ANA,ANA01,20170722,0,6:10PM,night,,,true,,187,43829,unknown,unknown,sunny,80,rtol,10,johnc701,,,cuzzp901,carav901,rippm901,hallt901,,,ramij002,pricd001,,regular,3,7,ANA,BOS,y,both,y,y,y,2017
ANA201707230,BOS,ANA,ANA01,20170723,0,12:38PM,day,,,true,,133,40471,unknown,unknown,sunny,84,fromlf,8,munse701,,,carav901,rippm901,hallt901,cuzzp901,,,bridp001,porcr001,norrb001,regular,2,3,ANA,BOS,y,both,y,y,y,2017
CLE201707250,ANA,CLE,CLE08,20170725,0,7:11PM,night,,,true,,254,22364,unknown,unknown,cloudy,71,fromrf,12,maveb701,,,ticht901,lentn901,hamaa901,millb901,,,oterd001,norrb001,,regular,7,11,CLE,ANA,y,both,y,y,y,2017
CLE201707260,ANA,CLE,CLE08,20170726,0,7:11PM,night,,,true,,211,22658,unknown,unknown,unknown,76,fromrf,6,maveb701,,,lentn901,hamaa901,millb901,ticht901,,,shawb001,nolar001,,regular,4,10,CLE,ANA,y,both,y,y,y,2017
CLE201707270,ANA,CLE,CLE08,20170727,0,12:11PM,day,,,true,,164,28083,unknown,unknown,cloudy,82,fromlf,5,maveb701,,,hamaa901,millb901,ticht901,lentn901,,,bauet001,ramij002,allec002,regular,1,2,CLE,ANA,y,both,y,y,y,2017
TOR201707280,ANA,TOR,TOR02,20170728,0,7:08PM,night,,,true,,167,39828,unknown,unknown,sunny,71,fromrf,6,pellm701,,,herna901,tumpj901,barbs901,barrt901,,,bridp001,happj001,,regular,7,2,ANA,TOR,y,both,y,y,y,2017
TOR201707290,ANA,TOR,TOR02,20170729,0,1:08PM,day,,,true,,172,46502,unknown,unknown,cloudy,79,fromrf,7,moreh701,,,tumpj901,barbs901,barrt901,herna901,,,scrit001,osunr001,norrb001,regular,6,5,ANA,TOR,y,both,y,y,y,2017
TOR201707300,ANA,TOR,TOR02,20170730,0,1:08PM,day,,,true,,218,46852,unknown,unknown,sunny,82,tocf,12,moreh701,,,barbs901,barrt901,herna901,tumpj901,,,dermm001,norrb001,,regular,10,11,TOR,ANA,y,both,y,y,y,2017
ANA201708010,PHI,ANA,ANA01,20170801,0,7:08PM,night,,,true,,200,36344,unknown,unknown,unknown,80,rtol,3,munse701,,,wolcq901,onorb901,may-b901,barrs901,,,nolar001,nolaa001,,regular,1,7,ANA,PHI,y,both,y,y,y,2017
ANA201708020,PHI,ANA,ANA01,20170802,0,7:08PM,night,,,true,,153,34623,unknown,unknown,unknown,81,tocf,3,munse701,,,onorb901,may-b901,barrs901,wolcq901,,,ramij002,thomj007,,regular,0,7,ANA,PHI,y,both,y,y,y,2017
ANA201708030,PHI,ANA,ANA01,20170803,0,7:07PM,night,,,true,,187,34710,unknown,unknown,sunny,85,tocf,9,munse701,,,may-b901,barrs901,wolcq901,onorb901,,,petiy001,garcl005,norrb001,regular,4,5,ANA,PHI,y,both,y,y,y,2017
ANA201708040,OAK,ANA,ANA01,20170804,0,7:08PM,night,,,true,,211,43330,unknown,unknown,sunny,83,fromlf,8,munse701,,,segac901,mealj901,kulpr901,conrc901,,,chavj001,could001,norrb001,regular,6,8,ANA,OAK,y,both,y,y,y,2017
ANA201708050,OAK,ANA,ANA01,20170805,0,6:07PM,night,,,true,,204,39180,unknown,unknown,sunny,81,tocf,10,johnc701,,,mealj901,kulpr901,conrc901,segac901,,,blacp001,skagt001,,regular,5,0,OAK,ANA,y,both,y,y,y,2017
ANA201708060,OAK,ANA,ANA01,20170806,0,12:38PM,day,,,true,,252,38278,unknown,unknown,sunny,82,rtol,9,munse701,,,kulpr901,conrc901,segac901,mealj901,,,smitj004,norrb001,treib001,regular,11,10,OAK,ANA,y,both,y,y,y,2017
ANA201708070,BAL,ANA,ANA01,20170807,0,7:09PM,night,,,true,,162,34142,unknown,unknown,sunny,82,tocf,3,franm701,,,demud901,nauep901,dejer901,torrc901,,,bundd001,ramij002,,regular,6,2,BAL,ANA,y,both,y,y,y,2017
ANA201708080,BAL,ANA,ANA01,20170808,0,7:07PM,night,,,true,,166,35723,unknown,unknown,sunny,80,rtol,8,munse701,,,nauep901,dejer901,torrc901,demud901,,,bridp001,hellj001,middk001,regular,2,3,ANA,BAL,y,both,y,y,y,2017
ANA201708090,BAL,ANA,ANA01,20170809,0,12:38PM,day,,,true,,186,36202,unknown,unknown,sunny,81,fromlf,9,munse701,,,dejer901,torrc901,demud901,nauep901,,,scrit001,gausk001,,regular,1,5,ANA,BAL,y,both,y,y,y,2017
SEA201708100,ANA,SEA,SEA03,20170810,0,7:10PM,night,,,true,,194,35021,unknown,unknown,unknown,82,torf,1,bechj701,,,littw901,kellj901,hoyej901,segac901,,,norrb001,diaze006,bedrc001,regular,6,3,ANA,SEA,y,both,y,y,y,2017
SEA201708110,ANA,SEA,SEA03,20170811,0,7:10PM,night,,,true,,184,38206,unknown,unknown,cloudy,71,torf,3,radoe701,,,kellj901,hoyej901,segac901,littw901,,,middk001,pazoj001,petiy001,regular,6,5,ANA,SEA,y,both,y,y,y,2017
SEA201708120,ANA,SEA,SEA03,20170812,0,6:34PM,night,,,true,,191,45388,unknown,unknown,sunny,74,unknown,1,peted701,,,hoyej901,segac901,littw901,kellj901,,,middk001,zycht001,bedrc001,regular,6,3,ANA,SEA,y,both,y,y,y,2017
SEA201708130,ANA,SEA,SEA03,20170813,0,1:11PM,day,,,true,,179,43199,unknown,unknown,cloudy,68,fromrf,2,radoe701,,,segac901,littw901,kellj901,hoyej901,,,bridp001,miraa002,middk001,regular,4,2,ANA,SEA,y,both,y,y,y,2017
WAS201708150,ANA,WAS,WAS11,20170815,0,7:06PM,night,,,false,,156,32355,unknown,unknown,unknown,81,fromrf,7,mathd701,,,randt901,davig901,drakr901,hobep901,,,gonzg003,skagt001,dools001,regular,1,3,WAS,ANA,y,both,y,y,y,2017
WAS201708160,ANA,WAS,WAS11,20170816,0,1:05PM,day,,,false,,171,30307,unknown,unknown,cloudy,87,fromlf,5,tritb701,,,davig901,drakr901,hobep901,randt901,,,nolar001,roart001,bedrc001,regular,3,2,ANA,WAS,y,both,y,y,y,2017
BAL201708180,ANA,BAL,BAL12,20170818,0,7:47PM,night,,,true,,193,26185,unknown,unknown,cloudy,77,tolf,2,hennj701,,,rippm901,hallt901,whitc901,carav901,,,odayd001,middk001,,regular,7,9,BAL,ANA,y,both,y,y,y,2017
BAL201708190,ANA,BAL,BAL12,20170819,0,7:13PM,night,,,true,,195,43929,unknown,unknown,cloudy,87,fromlf,3,hetrd701,,,hallt901,whitc901,carav901,rippm901,,,ramij002,gausk001,,regular,5,1,ANA,BAL,y,both,y,y,y,2017
BAL201708200,ANA,BAL,BAL12,20170820,0,1:39PM,day,,,true,,205,24715,unknown,unknown,sunny,81,fromlf,4,hennj701,,,whitc901,coope901,rippm901,carav901,,,bedrc001,bracb001,norrb001,regular,5,4,ANA,BAL,y,both,y,y,y,2017
ANA201708210,TEX,ANA,ANA01,20170821,0,7:08PM,night,,,true,,191,35204,unknown,unknown,sunny,77,torf,8,munse701,,,sches901,cedeg901,morag901,johna901,,,hamec001,skagt001,claua001,regular,5,3,TEX,ANA,y,both,y,y,y,2017
ANA201708220,TEX,ANA,ANA01,20170822,0,7:08PM,night,,,true,,238,37033,unknown,unknown,sunny,78,torf,6,munse701,,,cedeg901,morag901,johna901,sches901,,,middk001,rosst001,,regular,1,10,ANA,TEX,y,both,y,y,y,2017
ANA201708230,TEX,ANA,ANA01,20170823,0,7:09PM,night,,,true,,221,35497,unknown,unknown,sunny,73,tocf,8,munse701,,,morag901,johna901,sches901,cedeg901,,,claua001,paree001,barnt002,regular,7,5,TEX,ANA,y,both,y,y,y,2017
ANA201708240,TEX,ANA,ANA01,20170824,0,7:07PM,night,,,true,,166,34032,unknown,unknown,sunny,72,rtol,9,johnc701,,,johna901,sches901,cedeg901,morag901,,,perem004,scrit001,rodrr007,regular,3,0,TEX,ANA,y,both,y,y,y,2017
ANA201708250,HOU,ANA,ANA01,20170825,0,7:08PM,night,,,true,,176,42333,unknown,unknown,sunny,73,tocf,7,munse701,,,diazl901,eddid901,nelsj901,blasc901,,,mchuc001,bridp001,gilek001,regular,2,1,HOU,ANA,y,both,y,y,y,2017
ANA201708260,HOU,ANA,ANA01,20170826,0,6:47PM,night,,,true,,181,41101,unknown,unknown,sunny,82,rtol,7,munse701,,,eddid901,nelsj901,blasc901,diazl901,,,woodb004,clipt001,parkb001,regular,6,7,ANA,HOU,y,both,y,y,y,2017
ANA201708270,HOU,ANA,ANA01,20170827,0,12:38PM,day,,,true,,196,37606,unknown,unknown,sunny,86,tocf,8,franm701,,,nelsj901,blasc901,diazl901,eddid901,,,musgj001,bedrc001,gilek001,regular,7,5,HOU,ANA,y,both,y,y,y,2017
ANA201708280,OAK,ANA,ANA01,20170828,0,7:09PM,night,,,true,,173,33719,unknown,unknown,cloudy,87,tocf,3,franm701,,,wintm901,fostm901,muchm901,may-b901,,,heana001,gossd001,parkb001,regular,1,3,ANA,OAK,y,both,y,y,y,2017
ANA201708290,OAK,ANA,ANA01,20170829,0,7:08PM,night,,,true,,173,36229,unknown,unknown,cloudy,90,tocf,7,munse701,,,fostm901,muchm901,may-b901,wintm901,,,chavj001,smitc002,,regular,2,8,ANA,OAK,y,both,y,y,y,2017
ANA201708300,OAK,ANA,ANA01,20170830,0,7:07PM,night,,,true,,214,36022,unknown,unknown,cloudy,89,tocf,6,munse701,,,muchm901,may-b901,wintm901,fostm901,,,bedrc001,hatcc002,parkb001,regular,8,10,ANA,OAK,y,both,y,y,y,2017
TEX201709010,ANA,TEX,ARL02,20170901,0,7:09PM,night,,,true,,273,32240,unknown,unknown,cloudy,89,ltor,3,ruddw701,,,belld901,hudsm901,estam901,welkb901,,,claua001,bedrc001,,regular,9,10,TEX,ANA,y,both,y,y,y,2017
TEX201709020,ANA,TEX,ARL02,20170902,0,6:17PM,night,,,true,,249,25138,unknown,unknown,cloudy,92,fromcf,5,wells701,,,hudsm901,estam901,welkb901,belld901,,,petiy001,leclj001,parkb001,regular,7,4,ANA,TEX,y,both,y,y,y,2017
TEX201709030,ANA,TEX,ARL02,20170903,0,2:10PM,day,,,true,,229,28783,unknown,unknown,cloudy,91,rtol,9,wells701,,,estam901,welkb901,belld901,hudsm901,,,perem004,heana001,barnt002,regular,6,7,TEX,ANA,y,both,y,y,y,2017
OAK201709040,ANA,OAK,OAK01,20170904,0,1:07PM,day,,,true,,278,14571,unknown,unknown,overcast,79,torf,7,ducam701,,,bakej902,woodt901,everm901,barrs901,,,salaf001,treib001,middk001,regular,11,9,ANA,OAK,y,both,y,y,y,2017
OAK201709050,ANA,OAK,OAK01,20170905,0,7:07PM,night,,,true,,252,11110,unknown,unknown,cloudy,72,torf,14,ducam701,,,woodt901,everm901,barrs901,bakej902,,,bedrc001,treib001,paree001,regular,8,7,ANA,OAK,y,both,y,y,y,2017
OAK201709060,ANA,OAK,OAK01,20170906,0,12:37PM,day,,,true,,190,10544,unknown,unknown,sunny,70,ltor,10,ducam701,,,everm901,barrs901,bakej902,woodt901,,,manas001,skagt001,hatcc002,regular,1,3,OAK,ANA,y,both,y,y,y,2017
SEA201709080,ANA,SEA,SEA03,20170908,0,7:11PM,night,,,true,,189,21396,unknown,unknown,overcast,66,fromlf,1,bechj701,,,millb901,rackd901,addir901,ticht901,,,leakm001,nolar001,diaze006,regular,3,4,SEA,ANA,y,both,y,y,y,2017
SEA201709090,ANA,SEA,SEA03,20170909,0,6:11PM,night,,,true,,195,26248,unknown,unknown,unknown,67,fromlf,1,padud701,,,rackd901,addir901,ticht901,millb901,,,albea001,heana001,,regular,1,8,SEA,ANA,y,both,y,y,y,2017
SEA201709100,ANA,SEA,SEA03,20170910,0,1:10PM,day,,,true,,165,20094,unknown,unknown,cloudy,64,ltor,1,radoe701,,,addir901,ticht901,millb901,rackd901,,,bedrc001,vincn001,petiy001,regular,5,3,ANA,SEA,y,both,y,y,y,2017
ANA201709120,HOU,ANA,ANA01,20170912,0,7:09PM,night,,,true,,171,36088,unknown,unknown,cloudy,77,rtol,8,munse701,,,davig901,blasc901,hobep901,randt901,,,verlj001,richg002,gilek001,regular,1,0,HOU,ANA,y,both,y,y,y,2017
ANA201709130,HOU,ANA,ANA01,20170913,0,7:07PM,night,,,true,,148,33899,unknown,unknown,sunny,72,tocf,10,franm701,,,blasc901,hobep901,randt901,davig901,,,skagt001,fierm001,,regular,1,9,ANA,HOU,y,both,y,y,y,2017
ANA201709140,HOU,ANA,ANA01,20170914,0,7:09PM,night,,,true,,200,35715,unknown,unknown,unknown,71,tocf,8,munse701,,,hobep901,randt901,davig901,blasc901,,,peacb001,nolar001,,regular,5,2,HOU,ANA,y,both,y,y,y,2017
ANA201709150,TEX,ANA,ANA01,20170915,0,7:09PM,night,,,true,,200,41409,unknown,unknown,unknown,71,tocf,7,munse701,,,dejer901,holbs901,reybd901,gibsg901,,,petiy001,mendy001,parkb001,regular,6,7,ANA,TEX,y,both,y,y,y,2017
ANA201709160,TEX,ANA,ANA01,20170916,0,6:07PM,night,,,true,,165,40719,unknown,unknown,cloudy,74,tocf,3,munse701,,,holbs901,reybd901,gibsg901,dejer901,,,bridp001,hamec001,petiy001,regular,0,2,ANA,TEX,y,both,y,y,y,2017
ANA201709170,TEX,ANA,ANA01,20170917,0,12:38PM,day,,,true,,202,36709,unknown,unknown,unknown,73,tocf,6,munse701,,,reybd901,gibsg901,dejer901,holbs901,,,gonzm003,richg002,diekj001,regular,4,2,TEX,ANA,y,both,y,y,y,2017
ANA201709190,CLE,ANA,ANA01,20170919,0,7:09PM,night,,,true,,200,36171,unknown,unknown,sunny,72,tocf,7,munse701,,,cuzzp901,hallt901,rippm901,carav901,,,clevm001,skagt001,,regular,6,3,CLE,ANA,y,both,y,y,y,2017
ANA201709200,CLE,ANA,ANA01,20170920,0,7:08PM,night,,,true,,220,38424,unknown,unknown,cloudy,71,tocf,7,franm701,,,hallt901,rippm901,carav901,cuzzp901,,,olsot002,petiy001,shawb001,regular,6,5,CLE,ANA,y,both,y,y,y,2017
ANA201709210,CLE,ANA,ANA01,20170921,0,1:08PM,day,,,true,,181,29863,unknown,unknown,cloudy,71,tocf,10,munse701,,,rippm901,carav901,cuzzp901,hallt901,,,mcalz001,bridp001,olsot002,regular,4,1,CLE,ANA,y,both,y,y,y,2017
HOU201709220,ANA,HOU,HOU03,20170922,0,7:11PM,night,,,true,,180,34127,dry,none,dome,73,unknown,0,porzg701,,,iassd901,gibsh902,littw901,gormb901,,,verlj001,petiy001,gilek001,regular,0,3,HOU,ANA,y,both,y,y,y,2017
HOU201709230,ANA,HOU,HOU03,20170923,0,12:07PM,day,,,true,,158,34035,dry,none,dome,73,unknown,0,porzg701,,,gibsh902,littw901,gormb901,iassd901,,,mortc002,norrb001,,regular,2,6,HOU,ANA,y,both,y,y,y,2017
HOU201709240,ANA,HOU,HOU03,20170924,0,7:09PM,night,,,true,,229,36756,dry,none,dome,73,unknown,0,porzg701,,,littw901,gormb901,iassd901,gibsh902,,,middk001,devec001,parkb001,regular,7,5,ANA,HOU,y,both,y,y,y,2017
CHA201709250,ANA,CHA,CHI12,20170925,0,7:11PM,night,,,true,,179,13443,unknown,unknown,cloudy,86,fromcf,8,roseb701,,,muchm901,wintm901,fostm901,tumpj901,,,shiej002,nolar001,minaj001,regular,2,4,CHA,ANA,y,both,y,y,y,2017
CHA201709260,ANA,CHA,CHI12,20170926,0,7:10PM,night,,,true,,177,13786,unknown,unknown,cloudy,88,tolf,9,roseb701,,,wintm901,fostm901,tumpj901,muchm901,,,bridp001,volsc001,,regular,9,3,ANA,CHA,y,both,y,y,y,2017
CHA201709270,ANA,CHA,CHI12,20170927,0,7:12PM,night,,,true,,238,17012,unknown,unknown,unknown,70,torf,11,roseb701,,,fostm901,tumpj901,muchm901,wintm901,,,farqd001,parkb001,,regular,4,6,CHA,ANA,y,both,y,y,y,2017
CHA201709280,ANA,CHA,CHI12,20170928,0,7:12PM,night,,,true,,184,19596,unknown,unknown,sunny,67,fromrf,4,roseb701,,,tumpj901,muchm901,wintm901,fostm901,,,infag001,chavj001,minaj001,regular,4,5,CHA,ANA,y,both,y,y,y,2017
ANA201709290,SEA,ANA,ANA01,20170929,0,7:08PM,night,,,true,,181,35106,unknown,unknown,sunny,76,tocf,4,munse701,,,kulpr901,conrc901,diazl901,mealj901,,,woodb004,rzepm001,parkb001,regular,5,6,ANA,SEA,y,both,y,y,y,2017
ANA201709300,SEA,ANA,ANA01,20170930,0,6:09PM,night,,,true,,212,38075,unknown,unknown,sunny,73,rtol,9,munse701,,,conrc901,diazl901,mealj901,kulpr901,,,lawrc001,bedrc001,diaze006,regular,6,4,SEA,ANA,y,both,y,y,y,2017
ANA201710010,SEA,ANA,ANA01,20171001,0,12:07PM,day,,,true,,158,34940,unknown,unknown,cloudy,72,ltor,4,munse701,,,diazl901,mealj901,kulpr901,conrc901,,,bridp001,simms001,,regular,2,6,ANA,SEA,y,both,y,y,y,2017
OAK201803290,ANA,OAK,OAK01,20180329,0,1:07PM,day,,,true,,242,27764,unknown,unknown,cloudy,73,torf,2,dybdc701,,,barrt901,barkl901,fairc901,littw901,,,hatcc002,ramin002,,regular,5,6,OAK,ANA,y,both,y,y,y,2018
OAK201803300,ANA,OAK,OAK01,20180330,0,7:37PM,night,,,true,,168,27665,unknown,unknown,cloudy,70,torf,8,dybdc701,,,barkl901,fairc901,littw901,barrt901,,,skagt001,manas001,parkb001,regular,2,1,ANA,OAK,y,both,y,y,y,2018
OAK201803310,ANA,OAK,OAK01,20180331,0,1:07PM,day,,,true,,203,17012,unknown,unknown,cloudy,66,torf,4,ducam701,,,fairc901,littw901,barrt901,barkl901,,,shoem001,mengd001,,regular,8,3,ANA,OAK,y,both,y,y,y,2018
OAK201804010,ANA,OAK,OAK01,20180401,0,1:07PM,day,,,true,,187,14644,unknown,unknown,sunny,66,torf,7,dybdc701,,,littw901,barrt901,barkl901,fairc901,,,ohtas001,gossd001,middk001,regular,7,4,ANA,OAK,y,both,y,y,y,2018
ANA201804020,CLE,ANA,ANA01,20180402,0,7:07PM,night,,,true,,205,43904,unknown,unknown,overcast,62,torf,7,munse701,,,wegnm901,reynj901,dimum901,tumpj901,,,clevm001,ramij002,,regular,6,0,CLE,ANA,y,both,y,y,y,2018
ANA201804030,CLE,ANA,ANA01,20180403,0,7:08PM,night,,,true,,169,35007,unknown,unknown,sunny,65,tocf,4,munse701,,,reynj901,dimum901,tumpj901,wegnm901,,,richg002,tomlj001,,regular,2,13,ANA,CLE,y,both,y,y,y,2018
ANA201804040,CLE,ANA,ANA01,20180404,0,1:08PM,day,,,true,,268,32412,unknown,unknown,overcast,65,torf,6,munse701,,,dimum901,tumpj901,wegnm901,reynj901,,,ramin002,mcalz001,,regular,2,3,ANA,CLE,y,both,y,y,y,2018
ANA201804060,OAK,ANA,ANA01,20180406,0,7:07PM,night,,,true,,215,36023,unknown,unknown,cloudy,65,torf,4,munse701,,,knigb901,hobep901,davig901,carlm901,,,johnj010,treib001,,regular,9,13,ANA,OAK,y,both,y,y,y,2018
ANA201804070,OAK,ANA,ANA01,20180407,0,6:08PM,night,,,true,,200,40129,unknown,unknown,overcast,67,tocf,8,franm701,,,hobep901,davig901,carlm901,knigb901,,,triga001,ramij002,treib001,regular,7,3,OAK,ANA,y,both,y,y,y,2018
ANA201804080,OAK,ANA,ANA01,20180408,0,1:08PM,day,,,true,,173,44742,unknown,unknown,cloudy,73,rtol,5,munse701,,,davig901,carlm901,knigb901,hobep901,,,ohtas001,gravk001,,regular,1,6,ANA,OAK,y,both,y,y,y,2018
TEX201804090,ANA,TEX,ARL02,20180409,0,7:08PM,night,,,true,,208,16718,unknown,unknown,cloudy,69,torf,11,porzg701,,,herna901,ticht901,porta901,millb901,,,alvaj003,fistd001,,regular,8,3,ANA,TEX,y,both,y,y,y,2018
TEX201804100,ANA,TEX,ARL02,20180410,0,7:08PM,night,,,true,,187,18697,unknown,unknown,sunny,71,torf,7,porzg701,,,ticht901,porta901,millb901,herna901,,,skagt001,perem004,,regular,11,1,ANA,TEX,y,both,y,y,y,2018
TEX201804110,ANA,TEX,ARL02,20180411,0,7:08PM,night,,,true,,207,20363,unknown,unknown,sunny,79,fromcf,18,wells701,,,porta901,millb901,herna901,ticht901,,,barrj003,moorm003,middk001,regular,7,2,ANA,TEX,y,both,y,y,y,2018
KCA201804120,ANA,KCA,KAN06,20180412,0,7:15PM,night,,,true,,180,14714,unknown,unknown,unknown,79,rtol,15,butcp701,,,kellj901,segac901,hudsm901,wolcq901,,,tropn001,kenni001,,regular,7,1,ANA,KCA,y,both,y,y,y,2018
KCA201804130,ANA,KCA,KAN06,20180413,0,7:15PM,night,,,true,,204,15011,unknown,unknown,overcast,69,ltor,8,butcp701,,,segac901,hudsm901,wolcq901,kellj901,,,woodb004,grimj002,middk001,regular,5,4,ANA,KCA,y,both,y,y,y,2018
KCA201804140,ANA,KCA,KAN06,20180414,0,6:15PM,night,,,true,,183,15876,unknown,unknown,overcast,42,rtol,8,butcp701,,,hudsm901,wolcq901,kellj901,segac901,,,richg002,junij001,middk001,regular,5,3,ANA,KCA,y,both,y,y,y,2018
ANA201804170,BOS,ANA,ANA01,20180417,0,7:09PM,night,,,true,,195,44822,unknown,unknown,sunny,67,torf,8,munse701,,,carav901,bakej902,laynj901,gibsg901,,,pricd001,ohtas001,,regular,10,1,BOS,ANA,y,both,y,y,y,2018
ANA201804180,BOS,ANA,ANA01,20180418,0,7:08PM,night,,,true,,198,34508,unknown,unknown,sunny,63,rtol,8,munse701,,,bakej902,laynj901,gibsg901,carav901,,,porcr001,skagt001,,regular,9,0,BOS,ANA,y,both,y,y,y,2018
ANA201804190,BOS,ANA,ANA01,20180419,0,7:08PM,night,,,true,,215,36253,unknown,unknown,sunny,62,tocf,7,franm701,,,laynj901,gibsg901,carav901,bakej902,,,rodre004,tropn001,,regular,8,2,BOS,ANA,y,both,y,y,y,2018
ANA201804200,SFN,ANA,ANA01,20180420,0,7:08PM,night,,,true,,170,37494,unknown,unknown,sunny,68,tocf,6,johnc701,,,rippm901,westj901,eddid901,fostm901,,,samaj001,heana001,,regular,8,1,SFN,ANA,y,both,y,y,y,2018
ANA201804210,SFN,ANA,ANA01,20180421,0,6:08PM,night,,,true,,178,42666,unknown,unknown,cloudy,80,rtol,7,munse701,,,westj901,eddid901,fostm901,rippm901,,,richg002,holld003,middk001,regular,3,4,ANA,SFN,y,both,y,y,y,2018
ANA201804220,SFN,ANA,ANA01,20180422,0,1:07PM,day,,,true,,225,44544,unknown,unknown,sunny,78,rtol,10,munse701,,,eddid901,fostm901,rippm901,westj901,,,cuetj001,barrj003,strih001,regular,4,2,SFN,ANA,y,both,y,y,y,2018
HOU201804230,ANA,HOU,HOU03,20180423,0,7:10PM,night,,,true,,179,29606,unknown,unknown,sunny,77,fromlf,11,porzg701,,,sches901,coope901,cedeg901,blasc901,,,skagt001,coleg001,middk001,regular,2,0,ANA,HOU,y,both,y,y,y,2018
HOU201804240,ANA,HOU,HOU03,20180424,0,7:10PM,night,,,true,,228,36457,unknown,unknown,cloudy,83,fromcf,5,wilkt701,,,coope901,cedeg901,blasc901,sches901,,,johnj010,smitj002,bedrc001,regular,8,7,ANA,HOU,y,both,y,y,y,2018
HOU201804250,ANA,HOU,HOU03,20180425,0,1:11PM,day,,,true,,164,29777,dry,none,dome,73,unknown,0,blour701,,,cedeg901,blasc901,sches901,coope901,,,verlj001,tropn001,gilek001,regular,2,5,HOU,ANA,y,both,y,y,y,2018
ANA201804270,NYA,ANA,ANA01,20180427,0,7:08PM,night,,,true,,195,40416,unknown,unknown,sunny,65,rtol,8,johnc701,,,porta901,millb901,herna901,ticht901,,,robed002,parkb001,chapa001,regular,4,3,NYA,ANA,y,both,y,y,y,2018
ANA201804280,NYA,ANA,ANA01,20180428,0,6:07PM,night,,,true,,189,44649,unknown,unknown,sunny,70,tocf,8,munse701,,,millb901,herna901,ticht901,porta901,,,tanam001,richg002,,regular,11,1,NYA,ANA,y,both,y,y,y,2018
ANA201804290,NYA,ANA,ANA01,20180429,0,5:08PM,night,,,true,,180,44593,unknown,unknown,cloudy,69,tocf,8,munse701,,,herna901,ticht901,porta901,millb901,,,sabac001,skagt001,chapa001,regular,2,1,NYA,ANA,y,both,y,y,y,2018
ANA201805010,BAL,ANA,ANA01,20180501,0,7:08PM,night,,,true,,178,32345,unknown,unknown,overcast,59,torf,4,franm701,,,dimum901,ortir901,gormb901,iassd901,,,bedrc001,bracb001,,regular,2,3,ANA,BAL,y,both,y,y,y,2018
ANA201805020,BAL,ANA,ANA01,20180502,0,7:07PM,night,,,true,,194,32156,unknown,unknown,unknown,60,tolf,5,franm701,,,ortir901,gormb901,iassd901,dimum901,,,heana001,bundd001,,regular,7,10,ANA,BAL,y,both,y,y,y,2018
ANA201805030,BAL,ANA,ANA01,20180503,0,7:07PM,night,,,true,,182,35879,unknown,unknown,sunny,71,tocf,8,johnc701,,,gormb901,iassd901,dimum901,ortir901,,,barrj003,tillc001,,regular,3,12,ANA,BAL,y,both,y,y,y,2018
SEA201805040,ANA,SEA,SEA03,20180504,0,7:10PM,night,,,true,,190,41705,unknown,unknown,cloudy,61,fromcf,2,peted701,,,wolfj901,reybd901,holbs901,blakr901,,,richg002,leakm001,,regular,5,0,ANA,SEA,y,both,y,y,y,2018
SEA201805050,ANA,SEA,SEA03,20180505,0,6:10PM,night,,,true,,269,36977,unknown,unknown,cloudy,65,tocf,2,padud701,,,reybd901,holbs901,blakr901,wolfj901,,,goede001,johnj010,,regular,8,9,SEA,ANA,y,both,y,y,y,2018
SEA201805060,ANA,SEA,SEA03,20180506,0,1:10PM,day,,,true,,191,40142,unknown,unknown,cloudy,69,unknown,0,bechj701,,,holbs901,blakr901,wolfj901,reybd901,,,ohtas001,hernf002,,regular,8,2,ANA,SEA,y,both,y,y,y,2018
COL201805080,ANA,COL,DEN02,20180508,0,6:41PM,night,,,false,,162,33144,unknown,unknown,sunny,76,fromcf,6,platd701,,,bakej902,laynj901,gibsg901,viscj901,,,grayj003,heana001,daviw001,regular,2,4,COL,ANA,y,both,y,y,y,2018
COL201805090,ANA,COL,DEN02,20180509,0,1:11PM,day,,,false,,190,33689,unknown,unknown,cloudy,72,tocf,5,einsd701,,,laynj901,gibsg901,viscj901,bakej902,,,barrj003,andet002,,regular,8,0,ANA,COL,y,both,y,y,y,2018
ANA201805100,MIN,ANA,ANA01,20180510,0,7:08PM,night,,,true,,188,30127,unknown,unknown,sunny,68,tolf,8,franm701,,,vanol901,wendh902,guccc901,rackd901,,,alvaj003,berrj001,johnj010,regular,4,7,ANA,MIN,y,both,y,y,y,2018
ANA201805110,MIN,ANA,ANA01,20180511,0,7:09PM,night,,,true,,203,43521,unknown,unknown,unknown,61,tocf,10,johnc701,,,wendh902,guccc901,rackd901,vanol901,,,magim001,andej005,rodnf001,regular,5,4,MIN,ANA,y,both,y,y,y,2018
ANA201805120,MIN,ANA,ANA01,20180512,0,6:08PM,night,,,true,,261,40117,unknown,unknown,unknown,66,rtol,9,johnc701,,,guccc901,rackd901,vanol901,wendh902,,,hildt001,ramin002,rodnf001,regular,5,3,MIN,ANA,y,both,y,y,y,2018
ANA201805130,MIN,ANA,ANA01,20180513,0,1:08PM,day,,,true,,208,38029,unknown,unknown,unknown,67,rtol,8,franm701,,,rackd901,vanol901,wendh902,guccc901,,,parkb001,dukez001,,regular,1,2,ANA,MIN,y,both,y,y,y,2018
ANA201805140,HOU,ANA,ANA01,20180514,0,7:08PM,night,,,true,,147,28229,unknown,unknown,sunny,68,tocf,8,johnc701,,,onorb901,culbf901,conrc901,buckc901,,,heana001,mccul002,andej005,regular,1,2,ANA,HOU,y,both,y,y,y,2018
ANA201805150,HOU,ANA,ANA01,20180515,0,7:08PM,night,,,true,,198,28358,unknown,unknown,sunny,68,fromrf,8,johnc701,,,culbf901,conrc901,buckc901,onorb901,,,mchuc001,alvaj003,gilek001,regular,5,3,HOU,ANA,y,both,y,y,y,2018
ANA201805160,HOU,ANA,ANA01,20180516,0,6:41PM,night,,,true,,159,28078,unknown,unknown,sunny,71,torf,6,johnc701,,,conrc901,segac901,onorb901,buckc901,,,verlj001,richg002,,regular,2,0,HOU,ANA,y,both,y,y,y,2018
ANA201805170,TBA,ANA,ANA01,20180517,0,7:08PM,night,,,true,,186,30487,unknown,unknown,sunny,66,rtol,9,franm701,,,diazl901,gonzm901,fleta901,nelsj901,,,archc001,skagt001,,regular,7,1,TBA,ANA,y,both,y,y,y,2018
ANA201805180,TBA,ANA,ANA01,20180518,0,7:08PM,night,,,true,,212,40067,unknown,unknown,sunny,67,fromcf,7,johnc701,,,gonzm901,fleta901,nelsj901,diazl901,,,snelb001,tropn001,,regular,8,3,TBA,ANA,y,both,y,y,y,2018
ANA201805190,TBA,ANA,ANA01,20180519,0,6:08PM,night,,,true,,180,37232,unknown,unknown,cloudy,67,fromcf,10,franm701,,,fleta901,nelsj901,diazl901,gonzm901,,,yarbr001,heana001,coloa001,regular,5,3,TBA,ANA,y,both,y,y,y,2018
ANA201805200,TBA,ANA,ANA01,20180520,0,1:09PM,day,,,true,,195,38560,unknown,unknown,cloudy,68,torf,4,johnc701,,,nelsj901,diazl901,gonzm901,fleta901,,,ohtas001,andrm001,parkb001,regular,2,5,ANA,TBA,y,both,y,y,y,2018
TOR201805220,ANA,TOR,TOR02,20180522,0,7:07PM,night,,,true,,151,21480,dry,none,dome,68,unknown,0,starh701,,,dimum901,wegnm901,reynj901,may-b901,,,happj001,richg002,clipt001,regular,3,5,TOR,ANA,y,both,y,y,y,2018
TOR201805230,ANA,TOR,TOR02,20180523,0,7:08PM,night,,,true,,225,25504,unknown,unknown,sunny,77,fromcf,12,starh701,,,wegnm901,reynj901,may-b901,dimum901,,,andej005,clipt001,parkb001,regular,5,4,ANA,TOR,y,both,y,y,y,2018
TOR201805240,ANA,TOR,TOR02,20180524,0,12:38PM,day,,,true,,173,43344,unknown,unknown,sunny,73,tocf,6,starh701,,,reynj901,may-b901,dimum901,wegnm901,,,tropn001,estrm001,,regular,8,1,ANA,TOR,y,both,y,y,y,2018
NYA201805250,ANA,NYA,NYC21,20180525,0,7:10PM,night,,,true,,180,46056,unknown,unknown,sunny,86,tolf,13,karph701,,,fairc901,cuzzp901,estam901,danlk901,,,greec003,johnj010,chapa001,regular,1,2,NYA,ANA,y,both,y,y,y,2018
NYA201805260,ANA,NYA,NYC21,20180526,0,7:16PM,night,,,true,,210,44565,unknown,unknown,cloudy,85,fromrf,8,karph701,,,cuzzp901,estam901,danlk901,fairc901,,,barrj003,grays001,,regular,11,4,ANA,NYA,y,both,y,y,y,2018
NYA201805270,ANA,NYA,NYC21,20180527,0,1:10PM,day,,,true,,207,46109,unknown,unknown,unknown,61,torf,16,karph701,,,estam901,danlk901,fairc901,cuzzp901,,,tanam001,richg002,chapa001,regular,1,3,NYA,ANA,y,both,y,y,y,2018
DET201805280,ANA,DET,DET05,20180528,0,1:11PM,day,,,true,,197,20857,unknown,unknown,sunny,86,fromcf,4,klonc701,,,rippm901,gibsg901,eddid901,fostm901,,,boydm001,skagt001,,regular,3,9,DET,ANA,y,both,y,y,y,2018
DET201805290,ANA,DET,DET05,20180529,0,7:10PM,night,,,true,,205,17397,unknown,unknown,sunny,88,fromlf,9,klonc701,,,gibsg901,eddid901,fostm901,rippm901,,,tropn001,fulmm001,,regular,9,2,ANA,DET,y,both,y,y,y,2018
DET201805300,ANA,DET,DET05,20180530,0,7:10PM,night,,,true,,173,19494,unknown,unknown,cloudy,84,fromlf,17,klonc701,,,eddid901,fostm901,rippm901,gibsg901,,,colel001,bedrc001,,regular,1,6,DET,ANA,y,both,y,y,y,2018
DET201805310,ANA,DET,DET05,20180531,0,1:10PM,day,,,true,,189,24696,unknown,unknown,cloudy,84,rtol,16,klonc701,,,fostm901,rippm901,gibsg901,eddid901,,,saupw001,heana001,,regular,2,6,DET,ANA,y,both,y,y,y,2018
ANA201806010,TEX,ANA,ANA01,20180601,0,7:08PM,night,,,true,,157,33511,unknown,unknown,sunny,74,rtol,8,munse701,,,culbf901,buckc901,conrc901,onorb901,,,barrj003,colob001,,regular,0,6,ANA,TEX,y,both,y,y,y,2018
ANA201806020,TEX,ANA,ANA01,20180602,0,6:27PM,night,,,true,,201,44603,unknown,unknown,sunny,76,tocf,9,munse701,,,buckc901,conrc901,onorb901,culbf901,,,diekj001,alvaj003,kelak001,regular,3,2,TEX,ANA,y,both,y,y,y,2018
ANA201806030,TEX,ANA,ANA01,20180603,0,1:07PM,day,,,true,,159,33541,unknown,unknown,sunny,80,tocf,10,munse701,,,conrc901,onorb901,culbf901,buckc901,,,skagt001,fistd001,andej005,regular,1,3,ANA,TEX,y,both,y,y,y,2018
ANA201806040,KCA,ANA,ANA01,20180604,0,7:07PM,night,,,true,,215,32553,unknown,unknown,sunny,67,tocf,6,franm701,,,morag901,hicke901,mealj901,segac901,,,bedrc001,hillt002,parkb001,regular,6,9,ANA,KCA,y,both,y,y,y,2018
ANA201806050,KCA,ANA,ANA01,20180605,0,7:08PM,night,,,true,,136,31514,unknown,unknown,sunny,68,tolf,11,munse701,,,hicke901,mealj901,segac901,morag901,,,heana001,kellb003,,regular,0,1,ANA,KCA,y,both,y,y,y,2018
ANA201806060,KCA,ANA,ANA01,20180606,0,7:08PM,night,,,true,,191,36512,unknown,unknown,sunny,69,rtol,9,johnc701,,,mealj901,segac901,morag901,hicke901,,,bedrc001,barls001,parkb001,regular,3,4,ANA,KCA,y,both,y,y,y,2018
MIN201806080,ANA,MIN,MIN04,20180608,0,7:12PM,night,,,true,,201,28383,unknown,unknown,cloudy,73,fromrf,10,wongg701,,,estam901,reynj901,drecb901,ortir901,,,ramin002,presr001,parkb001,regular,4,2,ANA,MIN,y,both,y,y,y,2018
MIN201806090,ANA,MIN,MIN04,20180609,0,5:10PM,night,,,true,,173,24061,unknown,unknown,overcast,69,fromlf,8,thors701,,,reynj901,drecb901,ortir901,estam901,,,skagt001,gibsk002,parkb001,regular,2,1,ANA,MIN,y,both,y,y,y,2018
MIN201806100,ANA,MIN,MIN04,20180610,0,1:11PM,day,,,true,,188,28656,unknown,unknown,overcast,69,fromlf,14,thors701,,,drecb901,ortir901,estam901,reynj901,,,romef001,tropn001,,regular,5,7,MIN,ANA,y,both,y,y,y,2018
SEA201806110,ANA,SEA,SEA03,20180611,0,7:10PM,night,,,true,,155,20116,unknown,unknown,cloudy,67,torf,3,radoe701,,,belld901,hamaa901,hallt901,cuzzp901,,,leblw001,heana001,diaze006,regular,3,5,SEA,ANA,y,both,y,y,y,2018
SEA201806120,ANA,SEA,SEA03,20180612,0,7:10PM,night,,,true,,181,20402,unknown,unknown,unknown,63,tocf,2,padud701,,,hamaa901,hallt901,cuzzp901,belld901,,,leakm001,barrj003,diaze006,regular,3,6,SEA,ANA,y,both,y,y,y,2018
SEA201806130,ANA,SEA,SEA03,20180613,0,1:10PM,day,,,true,,215,28236,unknown,unknown,cloudy,62,unknown,0,padud701,,,hallt901,cuzzp901,belld901,hamaa901,,,eliar001,drako001,,regular,6,8,SEA,ANA,y,both,y,y,y,2018
OAK201806150,ANA,OAK,OAK01,20180615,0,6:37PM,night,,,true,,202,18356,unknown,unknown,unknown,58,torf,16,ducam701,,,hobep901,lentn901,carlm901,knigb901,,,skagt001,bassc001,,regular,8,4,ANA,OAK,y,both,y,y,y,2018
OAK201806160,ANA,OAK,OAK01,20180616,0,1:07PM,day,,,true,,162,19185,unknown,unknown,sunny,67,torf,11,ducam701,,,lentn901,carlm901,knigb901,hobep901,,,manas001,ramin002,treib001,regular,4,6,OAK,ANA,y,both,y,y,y,2018
OAK201806170,ANA,OAK,OAK01,20180617,0,1:08PM,day,,,true,,218,21217,unknown,unknown,unknown,68,torf,8,ducam701,,,carlm901,knigb901,hobep901,lentn901,,,treib001,jewej001,,regular,5,6,OAK,ANA,y,both,y,y,y,2018
ANA201806180,ARI,ANA,ANA01,20180618,0,7:08PM,night,,,true,,201,33809,unknown,unknown,sunny,70,tocf,6,munse701,,,gibsg901,laynj901,bakej902,carav901,,,greiz001,barrj003,brada001,regular,7,4,ARI,ANA,y,both,y,y,y,2018
ANA201806190,ARI,ANA,ANA01,20180619,0,7:07PM,night,,,true,,191,33088,unknown,unknown,sunny,71,tocf,10,franm701,,,laynj901,bakej902,carav901,gibsg901,,,alvaj003,kochm001,parkb001,regular,4,5,ANA,ARI,y,both,y,y,y,2018
ANA201806210,TOR,ANA,ANA01,20180621,0,7:08PM,night,,,true,,183,30416,unknown,unknown,sunny,72,tocf,8,johnc701,,,diazl901,gonzm901,fleta901,ticht901,,,ramin002,axfoj001,andej005,regular,5,8,ANA,TOR,y,both,y,y,y,2018
ANA201806220,TOR,ANA,ANA01,20180622,0,7:08PM,night,,,true,,137,38028,unknown,unknown,sunny,77,tocf,9,munse701,,,gonzm901,fleta901,ticht901,diazl901,,,heana001,estrm001,parkb001,regular,1,2,ANA,TOR,y,both,y,y,y,2018
ANA201806230,TOR,ANA,ANA01,20180623,0,6:08PM,night,,,true,,187,40612,unknown,unknown,cloudy,68,rtol,11,munse701,,,fleta901,ticht901,diazl901,gonzm901,,,oh--s001,andej005,teper001,regular,4,1,TOR,ANA,y,both,y,y,y,2018
ANA201806240,TOR,ANA,ANA01,20180624,0,1:08PM,day,,,true,,213,33102,unknown,unknown,sunny,75,tocf,7,munse701,,,ticht901,diazl901,gonzm901,fleta901,,,teper001,roblh001,clipt001,regular,7,6,TOR,ANA,y,both,y,y,y,2018
KCA201806250,ANA,KCA,KAN06,20180625,0,3:17PM,day,,,true,,164,19535,unknown,unknown,cloudy,84,rtol,13,utslm701,,,carav901,bakej902,gibsg901,laynj901,,,kellb003,skagt001,peraw001,regular,0,2,KCA,ANA,y,both,y,y,y,2018
BOS201806260,ANA,BOS,BOS07,20180626,0,7:12PM,night,,,true,,174,37366,unknown,unknown,sunny,76,tolf,18,shalm701,,,segac901,morag901,hicke901,mealj901,,,pricd001,lambj002,,regular,1,9,BOS,ANA,y,both,y,y,y,2018
BOS201806270,ANA,BOS,BOS07,20180627,0,7:12PM,night,,,true,,240,37521,unknown,unknown,cloudy,73,tolf,13,scogc701,,,morag901,hicke901,mealj901,segac901,,,barnm001,alvaj003,kimbc001,regular,6,9,BOS,ANA,y,both,y,y,y,2018
BOS201806280,ANA,BOS,BOS07,20180628,0,7:11PM,night,,,true,,186,36992,unknown,unknown,unknown,74,tolf,13,ellib701,,,hicke901,mealj901,segac901,morag901,,,velah001,barrj003,kimbc001,regular,2,4,BOS,ANA,y,both,y,y,y,2018
BAL201806290,ANA,BAL,BAL12,20180629,0,7:10PM,night,,,true,,173,24007,unknown,unknown,cloudy,92,ltor,2,jacom701,,,hamaa901,cuzzp901,belld901,hallt901,,,penaf002,hessd001,,regular,7,1,ANA,BAL,y,both,y,y,y,2018
BAL201806300,ANA,BAL,BAL12,20180630,0,4:09PM,day,,,true,,189,38838,unknown,unknown,cloudy,93,ltor,7,hennj701,,,cuzzp901,belld901,hallt901,hamaa901,,,andej005,givem001,,regular,6,2,ANA,BAL,y,both,y,y,y,2018
BAL201807010,ANA,BAL,BAL12,20180701,0,1:08PM,day,,,true,,149,18351,unknown,unknown,sunny,94,tolf,4,hennj701,,,belld901,hallt901,hamaa901,cuzzp901,,,gausk001,mcgud001,,regular,2,8,BAL,ANA,y,both,y,y,y,2018
SEA201807030,ANA,SEA,SEA03,20180703,0,7:09PM,night,,,true,,147,38624,unknown,unknown,sunny,73,torf,2,radoe701,,,gibsh902,gormb901,muchm901,johna901,,,leblw001,heana001,diaze006,regular,1,4,SEA,ANA,y,both,y,y,y,2018
SEA201807040,ANA,SEA,SEA03,20180704,0,1:10PM,day,,,true,,213,39518,unknown,unknown,unknown,75,fromcf,6,radoe701,,,gormb901,muchm901,johna901,gibsh902,,,richg002,leakm001,parkb001,regular,7,4,ANA,SEA,y,both,y,y,y,2018
SEA201807050,ANA,SEA,SEA03,20180705,0,7:10PM,night,,,true,,202,32128,unknown,unknown,sunny,75,torf,3,padud701,,,rippm901,eddid901,fostm901,westj901,,,gonzm005,barrj003,diaze006,regular,1,4,SEA,ANA,y,both,y,y,y,2018
ANA201807060,LAN,ANA,ANA01,20180706,0,7:07PM,night,,,true,,192,44323,unknown,unknown,sunny,108,torf,7,munse701,,,whitc901,wintm901,timmt901,drakr901,,,parkb001,jansk001,,regular,2,3,ANA,LAN,y,both,y,y,y,2018
ANA201807070,LAN,ANA,ANA01,20180707,0,4:16PM,day,,,true,,198,44409,unknown,unknown,unknown,100,torf,7,munse701,,,wintm901,timmt901,drakr901,whitc901,,,strir001,colet001,jansk001,regular,3,1,LAN,ANA,y,both,y,y,y,2018
ANA201807080,LAN,ANA,ANA01,20180708,0,5:08PM,night,,,true,,159,42213,unknown,unknown,sunny,87,torf,8,munse701,,,timmt901,drakr901,whitc901,wintm901,,,heana001,charj001,andej005,regular,3,4,ANA,LAN,y,both,y,y,y,2018
ANA201807100,SEA,ANA,ANA01,20180710,0,7:09PM,night,,,true,,190,33092,unknown,unknown,sunny,80,tocf,9,munse701,,,reybd901,blakr901,holbs901,wolfj901,,,ramin002,leakm001,,regular,3,9,ANA,SEA,y,both,y,y,y,2018
ANA201807110,SEA,ANA,ANA01,20180711,0,7:08PM,night,,,true,,160,35591,unknown,unknown,cloudy,79,tocf,4,johnc701,,,blakr901,holbs901,wolfj901,reybd901,,,gonzm005,barrj003,diaze006,regular,3,0,SEA,ANA,y,both,y,y,y,2018
ANA201807120,SEA,ANA,ANA01,20180712,0,7:08PM,night,,,true,,182,44027,unknown,unknown,sunny,80,tocf,6,munse701,,,holbs901,wolfj901,reybd901,blakr901,,,skagt001,paxtj001,,regular,2,11,ANA,SEA,y,both,y,y,y,2018
LAN201807130,ANA,LAN,LOS03,20180713,0,7:10PM,night,,,false,,193,53368,unknown,unknown,sunny,77,ltor,6,munse701,,,vanol901,rackd901,mahrn901,wendh902,,,fergc001,bedrc001,alexs001,regular,2,3,LAN,ANA,y,both,y,y,y,2018
LAN201807140,ANA,LAN,LOS03,20180714,0,4:16PM,day,,,false,,227,53797,unknown,unknown,sunny,85,tocf,8,whitj701,,,rackd901,mahrn901,wendh902,vanol901,,,alvaj003,jansk001,,regular,5,4,ANA,LAN,y,both,y,y,y,2018
LAN201807150,ANA,LAN,LOS03,20180715,0,1:11PM,day,,,false,,190,47871,unknown,unknown,sunny,86,tocf,5,whitj701,,,mahrn901,wendh902,vanol901,rackd901,,,maedk001,colet001,jansk001,regular,3,5,LAN,ANA,y,both,y,y,y,2018
ANA201807200,HOU,ANA,ANA01,20180720,0,7:09PM,night,,,true,,167,42422,unknown,unknown,sunny,79,tocf,9,munse701,,,segac901,morag901,hicke901,mealj901,,,keucd001,skagt001,rondh001,regular,3,1,HOU,ANA,y,both,y,y,y,2018
ANA201807210,HOU,ANA,ANA01,20180721,0,4:16PM,day,,,true,,200,44264,unknown,unknown,cloudy,87,tocf,8,munse701,,,morag901,hicke901,mealj901,segac901,,,verlj001,tropn001,,regular,7,0,HOU,ANA,y,both,y,y,y,2018
ANA201807220,HOU,ANA,ANA01,20180722,0,1:08PM,day,,,true,,221,35298,unknown,unknown,sunny,87,rtol,8,munse701,,,hicke901,mealj901,segac901,morag901,,,heana001,mccul002,,regular,5,14,ANA,HOU,y,both,y,y,y,2018
ANA201807230,CHA,ANA,ANA01,20180723,0,7:08PM,night,,,true,,216,35285,unknown,unknown,sunny,88,rtol,9,munse701,,,addir901,hobep901,knigb901,davig901,,,gioll001,barrj003,sorij001,regular,5,3,CHA,ANA,y,both,y,y,y,2018
ANA201807240,CHA,ANA,ANA01,20180724,0,7:08PM,night,,,true,,178,33937,unknown,unknown,sunny,85,tocf,8,franm701,,,hobep901,knigb901,davig901,addir901,,,rodoc001,penaf002,sorij001,regular,4,2,CHA,ANA,y,both,y,y,y,2018
ANA201807250,CHA,ANA,ANA01,20180725,0,7:08PM,night,,,true,,183,34321,unknown,unknown,sunny,81,tocf,8,munse701,,,knigb901,davig901,addir901,hobep901,,,skagt001,shiej002,,regular,3,11,ANA,CHA,y,both,y,y,y,2018
ANA201807260,CHA,ANA,ANA01,20180726,0,1:07PM,day,,,true,,209,33826,unknown,unknown,sunny,84,rtol,12,johnc701,,,davig901,addir901,hobep901,knigb901,,,tropn001,coved001,,regular,8,12,ANA,CHA,y,both,y,y,y,2018
ANA201807270,SEA,ANA,ANA01,20180727,0,7:08PM,night,,,true,,174,42336,unknown,unknown,sunny,84,tocf,10,munse701,,,danlk901,may-b901,barkl901,barrt901,,,johnj010,nicaj001,,regular,3,4,ANA,SEA,y,both,y,y,y,2018
ANA201807280,SEA,ANA,ANA01,20180728,0,6:08PM,night,,,true,,161,43325,unknown,unknown,sunny,79,tocf,9,franm701,,,may-b901,barkl901,barrt901,danlk901,,,barrj003,hernf002,,regular,5,11,ANA,SEA,y,both,y,y,y,2018
ANA201807290,SEA,ANA,ANA01,20180729,0,1:09PM,day,,,true,,212,35396,unknown,unknown,cloudy,92,rtol,6,munse701,,,barkl901,barrt901,danlk901,may-b901,,,gonzm005,penaf002,diaze006,regular,8,5,SEA,ANA,y,both,y,y,y,2018
TBA201807310,ANA,TBA,STP01,20180731,0,7:10PM,night,,,true,,197,15858,dry,none,dome,72,unknown,0,clodt701,,,ticht901,millb901,porta901,mahrn901,,,yarbr001,skagt001,,regular,6,10,TBA,ANA,y,both,y,y,y,2018
TBA201808010,ANA,TBA,STP01,20180801,0,7:09PM,night,,,true,,181,9132,dry,none,dome,72,unknown,0,lantj701,,,millb901,porta901,mahrn901,ticht901,,,farij001,tropn001,,regular,2,7,TBA,ANA,y,both,y,y,y,2018
TBA201808020,ANA,TBA,STP01,20180802,0,1:10PM,day,,,true,,149,10988,dry,none,dome,72,unknown,0,clodt701,,,porta901,mahrn901,ticht901,millb901,,,beekj001,heana001,romos001,regular,2,4,TBA,ANA,y,both,y,y,y,2018
CLE201808030,ANA,CLE,CLE08,20180803,0,7:10PM,night,,,true,,190,35242,unknown,unknown,cloudy,82,ltor,7,maveb701,,,fostm901,westj901,lentn901,rippm901,,,andej005,pereo002,,regular,7,4,ANA,CLE,y,both,y,y,y,2018
CLE201808040,ANA,CLE,CLE08,20180804,0,7:10PM,night,,,true,,148,34814,unknown,unknown,sunny,82,fromcf,5,maveb701,,,westj901,lentn901,rippm901,fostm901,,,klubc001,penaf002,,regular,0,3,CLE,ANA,y,both,y,y,y,2018
CLE201808050,ANA,CLE,CLE08,20180805,0,1:11PM,day,,,true,,186,28993,unknown,unknown,sunny,84,torf,9,libea701,,,lentn901,rippm901,fostm901,westj901,,,biebs001,mcgud001,handb001,regular,3,4,CLE,ANA,y,both,y,y,y,2018
ANA201808060,DET,ANA,ANA01,20180806,0,7:09PM,night,,,true,,173,34073,unknown,unknown,sunny,92,tocf,6,johnc701,,,randt901,woodt901,welkb901,barrl901,,,tropn001,boydm001,,regular,2,6,ANA,DET,y,both,y,y,y,2018
ANA201808070,DET,ANA,ANA01,20180807,0,7:08PM,night,,,true,,188,35824,unknown,unknown,sunny,88,tocf,8,munse701,,,woodt901,welkb901,barrl901,randt901,,,heana001,turnj002,,regular,5,11,ANA,DET,y,both,y,y,y,2018
ANA201808080,DET,ANA,ANA01,20180808,0,1:08PM,day,,,true,,165,38832,unknown,unknown,sunny,94,tocf,7,munse701,,,welkb901,barrl901,randt901,woodt901,,,barrj003,hardb001,,regular,0,6,ANA,DET,y,both,y,y,y,2018
ANA201808100,OAK,ANA,ANA01,20180810,0,7:34PM,night,,,true,,142,42722,unknown,unknown,cloudy,84,rtol,8,johnc701,,,segac901,coope901,sches901,blasc901,,,johnj010,trivl001,parkb001,regular,3,4,ANA,OAK,y,both,y,y,y,2018
ANA201808110,OAK,ANA,ANA01,20180811,0,6:08PM,night,,,true,,188,39425,unknown,unknown,sunny,87,torf,8,munse701,,,coope901,sches901,blasc901,segac901,,,jacke001,skagt001,,regular,7,0,OAK,ANA,y,both,y,y,y,2018
ANA201808120,OAK,ANA,ANA01,20180812,0,1:08PM,day,,,true,,229,38364,unknown,unknown,sunny,86,tocf,9,munse701,,,sches901,blasc901,segac901,coope901,,,rodnf001,johnj010,treib001,regular,8,7,OAK,ANA,y,both,y,y,y,2018
SDN201808130,ANA,SDN,SAN02,20180813,0,7:10PM,night,,,false,,167,22609,unknown,unknown,sunny,76,ltor,9,zaveb701,,,wolfj901,holbs901,dejer901,marqa901,,,bedrc001,stamc001,,regular,6,3,ANA,SDN,y,both,y,y,y,2018
SDN201808140,ANA,SDN,SAN02,20180814,0,7:10PM,night,,,false,,194,21747,unknown,unknown,sunny,76,ltor,12,zaveb701,,,holbs901,dejer901,marqa901,wolfj901,,,barrj003,kennb001,,regular,7,3,ANA,SDN,y,both,y,y,y,2018
SDN201808150,ANA,SDN,SAN02,20180815,0,6:11PM,night,,,false,,163,22851,unknown,unknown,cloudy,76,torf,11,zaveb701,,,dejer901,marqa901,wolfj901,holbs901,,,alvaj003,yatek001,parkb001,regular,3,2,ANA,SDN,y,both,y,y,y,2018
TEX201808160,ANA,TEX,ARL02,20180816,0,7:07PM,night,,,true,,173,18398,unknown,unknown,sunny,97,rtol,10,wells701,,,carav901,buckc901,culbf901,conrc901,,,moorm003,andej005,leclj001,regular,6,8,TEX,ANA,y,both,y,y,y,2018
TEX201808170,ANA,TEX,ARL02,20180817,0,7:08PM,night,,,true,,176,27816,unknown,unknown,sunny,98,rtol,7,porzg701,,,buckc901,culbf901,conrc901,carav901,,,hutcd001,despo001,leclj001,regular,4,6,TEX,ANA,y,both,y,y,y,2018
TEX201808180,ANA,TEX,ARL02,20180818,0,9:31PM,night,,,true,,208,24768,wet,drizzle,unknown,79,rtol,7,porzg701,,,culbf901,conrc901,carav901,buckc901,,,bedrc001,butle001,,regular,11,7,ANA,TEX,y,both,y,y,y,2018
TEX201808190,ANA,TEX,ARL02,20180819,0,2:08PM,day,,,true,,155,26681,unknown,unknown,unknown,92,fromrf,9,wells701,,,conrc901,carav901,buckc901,culbf901,,,moorm003,ramin002,leclj001,regular,2,4,TEX,ANA,y,both,y,y,y,2018
ARI201808210,ANA,ARI,PHO01,20180821,0,6:40PM,night,,,false,,174,30420,dry,none,dome,81,unknown,0,johnr701,,,gonzm901,diazl901,nelsj901,fleta901,,,boxbb001,bedrc001,,regular,4,5,ARI,ANA,y,both,y,y,y,2018
ARI201808220,ANA,ARI,PHO01,20180822,0,6:40PM,night,,,false,,185,23584,dry,none,dome,79,unknown,0,johnr701,,,diazl901,nelsj901,fleta901,gonzm901,,,buchc001,despo001,,regular,1,5,ARI,ANA,y,both,y,y,y,2018
ANA201808240,HOU,ANA,ANA01,20180824,0,7:07PM,night,,,true,,184,42788,unknown,unknown,cloudy,76,rtol,8,munse701,,,hudsm901,drecb901,estam901,fairc901,,,keucd001,heana001,,regular,9,3,HOU,ANA,y,both,y,y,y,2018
ANA201808250,HOU,ANA,ANA01,20180825,0,6:08PM,night,,,true,,206,41654,unknown,unknown,sunny,79,tocf,8,franm701,,,drecb901,estam901,fairc901,hudsm901,,,verlj001,barrj003,,regular,8,3,HOU,ANA,y,both,y,y,y,2018
ANA201808260,HOU,ANA,ANA01,20180826,0,1:12PM,day,,,true,,174,37530,unknown,unknown,sunny,80,tocf,6,munse701,,,estam901,fairc901,hudsm901,drecb901,,,valdf001,penaf002,osunr001,regular,3,1,HOU,ANA,y,both,y,y,y,2018
ANA201808270,COL,ANA,ANA01,20180827,0,7:09PM,night,,,true,,217,35305,unknown,unknown,sunny,76,torf,8,munse701,,,belld901,hamaa901,blakr901,hallt901,,,johnj010,ottaa001,ramin002,regular,7,10,ANA,COL,y,both,y,y,y,2018
ANA201808280,COL,ANA,ANA01,20180828,0,7:09PM,night,,,true,,179,35207,unknown,unknown,unknown,76,rtol,6,franm701,,,hamaa901,blakr901,hallt901,belld901,,,freek001,ramin002,daviw001,regular,3,2,COL,ANA,y,both,y,y,y,2018
HOU201808300,ANA,HOU,HOU03,20180830,0,7:11PM,night,,,true,,200,30371,dry,none,dome,73,unknown,0,porzg701,,,cedeg901,coope901,dejer901,sches901,,,heana001,verlj001,,regular,5,2,ANA,HOU,y,both,y,y,y,2018
HOU201808310,ANA,HOU,HOU03,20180831,0,7:10PM,night,,,true,,198,35675,dry,none,dome,73,unknown,0,wilkt701,,,coope901,dejer901,sches901,cedeg901,,,barrj003,valdf001,parkb001,regular,3,0,ANA,HOU,y,both,y,y,y,2018
HOU201809010,ANA,HOU,HOU03,20180901,0,6:11PM,night,,,true,,196,41622,dry,none,dome,73,unknown,0,blour701,,,dejer901,sches901,cedeg901,coope901,,,smitj002,bedrc001,,regular,3,7,HOU,ANA,y,both,y,y,y,2018
HOU201809020,ANA,HOU,HOU03,20180902,0,7:08PM,night,,,true,,220,41506,dry,none,dome,73,unknown,0,porzg701,,,sches901,cedeg901,coope901,dejer901,,,coleg001,ohtas001,osunr001,regular,2,4,HOU,ANA,y,both,y,y,y,2018
TEX201809030,ANA,TEX,ARL02,20180903,0,7:09PM,night,,,true,,190,21048,unknown,unknown,unknown,78,fromrf,11,bumpl701,,,laynj901,bakej902,gibsg901,carav901,,,colet001,curtz001,parkb001,regular,3,1,ANA,TEX,y,both,y,y,y,2018
TEX201809040,ANA,TEX,ARL02,20180904,0,7:10PM,night,,,true,,164,17625,unknown,unknown,sunny,87,fromcf,10,ruddw701,,,bakej902,gibsg901,carav901,laynj901,,,minom001,heana001,leclj001,regular,2,4,TEX,ANA,y,both,y,y,y,2018
TEX201809050,ANA,TEX,ARL02,20180905,0,7:07PM,night,,,true,,192,19966,unknown,unknown,unknown,82,torf,9,ruddw701,,,gibsg901,carav901,laynj901,bakej902,,,barrj003,colob001,,regular,9,3,ANA,TEX,y,both,y,y,y,2018
CHA201809070,ANA,CHA,CHI12,20180907,0,7:10PM,night,,,true,,175,18236,unknown,unknown,overcast,69,ltor,15,roseb701,,,wendh902,guccc901,may-b901,vanol901,,,penaf002,rodoc001,buttt001,regular,5,2,ANA,CHA,y,both,y,y,y,2018
CHA201809080,ANA,CHA,CHI12,20180908,0,6:11PM,night,,,true,,225,27146,unknown,unknown,overcast,67,fromlf,17,roseb701,,,guccc901,may-b901,vanol901,wendh902,,,shoem001,shiej002,,regular,12,3,ANA,CHA,y,both,y,y,y,2018
CHA201809090,ANA,CHA,CHI12,20180909,0,1:11PM,day,,,true,,197,24020,unknown,unknown,cloudy,66,fromrf,19,roseb701,,,may-b901,vanol901,wendh902,guccc901,,,heana001,hamii001,alvaj003,regular,1,0,ANA,CHA,y,both,y,y,y,2018
ANA201809100,TEX,ANA,ANA01,20180910,0,7:08PM,night,,,true,,190,32891,unknown,unknown,sunny,73,tocf,9,franm701,,,gibsh902,gormb901,johna901,lentn901,,,minom001,barrj003,leclj001,regular,5,2,TEX,ANA,y,both,y,y,y,2018
ANA201809110,TEX,ANA,ANA01,20180911,0,7:07PM,night,,,true,,165,33756,unknown,unknown,sunny,72,rtol,8,munse701,,,gormb901,johna901,lentn901,gibsh902,,,ramin002,sampa001,buttt001,regular,0,1,ANA,TEX,y,both,y,y,y,2018
ANA201809120,TEX,ANA,ANA01,20180912,0,7:10PM,night,,,true,,170,33028,unknown,unknown,sunny,76,rtol,7,munse701,,,johna901,lentn901,gibsh902,gormb901,,,penaf002,gally001,,regular,1,8,ANA,TEX,y,both,y,y,y,2018
ANA201809130,SEA,ANA,ANA01,20180913,0,7:09PM,night,,,true,,199,33328,unknown,unknown,sunny,81,torf,6,johnc701,,,barrl901,welkb901,randt901,addir901,,,leakm001,despo001,,regular,8,2,SEA,ANA,y,both,y,y,y,2018
ANA201809140,SEA,ANA,ANA01,20180914,0,7:08PM,night,,,true,,202,39872,unknown,unknown,sunny,84,torf,7,franm701,,,welkb901,randt901,addir901,barrl901,,,warra001,shoem001,,regular,5,0,SEA,ANA,y,both,y,y,y,2018
ANA201809150,SEA,ANA,ANA01,20180915,0,6:08PM,night,,,true,,186,42292,unknown,unknown,sunny,83,rtol,7,munse701,,,randt901,addir901,barrl901,welkb901,,,pazoj001,alvaj003,diaze006,regular,6,5,SEA,ANA,y,both,y,y,y,2018
ANA201809160,SEA,ANA,ANA01,20180916,0,1:08PM,day,,,true,,175,35578,unknown,unknown,sunny,83,rtol,8,munse701,,,addir901,barrl901,welkb901,randt901,,,colet001,vincn001,buttt001,regular,3,4,ANA,SEA,y,both,y,y,y,2018
OAK201809180,ANA,OAK,OAK01,20180918,0,7:07PM,night,,,true,,222,15031,unknown,unknown,sunny,58,torf,12,ducam701,,,hudsm901,hoyej901,lives901,coope901,,,ramin002,trivl001,buttt001,regular,9,7,ANA,OAK,y,both,y,y,y,2018
OAK201809190,ANA,OAK,OAK01,20180919,0,7:06PM,night,,,true,,143,16425,unknown,unknown,sunny,70,torf,12,ducam701,,,hoyej901,lives901,coope901,hudsm901,,,andeb004,penaf002,,regular,0,10,OAK,ANA,y,both,y,y,y,2018
OAK201809200,ANA,OAK,OAK01,20180920,0,12:37PM,day,,,true,,202,17217,unknown,unknown,sunny,79,torf,4,younj701,,,lives901,coope901,hudsm901,hoyej901,,,jacke001,shoem001,,regular,3,21,OAK,ANA,y,both,y,y,y,2018
HOU201809210,ANA,HOU,HOU03,20180921,0,7:11PM,night,,,true,,176,39977,dry,none,dome,73,unknown,0,wilkt701,,,littw901,barrt901,dejer901,barkl901,,,coleg001,heana001,,regular,3,11,HOU,ANA,y,both,y,y,y,2018
HOU201809220,ANA,HOU,HOU03,20180922,0,6:11PM,night,,,true,,244,41822,dry,none,dome,73,unknown,0,porzg701,,,barrt901,dejer901,barkl901,littw901,,,mchuc001,buttt001,,regular,5,10,HOU,ANA,y,both,y,y,y,2018
HOU201809230,ANA,HOU,HOU03,20180923,0,1:10PM,day,,,true,,191,43247,dry,none,dome,73,unknown,0,porzg701,,,dejer901,barkl901,littw901,barrt901,,,valdf001,skagt001,,regular,2,6,HOU,ANA,y,both,y,y,y,2018
ANA201809240,TEX,ANA,ANA01,20180924,0,7:09PM,night,,,true,,192,29052,unknown,unknown,sunny,68,tocf,8,munse701,,,davig901,hobep901,ortir901,knigb901,,,colet001,moorm003,,regular,4,5,ANA,TEX,y,both,y,y,y,2018
ANA201809250,TEX,ANA,ANA01,20180925,0,7:09PM,night,,,true,,181,36308,unknown,unknown,sunny,70,rtol,5,munse701,,,hobep901,ortir901,knigb901,davig901,,,ramin002,gally001,roblh001,regular,1,4,ANA,TEX,y,both,y,y,y,2018
ANA201809260,TEX,ANA,ANA01,20180926,0,7:07PM,night,,,true,,161,35991,unknown,unknown,cloudy,72,rtol,7,johnc701,,,ortir901,knigb901,davig901,hobep901,,,alvaj003,martc007,johnj010,regular,2,3,ANA,TEX,y,both,y,y,y,2018
ANA201809280,OAK,ANA,ANA01,20180928,0,7:08PM,night,,,true,,197,35041,unknown,unknown,sunny,70,tocf,7,munse701,,,eddid901,westj901,fostm901,rippm901,,,colet001,fierm001,roblh001,regular,5,8,ANA,OAK,y,both,y,y,y,2018
ANA201809290,OAK,ANA,ANA01,20180929,0,6:09PM,night,,,true,,191,43762,unknown,unknown,sunny,73,tocf,8,munse701,,,westj901,fostm901,rippm901,eddid901,,,cahit001,skagt001,treib001,regular,5,2,OAK,ANA,y,both,y,y,y,2018
ANA201809300,OAK,ANA,ANA01,20180930,0,12:09PM,day,,,true,,160,36892,unknown,unknown,sunny,80,tocf,4,munse701,,,fostm901,rippm901,eddid901,westj901,,,bridp001,hatcc002,,regular,4,5,ANA,OAK,y,both,y,y,y,2018
OAK201903280,ANA,OAK,OAK01,20190328,0,1:10PM,day,,,true,,138,22691,unknown,unknown,cloudy,61,torf,16,ducam701,,,everm901,welkb901,guccc901,barrl901,,,fierm001,cahit001,,regular,0,4,OAK,ANA,y,both,y,y,y,2019
OAK201903290,ANA,OAK,OAK01,20190329,0,7:08PM,night,,,true,,172,22585,unknown,unknown,cloudy,57,torf,14,thomc701,,,welkb901,guccc901,barrl901,everm901,,,roblh001,sorij001,,regular,6,2,ANA,OAK,y,both,y,y,y,2019
OAK201903300,ANA,OAK,OAK01,20190330,0,6:07PM,night,,,true,,162,16051,unknown,unknown,sunny,63,torf,12,thomc701,,,guccc901,barrl901,everm901,mahrn901,,,andeb004,penaf002,treib001,regular,2,4,OAK,ANA,y,both,y,y,y,2019
OAK201903310,ANA,OAK,OAK01,20190331,0,1:07PM,day,,,true,,160,23265,unknown,unknown,sunny,68,torf,8,dybdc701,,,barrl901,everm901,mahrn901,guccc901,,,montf001,skagt001,treib001,regular,1,2,OAK,ANA,y,both,y,y,y,2019
SEA201904010,ANA,SEA,SEA03,20190401,0,7:10PM,night,,,true,,200,14459,unknown,unknown,cloudy,66,fromlf,2,radoe701,,,wegnm901,reynj901,porta901,sches901,,,hernf002,strac001,eliar001,regular,3,6,SEA,ANA,y,both,y,y,y,2019
SEA201904020,ANA,SEA,SEA03,20190402,0,7:10PM,night,,,true,,136,13547,unknown,unknown,cloudy,63,tolf,1,padud701,,,reynj901,porta901,sches901,wegnm901,,,gonzm005,garcl005,swara001,regular,1,2,SEA,ANA,y,both,y,y,y,2019
ANA201904040,TEX,ANA,ANA01,20190404,0,7:08PM,night,,,true,,229,42027,unknown,unknown,overcast,61,tolf,6,munse701,,,rackd901,vanol901,marqa901,belld901,,,sprij001,harvm001,,regular,11,4,TEX,ANA,y,both,y,y,y,2019
ANA201904050,TEX,ANA,ANA01,20190405,0,7:09PM,night,,,true,,172,41089,unknown,unknown,cloudy,63,rtol,8,munse701,,,vanol901,marqa901,belld901,rackd901,,,andej005,lynnl001,allec002,regular,1,3,ANA,TEX,y,both,y,y,y,2019
ANA201904060,TEX,ANA,ANA01,20190406,0,1:08PM,day,,,true,,202,31747,unknown,unknown,cloudy,68,rtol,8,munse701,,,marqa901,belld901,rackd901,vanol901,,,skagt001,smyld001,,regular,1,5,ANA,TEX,y,both,y,y,y,2019
ANA201904070,TEX,ANA,ANA01,20190407,0,1:07PM,day,,,true,,210,42076,unknown,unknown,cloudy,75,torf,6,munse701,,,belld901,rackd901,vanol901,marqa901,,,andej005,mills001,,regular,2,7,ANA,TEX,y,both,y,y,y,2019
ANA201904080,MIL,ANA,ANA01,20190408,0,7:07PM,night,,,true,,160,28571,unknown,unknown,cloudy,77,rtol,7,johnc701,,,hamaa901,hallt901,cuzzp901,ticht901,,,cahit001,chacj001,allec002,regular,2,5,ANA,MIL,y,both,y,y,y,2019
ANA201904090,MIL,ANA,ANA01,20190409,0,7:07PM,night,,,true,,230,28793,unknown,unknown,sunny,70,ltor,11,munse701,,,hallt901,cuzzp901,ticht901,hamaa901,,,bedrc001,claua001,allec002,regular,8,11,ANA,MIL,y,both,y,y,y,2019
ANA201904100,MIL,ANA,ANA01,20190410,0,7:08PM,night,,,true,,180,34446,unknown,unknown,sunny,70,torf,9,franm701,,,cuzzp901,hamaa901,blakr901,ticht901,,,barrj003,woodb005,roblh001,regular,2,4,ANA,MIL,y,both,y,y,y,2019
CHN201904120,ANA,CHN,CHI11,20190412,0,1:21PM,day,,,false,,149,30102,unknown,unknown,cloudy,50,tocf,19,frisd701,,,morag901,mealj901,kulpr901,fostm901,,,hamec001,skagt001,,regular,1,5,CHN,ANA,y,both,y,y,y,2019
CHN201904130,ANA,CHN,CHI11,20190413,0,1:21PM,day,,,false,,236,38755,unknown,unknown,sunny,50,torf,15,frisd701,,,mealj901,kulpr901,fostm901,morag901,,,buttt001,hendk001,allec002,regular,6,5,ANA,CHN,y,both,y,y,y,2019
TEX201904150,ANA,TEX,ARL02,20190415,0,7:06PM,night,,,true,,206,18265,unknown,unknown,cloudy,76,fromrf,18,bumpl701,,,gibsg901,torrc901,rehaj901,davig901,,,dowdk001,bedrc001,leclj001,regular,7,12,TEX,ANA,y,both,y,y,y,2019
TEX201904160,ANA,TEX,ARL02,20190416,0,7:09PM,night,,,true,,151,17704,unknown,unknown,cloudy,74,rtol,15,bumpl701,,,torrc901,rehaj901,davig901,gibsg901,,,minom001,barrj003,,regular,0,5,TEX,ANA,y,both,y,y,y,2019
TEX201904170,ANA,TEX,ARL02,20190417,0,7:07PM,night,,,true,,199,16691,unknown,unknown,sunny,80,fromrf,14,wells701,,,rehaj901,davig901,gibsg901,torrc901,,,lynnl001,harvm001,leclj001,regular,4,5,TEX,ANA,y,both,y,y,y,2019
ANA201904180,SEA,ANA,ANA01,20190418,0,7:08PM,night,,,true,,239,33592,unknown,unknown,sunny,77,tocf,7,franm701,,,demud901,herna901,hicke901,mahrn901,,,swara001,allec002,eliar001,regular,11,10,SEA,ANA,y,both,y,y,y,2019
ANA201904190,SEA,ANA,ANA01,20190419,0,7:09PM,night,,,true,,184,41021,unknown,unknown,cloudy,64,rtol,8,munse701,,,herna901,hicke901,mahrn901,demud901,,,rossz001,allec002,eliar001,regular,5,3,SEA,ANA,y,both,y,y,y,2019
ANA201904200,SEA,ANA,ANA01,20190420,0,6:07PM,night,,,true,,221,41147,unknown,unknown,cloudy,63,torf,9,munse701,,,hicke901,mahrn901,demud901,herna901,,,kikuy001,cahit001,swara001,regular,6,5,SEA,ANA,y,both,y,y,y,2019
ANA201904210,SEA,ANA,ANA01,20190421,0,1:10PM,day,,,true,,171,34155,unknown,unknown,cloudy,68,ltor,5,munse701,,,mahrn901,demud901,herna901,hicke901,,,barrj003,leakm001,garcl005,regular,6,8,ANA,SEA,y,both,y,y,y,2019
ANA201904220,NYA,ANA,ANA01,20190422,0,7:08PM,night,,,true,,275,35403,unknown,unknown,cloudy,67,rtol,7,munse701,,,everm901,welkb901,guccc901,blakr901,,,holdj002,bardl001,,regular,4,3,NYA,ANA,y,both,y,y,y,2019
ANA201904230,NYA,ANA,ANA01,20190423,0,7:08PM,night,,,true,,192,38016,unknown,unknown,sunny,68,tolf,6,munse701,,,welkb901,guccc901,blakr901,everm901,,,germd001,strac001,britz001,regular,7,5,NYA,ANA,y,both,y,y,y,2019
ANA201904240,NYA,ANA,ANA01,20190424,0,7:08PM,night,,,true,,209,37928,unknown,unknown,sunny,70,rtol,7,munse701,,,guccc901,blakr901,everm901,welkb901,,,loaij001,buttt001,chapa001,regular,6,5,NYA,ANA,y,both,y,y,y,2019
ANA201904250,NYA,ANA,ANA01,20190425,0,6:07PM,night,,,true,,229,39584,unknown,unknown,sunny,71,tocf,4,munse701,,,blakr901,everm901,welkb901,guccc901,,,ramin002,tanam001,,regular,5,11,ANA,NYA,y,both,y,y,y,2019
KCA201904260,ANA,KCA,KAN06,20190426,0,7:17PM,night,,,true,,186,23186,unknown,unknown,cloudy,68,ltor,8,boycd701,,,bakej902,laynj901,whitc901,wendh902,,,skagt001,duffd001,,regular,5,1,ANA,KCA,y,both,y,y,y,2019
KCA201904270,ANA,KCA,KAN06,20190427,0,6:16PM,night,,,true,,220,18755,unknown,unknown,cloudy,56,ltor,17,boycd701,,,laynj901,whitc901,wendh902,bakej902,,,barls001,barrj003,,regular,4,9,KCA,ANA,y,both,y,y,y,2019
KCA201904280,ANA,KCA,KAN06,20190428,0,1:16PM,day,,,true,,182,21549,unknown,unknown,overcast,52,rtol,12,boycd701,,,whitc901,wendh902,bakej902,laynj901,,,harvm001,bailh001,,regular,7,3,ANA,KCA,y,both,y,y,y,2019
ANA201904300,TOR,ANA,ANA01,20190430,0,7:08PM,night,,,true,,176,38797,unknown,unknown,cloudy,63,tolf,8,munse701,,,gibsh902,carlm901,barrs901,gormb901,,,buttt001,teper001,roblh001,regular,3,4,ANA,TOR,y,both,y,y,y,2019
ANA201905010,TOR,ANA,ANA01,20190501,0,7:10PM,night,,,true,,212,33082,unknown,unknown,sunny,66,rtol,8,johnc701,,,carlm901,barrs901,gormb901,gibsh902,,,penaf002,strom001,buttt001,regular,3,6,ANA,TOR,y,both,y,y,y,2019
ANA201905020,TOR,ANA,ANA01,20190502,0,7:10PM,night,,,true,,181,40064,unknown,unknown,sunny,67,rtol,4,franm701,,,barrs901,gormb901,gibsh902,carlm901,,,skagt001,sanca006,,regular,2,6,ANA,TOR,y,both,y,y,y,2019
ANA201905040,HOU,ANA,MNT01,20190504,0,6:11PM,night,,,true,,195,18177,unknown,unknown,overcast,82,ltor,13,munse701,,,barkl901,lentn901,barrt901,danlk901,,,milew001,cahit001,,regular,14,2,HOU,ANA,y,both,y,y,y,2019
ANA201905050,HOU,ANA,MNT01,20190505,0,3:11PM,day,,,true,,184,17614,unknown,unknown,cloudy,80,ltor,12,munse701,,,tumpj901,barrt901,danlk901,lentn901,,,verlj001,harvm001,,regular,10,4,HOU,ANA,y,both,y,y,y,2019
DET201905070,ANA,DET,DET05,20190507,0,7:10PM,night,,,true,,179,14169,unknown,unknown,cloudy,51,ltor,9,klonc701,,,sches901,wegnm901,porta901,dejer901,,,canng001,norrd002,roblh001,regular,5,2,ANA,DET,y,both,y,y,y,2019
DET201905080,ANA,DET,DET05,20190508,0,7:10PM,night,,,true,,173,13224,unknown,unknown,cloudy,58,fromlf,16,klonc701,,,wegnm901,porta901,dejer901,sches901,,,boydm001,skagt001,,regular,3,10,DET,ANA,y,both,y,y,y,2019
DET201905090,ANA,DET,DET05,20190509,0,2:03PM,day,,,true,,164,16404,unknown,unknown,cloudy,68,ltor,6,klonc701,,,porta901,dejer901,sches901,wegnm901,,,penaf002,carpr001,,regular,13,0,ANA,DET,y,both,y,y,y,2019
BAL201905100,ANA,BAL,BAL12,20190510,0,7:08PM,night,,,true,,184,14495,unknown,unknown,overcast,73,tocf,6,hennj701,,,hallt901,hamaa901,mahrn901,ticht901,,,cahit001,strad003,,regular,8,3,ANA,BAL,y,both,y,y,y,2019
BAL201905110,ANA,BAL,BAL12,20190511,0,4:06PM,day,,,true,,214,21106,unknown,unknown,overcast,68,fromcf,5,hennj701,,,hamaa901,mahrn901,ticht901,hallt901,,,bardl001,bundd001,,regular,7,2,ANA,BAL,y,both,y,y,y,2019
BAL201905120,ANA,BAL,BAL12,20190512,0,3:47PM,day,,,true,,188,16387,unknown,unknown,overcast,54,fromrf,5,jacom701,,,mahrn901,ticht901,hallt901,hamaa901,,,meanj001,canng001,,regular,1,5,BAL,ANA,y,both,y,y,y,2019
MIN201905130,ANA,MIN,MIN04,20190513,0,6:41PM,night,,,true,,194,21359,unknown,unknown,cloudy,66,tolf,8,thors701,,,littw901,westj901,coope901,fleta901,,,skagt001,berrj001,roblh001,regular,5,4,ANA,MIN,y,both,y,y,y,2019
MIN201905140,ANA,MIN,MIN04,20190514,0,6:40PM,night,,,true,,186,26747,unknown,unknown,cloudy,72,tolf,9,wongg701,,,westj901,coope901,fleta901,littw901,,,gibsk002,bedrc001,parkb001,regular,3,4,MIN,ANA,y,both,y,y,y,2019
MIN201905150,ANA,MIN,MIN04,20190515,0,12:12PM,day,,,true,,221,31919,unknown,unknown,cloudy,69,ltor,3,thors701,,,coope901,fleta901,littw901,westj901,,,odorj001,cahit001,morim002,regular,7,8,MIN,ANA,y,both,y,y,y,2019
ANA201905170,KCA,ANA,ANA01,20190517,0,7:08PM,night,,,true,,197,43444,unknown,unknown,sunny,66,tocf,7,munse701,,,barrl901,guccc901,everm901,welkb901,,,harvm001,kellb003,roblh001,regular,2,5,ANA,KCA,y,both,y,y,y,2019
ANA201905180,KCA,ANA,ANA01,20190518,0,7:08PM,night,,,true,,162,43415,unknown,unknown,cloudy,64,torf,4,munse701,,,guccc901,everm901,welkb901,barrl901,,,canng001,junij001,buttt001,regular,3,6,ANA,KCA,y,both,y,y,y,2019
ANA201905190,KCA,ANA,ANA01,20190519,0,1:09PM,day,,,true,,201,43329,unknown,unknown,cloudy,61,rtol,6,munse701,,,everm901,welkb901,barrl901,guccc901,,,duffd001,skagt001,,regular,5,1,KCA,ANA,y,both,y,y,y,2019
ANA201905200,MIN,ANA,ANA01,20190520,0,7:09PM,night,,,true,,208,34177,unknown,unknown,sunny,65,rtol,8,johnc701,,,cedeg901,hudsm901,johna901,wolcq901,,,roget001,buttt001,parkb001,regular,3,1,MIN,ANA,y,both,y,y,y,2019
ANA201905210,MIN,ANA,ANA01,20190521,0,7:07PM,night,,,true,,207,32316,unknown,unknown,cloudy,63,tocf,8,franm701,,,hudsm901,johna901,wolcq901,cedeg901,,,pinem001,bardl001,,regular,8,3,MIN,ANA,y,both,y,y,y,2019
ANA201905230,MIN,ANA,ANA01,20190523,0,1:08PM,day,,,true,,207,30992,unknown,unknown,cloudy,64,tocf,9,munse701,,,johna901,wolcq901,cedeg901,hudsm901,,,perem004,harvm001,,regular,16,7,MIN,ANA,y,both,y,y,y,2019
ANA201905240,TEX,ANA,ANA01,20190524,0,7:08PM,night,,,true,,193,43806,unknown,unknown,sunny,68,rtol,7,johnc701,,,wegnm901,porta901,ortir901,sches901,,,smyld001,bedrc001,kells001,regular,4,3,TEX,ANA,y,both,y,y,y,2019
ANA201905250,TEX,ANA,ANA01,20190525,0,7:10PM,night,,,true,,191,36392,unknown,unknown,sunny,64,tocf,8,munse701,,,porta901,ortir901,sches901,wegnm901,,,roblh001,kells001,,regular,2,3,ANA,TEX,y,both,y,y,y,2019
ANA201905260,TEX,ANA,ANA01,20190526,0,1:08PM,day,,,true,,207,39406,unknown,unknown,cloudy,60,tocf,7,munse701,,,ortir901,sches901,wegnm901,porta901,,,garcl005,sprij001,andej005,regular,6,7,ANA,TEX,y,both,y,y,y,2019
OAK201905270,ANA,OAK,OAK01,20190527,0,1:07PM,day,,,true,,186,20409,unknown,unknown,cloudy,59,torf,12,thomc701,,,onorb901,hoyej901,rippm901,woodt901,,,bassc001,cahit001,treib001,regular,5,8,OAK,ANA,y,both,y,y,y,2019
OAK201905280,ANA,OAK,OAK01,20190528,0,7:07PM,night,,,true,,212,21583,unknown,unknown,cloudy,60,torf,14,thomc701,,,hoyej901,rippm901,woodt901,onorb901,,,buttt001,sorij001,roblh001,regular,6,4,ANA,OAK,y,both,y,y,y,2019
OAK201905290,ANA,OAK,OAK01,20190529,0,12:39PM,day,,,true,,276,21185,unknown,unknown,sunny,69,torf,6,feldd701,,,rippm901,woodt901,onorb901,hoyej901,,,ramin002,trivl001,,regular,12,7,ANA,OAK,y,both,y,y,y,2019
SEA201905300,ANA,SEA,SEA03,20190530,0,7:10PM,night,,,true,,201,13978,unknown,unknown,sunny,73,ltor,2,radoe701,,,dejer901,barkl901,barrt901,tumpj901,,,penaf002,kikuy001,,regular,9,3,ANA,SEA,y,both,y,y,y,2019
SEA201905310,ANA,SEA,SEA03,20190531,0,7:10PM,night,,,true,,155,32167,unknown,unknown,dome,74,unknown,0,padud701,,,barkl901,barrt901,tumpj901,dejer901,,,leakm001,skagt001,bassa001,regular,3,4,SEA,ANA,y,both,y,y,y,2019
SEA201906010,ANA,SEA,SEA03,20190601,0,4:16PM,day,,,true,,196,28112,unknown,unknown,cloudy,73,tocf,2,padud701,,,barrt901,tumpj901,dejer901,barkl901,,,bedrc001,brenb003,roblh001,regular,6,3,ANA,SEA,y,both,y,y,y,2019
SEA201906020,ANA,SEA,SEA03,20190602,0,1:10PM,day,,,true,,202,28905,unknown,unknown,sunny,70,tolf,0,radoe701,,,tumpj901,dejer901,barkl901,barrt901,,,suarj001,gonzm005,,regular,13,3,ANA,SEA,y,both,y,y,y,2019
CHN201906030,ANA,CHN,CHI11,20190603,0,3:06PM,day,,,false,,180,39843,unknown,unknown,cloudy,62,fromrf,5,seipb701,,,mealj901,kulpr901,morag901,fostm901,,,lestj001,cahit001,,regular,1,8,CHN,ANA,y,both,y,y,y,2019
ANA201906040,OAK,ANA,ANA01,20190604,0,7:08PM,night,,,true,,184,36009,unknown,unknown,sunny,67,tolf,8,munse701,,,fleta901,littw901,danlk901,coope901,,,montf001,canng001,treib001,regular,4,2,OAK,ANA,y,both,y,y,y,2019
ANA201906050,OAK,ANA,ANA01,20190605,0,7:08PM,night,,,true,,253,36065,unknown,unknown,sunny,67,rtol,8,johnc701,,,littw901,danlk901,coope901,fleta901,,,roblh001,trivl001,,regular,9,10,ANA,OAK,y,both,y,y,y,2019
ANA201906060,OAK,ANA,ANA01,20190606,0,7:09PM,night,,,true,,206,34109,unknown,unknown,cloudy,65,tolf,12,munse701,,,danlk901,coope901,fleta901,littw901,,,fierm001,skagt001,,regular,7,4,OAK,ANA,y,both,y,y,y,2019
ANA201906070,SEA,ANA,ANA01,20190607,0,7:08PM,night,,,true,,201,41495,unknown,unknown,cloudy,68,tocf,9,munse701,,,mealj901,kulpr901,rehaj901,morag901,,,gonzm005,heana001,,regular,6,2,SEA,ANA,y,both,y,y,y,2019
ANA201906080,SEA,ANA,ANA01,20190608,0,7:08PM,night,,,true,,188,40569,unknown,unknown,sunny,71,tocf,7,franm701,,,kulpr901,rehaj901,morag901,mealj901,,,peted001,kikuy001,,regular,3,12,ANA,SEA,y,both,y,y,y,2019
ANA201906090,SEA,ANA,ANA01,20190609,0,1:07PM,day,,,true,,197,41614,unknown,unknown,sunny,80,tocf,8,munse701,,,rehaj901,morag901,mealj901,kulpr901,,,leblw001,suarj001,,regular,9,3,SEA,ANA,y,both,y,y,y,2019
ANA201906100,LAN,ANA,ANA01,20190610,0,7:08PM,night,,,true,,199,45477,unknown,unknown,cloudy,85,torf,5,munse701,,,cuzzp901,lentn901,hamaa901,ticht901,,,buttt001,kellj001,roblh001,regular,3,5,ANA,LAN,y,both,y,y,y,2019
ANA201906110,LAN,ANA,ANA01,20190611,0,7:07PM,night,,,true,,231,45404,unknown,unknown,cloudy,77,tocf,11,munse701,,,lentn901,hamaa901,ticht901,cuzzp901,,,penaf002,maedk001,roblh001,regular,3,5,ANA,LAN,y,both,y,y,y,2019
TBA201906130,ANA,TBA,STP01,20190613,0,7:10PM,night,,,true,,175,15291,dry,none,dome,72,unknown,0,lantj701,,,conrc901,hoyej901,eddid901,addir901,,,skagt001,yarbr001,bedrc001,regular,5,3,ANA,TBA,y,both,y,y,y,2019
TBA201906140,ANA,TBA,STP01,20190614,0,7:10PM,night,,,true,,236,21598,dry,none,dome,72,unknown,0,clodt701,,,hoyej901,eddid901,addir901,conrc901,,,pagae001,buttt001,,regular,4,9,TBA,ANA,y,both,y,y,y,2019
TBA201906150,ANA,TBA,STP01,20190615,0,1:11PM,day,,,true,,160,22320,dry,none,dome,72,unknown,0,clodt701,,,eddid901,addir901,conrc901,hoyej901,,,suarj001,mortc002,roblh001,regular,5,3,ANA,TBA,y,both,y,y,y,2019
TBA201906160,ANA,TBA,STP01,20190616,0,1:10PM,day,,,true,,187,20508,dry,none,dome,72,unknown,0,mathb701,,,addir901,conrc901,hoyej901,eddid901,,,pochc001,canng001,castd002,regular,5,6,TBA,ANA,y,both,y,y,y,2019
TOR201906170,ANA,TOR,TOR02,20190617,0,7:07PM,night,,,true,,186,16486,unknown,unknown,cloudy,64,rtol,8,starh701,,,drakr901,muchm901,wintm901,timmt901,,,penaf002,jacke001,,regular,10,5,ANA,TOR,y,both,y,y,y,2019
TOR201906180,ANA,TOR,TOR02,20190618,0,7:08PM,night,,,true,,150,17259,unknown,unknown,sunny,70,tocf,3,starh701,,,muchm901,wintm901,timmt901,drakr901,,,skagt001,strom001,roblh001,regular,3,1,ANA,TOR,y,both,y,y,y,2019
TOR201906190,ANA,TOR,TOR02,20190619,0,7:08PM,night,,,true,,226,16225,unknown,unknown,sunny,70,rtol,7,moreh701,,,wintm901,timmt901,drakr901,muchm901,,,ramin002,sanca006,,regular,11,6,ANA,TOR,y,both,y,y,y,2019
TOR201906200,ANA,TOR,TOR02,20190620,0,7:06PM,night,,,true,,214,24291,unknown,unknown,dome,68,unknown,0,starh701,,,timmt901,drakr901,muchm901,wintm901,,,kingn001,buttt001,,regular,5,7,TOR,ANA,y,both,y,y,y,2019
SLN201906210,ANA,SLN,STL10,20190621,0,7:16PM,night,,,false,,204,48423,unknown,unknown,cloudy,68,fromrf,13,muelg701,,,barkl901,barrt901,herna901,tumpj901,,,wachm001,canng001,,regular,1,5,SLN,ANA,y,both,y,y,y,2019
SLN201906220,ANA,SLN,STL10,20190622,0,1:31PM,day,,,false,,179,46711,unknown,unknown,overcast,72,tolf,13,muelg701,,,barrt901,herna901,tumpj901,barkl901,,,hudsd002,penaf002,webbt001,regular,2,4,SLN,ANA,y,both,y,y,y,2019
SLN201906230,ANA,SLN,STL10,20190623,0,6:09PM,night,,,false,,222,47114,unknown,unknown,overcast,73,tolf,4,durbj701,,,herna901,tumpj901,barkl901,barrt901,,,skagt001,mikom001,,regular,6,4,ANA,SLN,y,both,y,y,y,2019
ANA201906250,CIN,ANA,ANA01,20190625,0,7:08PM,night,,,true,,176,37260,unknown,unknown,overcast,65,torf,8,munse701,,,danlk901,hobep901,davig901,dejer901,,,heana001,mahlt001,,regular,1,5,ANA,CIN,y,both,y,y,y,2019
ANA201906260,CIN,ANA,ANA01,20190626,0,5:08PM,night,,,true,,162,35272,unknown,unknown,sunny,73,rtol,9,johnc701,,,hobep901,davig901,dejer901,danlk901,,,bedrc001,igler001,,regular,1,5,ANA,CIN,y,both,y,y,y,2019
ANA201906270,OAK,ANA,ANA01,20190627,0,7:07PM,night,,,true,,166,40231,unknown,unknown,sunny,72,tocf,9,munse701,,,cuzzp901,viscj901,nelsj901,bakej902,,,canng001,andet003,,regular,3,8,ANA,OAK,y,both,y,y,y,2019
ANA201906280,OAK,ANA,ANA01,20190628,0,7:08PM,night,,,true,,195,41913,unknown,unknown,sunny,75,tolf,9,munse701,,,viscj901,nelsj901,bakej902,cuzzp901,,,fierm001,ramin002,,regular,7,2,OAK,ANA,y,both,y,y,y,2019
ANA201906290,OAK,ANA,ANA01,20190629,0,7:08PM,night,,,true,,165,41447,unknown,unknown,cloudy,76,tocf,7,franm701,,,nelsj901,bakej902,cuzzp901,viscj901,,,andeb004,skagt001,,regular,4,0,OAK,ANA,y,both,y,y,y,2019
ANA201906300,OAK,ANA,ANA01,20190630,0,1:07PM,day,,,true,,198,37668,unknown,unknown,sunny,84,tocf,8,munse701,,,bakej902,cuzzp901,viscj901,nelsj901,,,bassc001,heana001,,regular,12,3,OAK,ANA,y,both,y,y,y,2019
TEX201907020,ANA,TEX,ARL02,20190702,0,7:07PM,night,,,true,,252,20931,unknown,unknown,sunny,90,rtol,10,ruddw701,,,kulpr901,fostm901,woodt901,morag901,,,cahit001,fairp001,,regular,9,4,ANA,TEX,y,both,y,y,y,2019
TEX201907030,ANA,TEX,ARL02,20190703,0,7:08PM,night,,,true,,175,28998,unknown,unknown,cloudy,90,fromcf,12,porzg701,,,fostm901,woodt901,morag901,kulpr901,,,barrj003,juraa001,,regular,6,2,ANA,TEX,y,both,y,y,y,2019
TEX201907040,ANA,TEX,ARL02,20190704,0,7:08PM,night,,,true,,207,45556,unknown,unknown,cloudy,90,fromrf,13,porzg701,,,woodt901,morag901,kulpr901,fostm901,,,lynnl001,canng001,,regular,3,9,TEX,ANA,y,both,y,y,y,2019
HOU201907050,ANA,HOU,HOU03,20190705,0,7:11PM,night,,,true,,174,41219,unknown,unknown,dome,73,unknown,0,wilkt701,,,libkj901,fairc901,estam901,drecb901,,,penaf002,verlj001,roblh001,regular,5,4,ANA,HOU,y,both,y,y,y,2019
HOU201907060,ANA,HOU,HOU03,20190706,0,6:15PM,night,,,true,,164,39470,unknown,unknown,dome,73,unknown,0,blour701,,,fairc901,estam901,drecb901,libkj901,,,coleg001,heana001,,regular,0,4,HOU,ANA,y,both,y,y,y,2019
HOU201907070,ANA,HOU,HOU03,20190707,0,1:10PM,day,,,true,,289,37264,unknown,unknown,dome,73,unknown,0,porzg701,,,estam901,drecb901,libkj901,fairc901,,,presr001,colet001,,regular,10,11,HOU,ANA,y,both,y,y,y,2019
ANA201907120,SEA,ANA,ANA01,20190712,0,7:18PM,night,,,true,,174,43140,unknown,unknown,sunny,79,rtol,7,munse701,,,nauep901,buckc901,dejer901,reybd901,,,penaf002,leakm001,,regular,0,13,ANA,SEA,y,both,y,y,y,2019
ANA201907130,SEA,ANA,ANA01,20190713,0,6:08PM,night,,,true,,187,41549,unknown,unknown,sunny,76,tocf,11,munse701,,,buckc901,dejer901,reybd901,nauep901,,,harvm001,leblw001,,regular,2,9,ANA,SEA,y,both,y,y,y,2019
ANA201907140,SEA,ANA,ANA01,20190714,0,1:08PM,day,,,true,,208,38560,unknown,unknown,sunny,82,tocf,10,munse701,,,dejer901,reybd901,nauep901,buckc901,,,buttt001,bassa001,roblh001,regular,3,6,ANA,SEA,y,both,y,y,y,2019
ANA201907150,HOU,ANA,ANA01,20190715,0,7:08PM,night,,,true,,205,35431,unknown,unknown,sunny,79,tocf,8,munse701,,,reynj901,sches901,wegnm901,porta901,,,andej005,valdf001,roblh001,regular,6,9,ANA,HOU,y,both,y,y,y,2019
ANA201907160,HOU,ANA,ANA01,20190716,0,7:08PM,night,,,true,,213,42678,unknown,unknown,sunny,74,tolf,8,munse701,,,sches901,wegnm901,porta901,reynj901,,,ramin002,rondh001,,regular,2,7,ANA,HOU,y,both,y,y,y,2019
ANA201907170,HOU,ANA,ANA01,20190717,0,7:09PM,night,,,true,,177,35738,unknown,unknown,sunny,71,tocf,12,munse701,,,wegnm901,porta901,dejer901,sches901,,,coleg001,penaf002,,regular,11,2,HOU,ANA,y,both,y,y,y,2019
ANA201907180,HOU,ANA,ANA01,20190718,0,6:08PM,night,,,true,,155,35928,unknown,unknown,sunny,77,tolf,11,franm701,,,porta901,reynj901,sches901,wegnm901,,,milew001,harvm001,,regular,6,2,HOU,ANA,y,both,y,y,y,2019
SEA201907190,ANA,SEA,SEA03,20190719,0,7:10PM,night,,,true,,152,19994,unknown,unknown,sunny,70,torf,6,padud701,,,carav901,bakej902,hudsm901,lentn901,,,leakm001,barrj003,,regular,0,10,SEA,ANA,y,both,y,y,y,2019
SEA201907200,ANA,SEA,SEA03,20190720,0,6:10PM,night,,,true,,203,30941,unknown,unknown,sunny,77,torf,2,bechj701,,,bakej902,hudsm901,lentn901,carav901,,,buttt001,eliar001,,regular,6,2,ANA,SEA,y,both,y,y,y,2019
SEA201907210,ANA,SEA,SEA03,20190721,0,1:10PM,day,,,true,,195,25984,unknown,unknown,sunny,79,torf,2,padud701,,,hudsm901,lentn901,carav901,bakej902,,,peted001,kikuy001,,regular,9,3,ANA,SEA,y,both,y,y,y,2019
LAN201907230,ANA,LAN,LOS03,20190723,0,7:11PM,night,,,false,,234,53725,unknown,unknown,sunny,82,tocf,5,munse701,,,barbs901,iassd901,holbs901,gonzm901,,,penaf002,maedk001,roblh001,regular,5,4,ANA,LAN,y,both,y,y,y,2019
LAN201907240,ANA,LAN,LOS03,20190724,0,7:11PM,night,,,false,,195,53731,unknown,unknown,cloudy,83,tocf,4,munse701,,,iassd901,holbs901,gonzm901,barbs901,,,barrj003,strir001,roblh001,regular,3,2,ANA,LAN,y,both,y,y,y,2019
ANA201907250,BAL,ANA,ANA01,20190725,0,7:08PM,night,,,true,,379,36214,unknown,unknown,sunny,88,tocf,10,johnc701,,,randt901,diazl901,blasc901,nelsj901,,,scott003,canng001,wilks001,regular,10,8,BAL,ANA,y,both,y,y,y,2019
ANA201907260,BAL,ANA,ANA01,20190726,0,7:08PM,night,,,true,,180,38852,unknown,unknown,sunny,83,tocf,10,munse701,,,diazl901,blasc901,nelsj901,randt901,,,wojca001,tropn001,,regular,9,3,BAL,ANA,y,both,y,y,y,2019
ANA201907270,BAL,ANA,ANA01,20190727,0,6:07PM,night,,,true,,204,42289,unknown,unknown,sunny,86,rtol,8,munse701,,,blasc901,nelsj901,randt901,diazl901,,,bleir001,buttt001,givem001,regular,8,7,BAL,ANA,y,both,y,y,y,2019
ANA201907280,BAL,ANA,ANA01,20190728,0,1:09PM,day,,,true,,182,35447,unknown,unknown,cloudy,82,tocf,8,munse701,,,nelsj901,diazl901,(none),blasc901,,,colet001,givem001,,regular,4,5,ANA,BAL,y,both,y,y,y,2019
ANA201907290,DET,ANA,ANA01,20190729,0,7:08PM,night,,,true,,173,35457,unknown,unknown,sunny,77,tolf,9,johnc701,,,kulpr901,morag901,mealj901,libkj901,,,zimmj003,barrj003,,regular,7,2,DET,ANA,y,both,y,y,y,2019
ANA201907300,DET,ANA,ANA01,20190730,0,7:08PM,night,,,true,,172,33907,unknown,unknown,cloudy,75,rtol,10,franm701,,,morag901,mealj901,libkj901,kulpr901,,,canng001,verhd001,,regular,1,6,ANA,DET,y,both,y,y,y,2019
ANA201907310,DET,ANA,ANA01,20190731,0,1:09PM,day,,,true,,176,37511,unknown,unknown,sunny,81,tocf,10,munse701,,,mealj901,libkj901,kulpr901,morag901,,,norrd002,suarj001,,regular,9,1,DET,ANA,y,both,y,y,y,2019
CLE201908020,ANA,CLE,CLE08,20190802,0,7:10PM,night,,,true,,175,28386,unknown,unknown,sunny,79,fromrf,9,maveb701,,,gormb901,blakr901,carlm901,gibsh902,,,clevm001,colet001,,regular,3,7,CLE,ANA,y,both,y,y,y,2019
CLE201908030,ANA,CLE,CLE08,20190803,0,7:10PM,night,,,true,,179,31222,unknown,unknown,sunny,78,fromrf,6,maveb701,,,blakr901,carlm901,gibsh902,gormb901,,,pluta001,cahit001,,regular,2,7,CLE,ANA,y,both,y,y,y,2019
CLE201908040,ANA,CLE,CLE08,20190804,0,1:11PM,day,,,true,,180,26099,unknown,unknown,sunny,82,fromlf,9,brosc701,,,carlm901,gibsh902,gormb901,blakr901,,,biebs001,barrj003,,regular,2,6,CLE,ANA,y,both,y,y,y,2019
CIN201908050,ANA,CIN,CIN09,20190805,0,7:12PM,night,,,false,,187,21895,unknown,unknown,sunny,89,tolf,4,camem701,,,barrt901,tumpj901,barkl901,bacoj901,,,castl003,colet001,igler001,regular,4,7,CIN,ANA,y,both,y,y,y,2019
CIN201908060,ANA,CIN,CIN09,20190806,0,7:12PM,night,,,false,,188,19288,unknown,unknown,overcast,78,ltor,5,sherb701,,,tumpj901,barkl901,bacoj901,barrt901,,,desca001,suarj001,,regular,4,8,CIN,ANA,y,both,y,y,y,2019
BOS201908080,ANA,BOS,BOS07,20190808,0,7:10PM,night,,,true,,136,34744,unknown,unknown,cloudy,85,tocf,13,shalm701,,,onorb901,rippm901,hoyej901,libkj901,,,salec001,peted001,workb001,regular,0,3,BOS,ANA,y,both,y,y,y,2019
BOS201908090,ANA,BOS,BOS07,20190809,0,7:10PM,night,,,true,,213,36650,unknown,unknown,sunny,84,torf,13,ellib701,,,rippm901,hoyej901,libkj901,onorb901,,,waldm002,barrj003,,regular,4,16,BOS,ANA,y,both,y,y,y,2019
BOS201908100,ANA,BOS,BOS07,20190810,0,4:07PM,day,,,true,,208,36390,unknown,unknown,cloudy,82,ltor,17,shalm701,,,hoyej901,libkj901,onorb901,rippm901,,,colet001,porcr001,,regular,12,4,ANA,BOS,y,both,y,y,y,2019
BOS201908110,ANA,BOS,BOS07,20190811,0,1:08PM,day,,,true,,242,36709,unknown,unknown,sunny,77,torf,9,shalm701,,,libkj901,onorb901,rippm901,hoyej901,,,roblh001,weber001,,regular,5,4,ANA,BOS,y,both,y,y,y,2019
ANA201908120,PIT,ANA,ANA01,20190812,0,7:07PM,night,,,true,,188,33527,unknown,unknown,sunny,74,rtol,9,munse701,,,nelsj901,diazl901,blasc901,randt901,,,kellm003,suarj001,,regular,10,2,PIT,ANA,y,both,y,y,y,2019
ANA201908130,PIT,ANA,ANA01,20190813,0,7:08PM,night,,,true,,226,33568,unknown,unknown,sunny,78,rtol,8,johnc701,,,diazl901,blasc901,randt901,nelsj901,,,willt002,colet001,rivef001,regular,10,7,PIT,ANA,y,both,y,y,y,2019
ANA201908140,PIT,ANA,ANA01,20190814,0,5:08PM,night,,,true,,186,33544,unknown,unknown,sunny,86,tocf,9,munse701,,,blasc901,randt901,nelsj901,diazl901,,,peted001,archc001,,regular,4,7,ANA,PIT,y,both,y,y,y,2019
ANA201908150,CHA,ANA,ANA01,20190815,0,7:08PM,night,,,true,,176,33533,unknown,unknown,sunny,78,tocf,10,munse701,,,whitc901,millb901,eddid901,segac901,,,heana001,loper003,roblh001,regular,7,8,ANA,CHA,y,both,y,y,y,2019
ANA201908160,CHA,ANA,ANA01,20190816,0,7:07PM,night,,,true,,191,39206,unknown,unknown,sunny,71,tocf,12,munse701,,,millb901,eddid901,segac901,whitc901,,,gioll001,sandp002,,regular,7,2,CHA,ANA,y,both,y,y,y,2019
ANA201908170,CHA,ANA,ANA01,20190817,0,6:09PM,night,,,true,,217,39419,unknown,unknown,sunny,75,tocf,11,franm701,,,eddid901,segac901,whitc901,millb901,,,colet001,marse001,roblh001,regular,5,6,ANA,CHA,y,both,y,y,y,2019
ANA201908180,CHA,ANA,ANA01,20190818,0,1:09PM,day,,,true,,175,35436,unknown,unknown,sunny,77,tocf,6,munse701,,,segac901,whitc901,millb901,eddid901,,,canng001,ceasd001,,regular,2,9,ANA,CHA,y,both,y,y,y,2019
TEX201908190,ANA,TEX,ARL02,20190819,0,7:07PM,night,,,true,,275,17326,unknown,unknown,sunny,98,fromcf,8,bumpl701,,,hallt901,ticht901,may-b901,hamaa901,,,montr004,ramin002,,regular,7,8,TEX,ANA,y,both,y,y,y,2019
TEX201908201,ANA,TEX,ARL02,20190820,1,1:07PM,day,,,true,,168,17429,unknown,unknown,cloudy,97,rtol,9,bumpl701,,,ticht901,fleta901,hamaa901,hallt901,,,heana001,paluj001,,regular,5,1,ANA,TEX,y,both,y,y,y,2019
TEX201908202,ANA,TEX,ARL02,20190820,2,7:08PM,night,,,true,,216,15638,unknown,unknown,cloudy,98,fromcf,13,wells701,,,may-b901,hamaa901,hallt901,fleta901,,,clase001,buttt001,,regular,2,3,TEX,ANA,y,both,y,y,y,2019
TEX201908210,ANA,TEX,ARL02,20190821,0,6:07PM,night,,,true,,226,19565,unknown,unknown,cloudy,98,rtol,9,wells701,,,hamaa901,hallt901,ticht901,may-b901,,,hernj004,cahit001,,regular,7,8,TEX,ANA,y,both,y,y,y,2019
HOU201908230,ANA,HOU,HOU03,20190823,0,7:10PM,night,,,true,,187,35201,unknown,unknown,dome,73,unknown,0,wilkt701,,,sches901,porta901,wegnm901,barbs901,,,greiz001,suarj001,osunr001,regular,4,5,HOU,ANA,y,both,y,y,y,2019
HOU201908240,ANA,HOU,HOU03,20190824,0,6:10PM,night,,,true,,183,37862,unknown,unknown,dome,73,unknown,0,blour701,,,porta901,wegnm901,barbs901,sches901,,,milew001,peted001,harrw002,regular,2,5,HOU,ANA,y,both,y,y,y,2019
HOU201908250,ANA,HOU,HOU03,20190825,0,1:11PM,day,,,true,,179,38989,unknown,unknown,dome,73,unknown,0,wilkt701,,,wegnm901,barbs901,sches901,porta901,,,valdf001,barrj003,,regular,2,11,HOU,ANA,y,both,y,y,y,2019
ANA201908270,TEX,ANA,ANA01,20190827,0,7:07PM,night,,,true,,168,39008,unknown,unknown,sunny,77,tocf,11,franm701,,,drecb901,emmep901,lentn901,fairc901,,,delpm001,minom001,roblh001,regular,2,5,ANA,TEX,y,both,y,y,y,2019
ANA201908280,TEX,ANA,ANA01,20190828,0,7:08PM,night,,,true,,175,37535,unknown,unknown,sunny,76,tocf,7,johnc701,,,emmep901,lentn901,fairc901,drecb901,,,juraa001,delpm001,leclj001,regular,3,0,TEX,ANA,y,both,y,y,y,2019
ANA201908300,BOS,ANA,ANA01,20190830,0,7:08PM,night,,,true,,323,39788,unknown,unknown,sunny,81,tocf,10,munse701,,,belld901,rackd901,rehaj901,vanol901,,,casha001,cahit001,,regular,7,6,BOS,ANA,y,both,y,y,y,2019
ANA201908310,BOS,ANA,ANA01,20190831,0,6:08PM,night,,,true,,217,43036,unknown,unknown,sunny,84,torf,8,munse701,,,rackd901,rehaj901,vanol901,belld901,,,garcl005,brasr001,,regular,4,10,ANA,BOS,y,both,y,y,y,2019
ANA201909010,BOS,ANA,ANA01,20190901,0,1:09PM,day,,,true,,201,39382,unknown,unknown,cloudy,83,tocf,8,munse701,,,rehaj901,vanol901,belld901,rackd901,,,weber001,heana001,workb001,regular,4,3,BOS,ANA,y,both,y,y,y,2019
OAK201909030,ANA,OAK,OAK01,20190903,0,7:09PM,night,,,true,,184,14031,unknown,unknown,sunny,69,torf,12,santa701,,,rippm901,onorb901,hoyej901,tosia901,,,petiy001,ramin002,hendl001,regular,5,7,OAK,ANA,y,both,y,y,y,2019
OAK201909040,ANA,OAK,OAK01,20190904,0,7:07PM,night,,,true,,151,12597,unknown,unknown,sunny,67,torf,15,santa701,,,onorb901,hoyej901,tosia901,rippm901,,,roart001,sandp002,,regular,0,4,OAK,ANA,y,both,y,y,y,2019
OAK201909050,ANA,OAK,OAK01,20190905,0,12:37PM,day,,,true,,188,14013,unknown,unknown,cloudy,69,torf,10,santa701,,,hoyej901,tosia901,rippm901,onorb901,,,puk-a001,buttt001,,regular,6,10,OAK,ANA,y,both,y,y,y,2019
CHA201909060,ANA,CHA,CHI12,20190906,0,7:12PM,night,,,true,,182,20026,unknown,unknown,overcast,67,ltor,12,roseb701,,,nauep901,libkj901,torrc901,herna901,,,roblh001,coloa001,,regular,5,4,ANA,CHA,y,both,y,y,y,2019
CHA201909070,ANA,CHA,CHI12,20190907,0,6:10PM,night,,,true,,212,25230,unknown,unknown,cloudy,73,rtol,9,roseb701,,,libkj901,torrc901,herna901,nauep901,,,heana001,coved001,roblh001,regular,8,7,ANA,CHA,y,both,y,y,y,2019
CHA201909080,ANA,CHA,CHI12,20190908,0,1:11PM,day,,,true,,199,22681,unknown,unknown,cloudy,63,fromlf,8,roseb701,,,torrc901,herna901,nauep901,libkj901,,,osicj001,barrj003,,regular,1,5,CHA,ANA,y,both,y,y,y,2019
ANA201909090,CLE,ANA,ANA01,20190909,0,7:08PM,night,,,true,,191,35753,unknown,unknown,sunny,73,tocf,5,franm701,,,guccc901,welkb901,woodt901,barrl901,,,biebs001,sandp002,,regular,6,2,CLE,ANA,y,both,y,y,y,2019
ANA201909100,CLE,ANA,ANA01,20190910,0,7:08PM,night,,,true,,166,35508,unknown,unknown,cloudy,72,tocf,8,johnc701,,,welkb901,woodt901,barrl901,guccc901,,,plesz001,suarj001,,regular,8,0,CLE,ANA,y,both,y,y,y,2019
ANA201909110,CLE,ANA,ANA01,20190911,0,5:08PM,night,,,true,,204,33952,unknown,unknown,sunny,79,tocf,8,munse701,,,woodt901,barrl901,guccc901,welkb901,,,carrc003,peted001,cimba001,regular,4,3,CLE,ANA,y,both,y,y,y,2019
ANA201909130,TBA,ANA,ANA01,20190913,0,7:08PM,night,,,true,,187,39914,unknown,unknown,sunny,85,rtol,7,munse701,,,knigb901,danlk901,hobep901,davig901,,,mortc002,heana001,,regular,11,4,TBA,ANA,y,both,y,y,y,2019
ANA201909140,TBA,ANA,ANA01,20190914,0,6:09PM,night,,,true,,193,39056,unknown,unknown,sunny,88,tocf,7,munse701,,,danlk901,hobep901,davig901,knigb901,,,richt001,barrj003,pagae001,regular,3,1,TBA,ANA,y,both,y,y,y,2019
ANA201909150,TBA,ANA,ANA01,20190915,0,1:08PM,day,,,true,,174,36709,unknown,unknown,sunny,86,tocf,7,munse701,,,hobep901,davig901,knigb901,danlk901,,,ramin002,yarbr001,roblh001,regular,4,6,ANA,TBA,y,both,y,y,y,2019
NYA201909170,ANA,NYA,NYC21,20190917,0,6:39PM,night,,,true,,183,41026,unknown,unknown,sunny,74,ltor,10,karph701,,,millb901,eddid901,whitc901,viscj901,,,loaij001,ramin002,,regular,0,8,NYA,ANA,y,both,y,y,y,2019
NYA201909180,ANA,NYA,NYC21,20190918,0,6:38PM,night,,,true,,200,38106,unknown,unknown,sunny,66,torf,11,karph701,,,eddid901,whitc901,viscj901,millb901,,,bardl001,ottaa001,roblh001,regular,3,2,ANA,NYA,y,both,y,y,y,2019
NYA201909190,ANA,NYA,NYC21,20190919,0,6:38PM,night,,,true,,159,42056,unknown,unknown,sunny,68,rtol,5,karph701,,,whitc901,viscj901,millb901,eddid901,,,tanam001,heana001,,regular,1,9,NYA,ANA,y,both,y,y,y,2019
HOU201909200,ANA,HOU,HOU03,20190920,0,7:10PM,night,,,true,,169,40106,unknown,unknown,dome,73,unknown,0,blour701,,,estam901,blakr901,fairc901,danlk901,,,greiz001,barrj003,osunr001,regular,4,6,HOU,ANA,y,both,y,y,y,2019
HOU201909210,ANA,HOU,HOU03,20190921,0,6:10PM,night,,,true,,203,43264,unknown,unknown,dome,73,unknown,0,blour701,,,blakr901,fairc901,danlk901,estam901,,,bardl001,milew001,,regular,8,4,ANA,HOU,y,both,y,y,y,2019
HOU201909220,ANA,HOU,HOU03,20190922,0,1:11PM,day,,,true,,212,43169,unknown,unknown,dome,73,unknown,0,porzg701,,,fairc901,danlk901,estam901,blakr901,,,verlj001,rodrj006,,regular,5,13,HOU,ANA,y,both,y,y,y,2019
ANA201909240,OAK,ANA,ANA01,20190924,0,7:06PM,night,,,true,,172,34505,unknown,unknown,sunny,81,tolf,5,munse701,,,muchm901,drakr901,timmt901,addir901,,,peted001,bailh001,roblh001,regular,2,3,ANA,OAK,y,both,y,y,y,2019
ANA201909250,OAK,ANA,ANA01,20190925,0,7:08PM,night,,,true,,209,36865,unknown,unknown,cloudy,72,rtol,11,franm701,,,drakr901,timmt901,addir901,muchm901,,,sorij001,roblh001,hendl001,regular,3,2,OAK,ANA,y,both,y,y,y,2019
ANA201909260,HOU,ANA,ANA01,20190926,0,7:08PM,night,,,true,,272,39658,unknown,unknown,cloudy,72,tocf,8,johnc701,,,rackd901,may-b901,vanol901,marqa901,,,cahit001,biagj001,,regular,3,4,ANA,HOU,y,both,y,y,y,2019
ANA201909270,HOU,ANA,ANA01,20190927,0,7:08PM,night,,,true,,157,41763,unknown,unknown,cloudy,70,rtol,6,munse701,,,may-b901,vanol901,marqa901,rackd901,,,urquj001,sandp002,,regular,4,0,HOU,ANA,y,both,y,y,y,2019
ANA201909280,HOU,ANA,ANA01,20190928,0,6:08PM,night,,,true,,175,35814,unknown,unknown,overcast,68,tocf,11,munse701,,,vanol901,marqa901,rackd901,may-b901,,,verlj001,bardl001,osunr001,regular,6,3,HOU,ANA,y,both,y,y,y,2019
ANA201909290,HOU,ANA,ANA01,20190929,0,12:09PM,day,,,true,,210,34693,unknown,unknown,cloudy,71,torf,5,munse701,,,marqa901,rackd901,may-b901,vanol901,,,coleg001,peted001,harrw002,regular,8,5,HOU,ANA,y,both,y,y,y,2019
OAK202007240,ANA,OAK,OAK01,20200724,0,7:10PM,night,9,2,true,,226,0,unknown,none,cloudy,63,unknown,13,thomc701,,,knigb901,muchm901,woodt901,hamaa901,(none),(none),smitb005,roblh001,,regular,3,7,OAK,ANA,y,both,y,y,y,2020
OAK202007250,ANA,OAK,OAK01,20200725,0,1:10PM,day,9,2,true,,147,0,unknown,none,sunny,75,torf,12,ducam701,,,muchm901,woodt901,hamaa901,knigb901,(none),(none),bundd001,manas001,roblh001,regular,4,1,ANA,OAK,y,both,y,y,y,2020
OAK202007260,ANA,OAK,OAK01,20200726,0,1:10PM,day,9,2,true,,182,0,unknown,none,cloudy,73,torf,7,thomc701,,,hudsm901,hamaa901,knigb901,muchm901,(none),(none),petiy001,ohtas001,hendl001,regular,4,6,OAK,ANA,y,both,y,y,y,2020
OAK202007270,ANA,OAK,OAK01,20200727,0,12:40PM,day,9,2,true,,179,0,unknown,none,sunny,68,unknown,10,ducam701,,,hamaa901,knigb901,muchm901,hudsm901,(none),(none),smitb005,canng001,sorij001,regular,0,3,OAK,ANA,y,both,y,y,y,2020
ANA202007280,SEA,ANA,ANA01,20200728,0,6:40PM,night,9,2,true,,195,0,unknown,none,sunny,79,unknown,8,munse701,,,millb901,mosce901,eddid901,drakr901,(none),(none),buchr001,shefj001,,regular,2,10,ANA,SEA,y,both,y,y,y,2020
ANA202007290,SEA,ANA,ANA01,20200729,0,7:10PM,night,9,2,true,,227,0,unknown,none,sunny,77,unknown,8,munse701,,,mosce901,eddid901,drakr901,millb901,(none),(none),shawb001,barnj002,altad001,regular,10,7,SEA,ANA,y,both,y,y,y,2020
ANA202007300,SEA,ANA,ANA01,20200730,0,6:40PM,night,9,2,true,,179,0,unknown,none,sunny,86,tocf,7,johnc701,,,eddid901,drakr901,millb901,mosce901,(none),(none),gonzm005,bundd001,,regular,8,5,SEA,ANA,y,both,y,y,y,2020
ANA202007310,HOU,ANA,ANA01,20200731,0,6:10PM,night,9,2,true,,261,0,unknown,none,sunny,92,rtol,8,franm701,,,blasc901,morag901,marqa901,guccc901,(none),(none),bielb001,andrm001,scrua001,regular,9,6,HOU,ANA,y,both,y,y,y,2020
ANA202008010,HOU,ANA,ANA01,20200801,0,4:07PM,day,9,2,true,,238,0,unknown,none,sunny,84,tocf,11,munse701,,,morag901,marqa901,guccc901,blasc901,(none),(none),buchr001,rodrn002,,regular,4,5,ANA,HOU,y,both,y,y,y,2020
ANA202008020,HOU,ANA,ANA01,20200802,0,1:10PM,day,9,2,true,,277,0,unknown,none,sunny,82,tocf,10,munse701,,,marqa901,guccc901,blasc901,morag901,(none),(none),taylb004,barnj002,,regular,6,5,HOU,ANA,y,both,y,y,y,2020
SEA202008040,ANA,SEA,SEA03,20200804,0,7:10PM,night,9,2,true,,175,0,unknown,none,sunny,78,fromlf,4,peted701,,,guccc901,blasc901,morag901,marqa901,(none),(none),heana001,dunnj002,buttt001,regular,5,3,ANA,SEA,y,both,y,y,y,2020
SEA202008050,ANA,SEA,SEA03,20200805,0,6:40PM,night,9,2,true,,189,0,unknown,none,sunny,79,torf,4,peted701,,,blasc901,morag901,marqa901,guccc901,(none),(none),gonzm005,tehej001,edwac001,regular,6,7,SEA,ANA,y,both,y,y,y,2020
SEA202008060,ANA,SEA,SEA03,20200806,0,1:10PM,day,9,2,true,,143,0,unknown,none,dome,60,torf,7,radoe701,,,morag901,marqa901,guccc901,blasc901,(none),(none),bundd001,walkt004,,regular,6,1,ANA,SEA,y,both,y,y,y,2020
TEX202008070,ANA,TEX,ARL03,20200807,0,8:05PM,night,9,2,true,,218,0,unknown,none,dome,72,unknown,0,bumpl701,,,eddid901,millb901,tomln901,mosce901,(none),(none),lylej001,canng001,montr004,regular,3,4,TEX,ANA,y,both,y,y,y,2020
TEX202008080,ANA,TEX,ARL03,20200808,0,6:05PM,night,9,2,true,,166,0,unknown,none,dome,72,unknown,0,bumpl701,,,millb901,tomln901,mosce901,eddid901,(none),(none),volqe001,sandp002,montr004,regular,0,2,TEX,ANA,y,both,y,y,y,2020
TEX202008090,ANA,TEX,ARL03,20200809,0,1:35PM,day,9,2,true,,216,0,unknown,none,dome,72,unknown,0,bumpl701,,,tomln901,mosce901,eddid901,millb901,(none),(none),lynnl001,heana001,,regular,3,7,TEX,ANA,y,both,y,y,y,2020
ANA202008100,OAK,ANA,ANA01,20200810,0,6:40PM,night,9,2,true,,221,0,unknown,none,sunny,79,rtol,9,munse701,,,rippm901,hudsm901,knigb901,muchm901,(none),(none),penaf002,petiy001,buttt001,regular,9,10,ANA,OAK,y,both,y,y,y,2020
ANA202008110,OAK,ANA,ANA01,20200811,0,6:40PM,night,9,2,true,,176,0,unknown,none,sunny,83,tocf,7,franm701,,,hudsm901,knigb901,muchm901,rippm901,(none),(none),bundd001,fierm001,,regular,0,6,ANA,OAK,y,both,y,y,y,2020
ANA202008120,OAK,ANA,ANA01,20200812,0,1:10PM,day,9,2,true,,200,0,unknown,none,sunny,86,torf,9,munse701,,,knigb901,muchm901,rippm901,hudsm901,(none),(none),bassc001,canng001,,regular,8,4,OAK,ANA,y,both,y,y,y,2020
ANA202008140,LAN,ANA,ANA01,20200814,0,6:40PM,night,9,2,true,,178,0,unknown,none,sunny,93,tocf,8,munse701,,,libkj901,reynj901,barrl901,hamaa901,(none),(none),kersc001,sandp002,jansk001,regular,7,4,LAN,ANA,y,both,y,y,y,2020
ANA202008150,LAN,ANA,ANA01,20200815,0,6:40PM,night,9,2,true,,197,0,unknown,none,sunny,88,tocf,8,munse701,,,reynj901,barrl901,hamaa901,libkj901,(none),(none),mcgej001,middk001,jansk001,regular,6,5,LAN,ANA,y,both,y,y,y,2020
ANA202008160,LAN,ANA,ANA01,20200816,0,1:10PM,day,9,2,true,,190,0,unknown,none,sunny,93,rtol,7,munse701,,,barrl901,hamaa901,libkj901,reynj901,(none),(none),alexs001,tehej001,,regular,8,3,LAN,ANA,y,both,y,y,y,2020
ANA202008170,SFN,ANA,ANA01,20200817,0,6:40PM,night,9,2,true,,192,0,unknown,none,cloudy,90,unknown,5,johnc701,,,hamaa901,libkj901,reynj901,barrl901,(none),(none),buttt001,gottt001,,regular,6,7,ANA,SFN,y,both,y,y,y,2020
ANA202008180,SFN,ANA,ANA01,20200818,0,1:10PM,day,9,2,true,,186,0,unknown,none,sunny,99,tocf,9,johnc701,,,libkj901,reynj901,barrl901,hamaa901,(none),(none),garcj006,bundd001,,regular,8,2,SFN,ANA,y,both,y,y,y,2020
SFN202008190,ANA,SFN,SFO03,20200819,0,6:45PM,night,9,2,true,,185,0,unknown,none,sunny,75,tocf,4,younj701,,,reynj901,barrl901,hamaa901,libkj901,(none),(none),cuetj001,sandp002,,regular,2,7,SFN,ANA,y,both,y,y,y,2020
SFN202008200,ANA,SFN,SFO03,20200820,0,6:45PM,night,9,2,true,,220,0,unknown,none,cloudy,75,fromcf,5,younj701,,,barrl901,hamaa901,libkj901,reynj901,(none),(none),gausk001,suarj001,,regular,5,10,SFN,ANA,y,both,y,y,y,2020
OAK202008210,ANA,OAK,OAK01,20200821,0,6:40PM,night,9,2,true,,187,0,unknown,none,sunny,77,ltor,14,thomc701,,,morag901,libkj901,reynj901,barrl901,(none),(none),fierm001,heana001,hendl001,regular,3,5,OAK,ANA,y,both,y,y,y,2020
OAK202008220,ANA,OAK,OAK01,20200822,0,1:10PM,day,9,2,true,,186,0,unknown,none,sunny,80,ltor,10,ducam701,,,libkj901,reynj901,barrl901,morag901,(none),(none),andrm001,bassc001,buttt001,regular,4,3,ANA,OAK,y,both,y,y,y,2020
OAK202008230,ANA,OAK,OAK01,20200823,0,1:10PM,day,9,2,true,,220,0,unknown,none,cloudy,70,ltor,12,thomc701,,,reynj901,barrl901,morag901,libkj901,(none),(none),hendl001,buttt001,,regular,4,5,OAK,ANA,y,both,y,y,y,2020
HOU202008240,ANA,HOU,HOU03,20200824,0,8:10PM,night,9,2,true,,205,0,unknown,none,dome,77,unknown,0,wilkt701,,,marqa901,guccc901,vondc901,blasc901,(none),(none),valdf001,sandp002,,regular,4,11,HOU,ANA,y,both,y,y,y,2020
HOU202008251,ANA,HOU,HOU03,20200825,1,3:05PM,day,7,2,true,,146,0,unknown,none,dome,75,unknown,0,blour701,,,guccc901,tomln901,blasc901,marqa901,(none),(none),javic001,suarj001,presr001,regular,3,6,HOU,ANA,y,both,y,y,y,2020
HOU202008252,ANA,HOU,HOU03,20200825,2,6:20PM,night,7,2,true,,204,0,unknown,none,dome,75,unknown,0,blour701,,,vondc901,blasc901,marqa901,tomln901,(none),(none),penaf002,bielb001,,regular,12,5,ANA,HOU,y,both,y,y,y,2020
ANA202008280,SEA,ANA,ANA01,20200828,0,6:40PM,night,9,2,true,,170,0,unknown,none,sunny,82,unknown,10,franm701,,,blasc901,marqa901,guccc901,moorm901,(none),(none),heana001,margn001,buttt001,regular,2,3,ANA,SEA,y,both,y,y,y,2020
ANA202008290,SEA,ANA,ANA01,20200829,0,6:40PM,night,9,2,true,,206,0,unknown,none,sunny,75,unknown,9,munse701,,,marqa901,guccc901,moorm901,blasc901,(none),(none),bundd001,shefj001,,regular,3,16,ANA,SEA,y,both,y,y,y,2020
ANA202008300,SEA,ANA,ANA01,20200830,0,1:10PM,day,9,2,true,,207,0,unknown,none,sunny,81,torf,12,munse701,,,guccc901,moorm901,blasc901,marqa901,(none),(none),willt003,quijj001,ramiy002,regular,2,1,SEA,ANA,y,both,y,y,y,2020
ANA202008310,SEA,ANA,ANA01,20200831,0,1:10PM,day,9,2,true,,150,0,unknown,none,sunny,79,rtol,9,johnc701,,,moorm901,blasc901,marqa901,guccc901,(none),(none),gonzm005,andrm001,,regular,2,1,SEA,ANA,y,both,y,y,y,2020
ANA202009020,SDN,ANA,ANA01,20200902,0,6:40PM,night,9,2,true,,193,0,unknown,none,sunny,79,rtol,7,franm701,,,johna901,barrt901,rippm901,mahrn901,(none),(none),hillt002,buttt001,,regular,11,4,SDN,ANA,y,both,y,y,y,2020
ANA202009030,SDN,ANA,ANA01,20200903,0,4:10PM,day,9,2,true,,160,0,unknown,none,sunny,84,ltor,7,munse701,,,barrt901,rippm901,mahrn901,johna901,(none),(none),heana001,clevm001,penaf002,regular,0,2,ANA,SDN,y,both,y,y,y,2020
ANA202009040,HOU,ANA,ANA01,20200904,0,6:10PM,night,9,2,true,,267,0,unknown,none,sunny,84,tocf,6,munse701,,,hudsm901,knigb901,muchm901,woodt901,(none),(none),andrm001,raleb001,,regular,5,6,ANA,HOU,y,both,y,y,y,2020
ANA202009051,HOU,ANA,ANA01,20200905,1,4:07PM,day,7,2,true,,181,0,unknown,none,sunny,109,rtol,9,johnc701,,,knigb901,cejan901,woodt901,hudsm901,(none),(none),penaf002,paree003,,regular,9,10,ANA,HOU,y,both,y,y,y,2020
ANA202009052,HOU,ANA,ANA01,20200905,2,7:53PM,night,7,2,true,true,164,0,unknown,none,sunny,97,rtol,2,munse701,,,muchm901,woodt901,hudsm901,cejan901,(none),(none),ramin002,casth002,buttt001,regular,6,7,ANA,HOU,y,both,y,y,y,2020
ANA202009060,HOU,ANA,ANA01,20200906,0,1:10PM,day,9,2,true,,208,0,unknown,none,sunny,106,ltor,9,munse701,,,woodt901,hudsm901,knigb901,muchm901,(none),(none),mayem001,valdf001,,regular,5,9,ANA,HOU,y,both,y,y,y,2020
TEX202009080,ANA,TEX,ARL03,20200908,0,7:05PM,night,9,2,true,,172,0,unknown,none,dome,72,unknown,0,wells701,,,hudsm901,knigb901,muchm901,woodt901,(none),(none),lynnl001,heana001,,regular,1,7,TEX,ANA,y,both,y,y,y,2020
TEX202009090,ANA,TEX,ARL03,20200909,0,7:05PM,night,9,2,true,,218,0,unknown,none,dome,74,unknown,0,bumpl701,,,knigb901,muchm901,woodt901,hudsm901,(none),(none),kingj002,tehej001,,regular,3,7,TEX,ANA,y,both,y,y,y,2020
TEX202009100,ANA,TEX,ARL03,20200910,0,3:05PM,day,9,2,true,,184,0,unknown,none,dome,72,unknown,0,bumpl701,,,muchm901,woodt901,hudsm901,knigb901,(none),(none),bundd001,gibsk002,,regular,6,2,ANA,TEX,y,both,y,y,y,2020
COL202009110,ANA,COL,DEN02,20200911,0,6:40PM,night,9,2,true,,188,0,unknown,none,cloudy,67,fromrf,6,einsd701,,,blasc901,hamaa901,morag901,guccc901,(none),(none),bardd001,buttt001,,regular,4,8,COL,ANA,y,both,y,y,y,2020
COL202009120,ANA,COL,DEN02,20200912,0,6:10PM,night,9,2,true,,224,0,unknown,none,sunny,80,fromrf,5,smytd701,,,hamaa901,morag901,guccc901,blasc901,(none),(none),buttt001,kinlt001,andrm001,regular,5,2,ANA,COL,y,both,y,y,y,2020
COL202009130,ANA,COL,DEN02,20200913,0,1:10PM,day,9,2,true,,184,0,unknown,none,sunny,84,tolf,7,magrj701,,,morag901,guccc901,blasc901,hamaa901,(none),(none),heana001,estec001,andrm001,regular,5,3,ANA,COL,y,both,y,y,y,2020
ANA202009150,ARI,ANA,ANA01,20200915,0,6:40PM,night,9,2,true,,186,0,unknown,none,sunny,82,ltor,7,johnc701,,,barrl901,reynj901,mccrk901,libkj901,(none),(none),mellk001,andrm001,crics001,regular,9,8,ARI,ANA,y,both,y,y,y,2020
ANA202009160,ARI,ANA,ANA01,20200916,0,6:40PM,night,9,2,true,,190,0,unknown,none,sunny,87,unknown,5,franm701,,,reynj901,mccrk901,libkj901,barrl901,(none),(none),clart003,bundd001,crics001,regular,9,6,ARI,ANA,y,both,y,y,y,2020
ANA202009170,ARI,ANA,ANA01,20200917,0,1:10PM,day,9,2,true,,187,0,unknown,none,sunny,93,tocf,5,munse701,,,mccrk901,libkj901,barrl901,reynj901,(none),(none),canng001,youna002,,regular,3,7,ANA,ARI,y,both,y,y,y,2020
ANA202009180,TEX,ANA,ANA01,20200918,0,6:10PM,night,9,2,true,,175,0,unknown,none,sunny,91,rtol,7,franm701,,,libkj901,barrl901,reynj901,mccrk901,(none),(none),barrj003,benjw001,,regular,2,6,ANA,TEX,y,both,y,y,y,2020
ANA202009190,TEX,ANA,ANA01,20200919,0,6:10PM,night,9,2,true,,155,0,unknown,none,sunny,79,torf,6,munse701,,,barrl901,reynj901,mccrk901,libkj901,(none),(none),mayem001,martb002,,regular,3,4,ANA,TEX,y,both,y,y,y,2020
ANA202009200,TEX,ANA,ANA01,20200920,0,1:10PM,day,9,2,true,,180,0,unknown,none,sunny,82,tocf,8,munse701,,,reynj901,mccrk901,libkj901,barrl901,(none),(none),codyk001,tehej001,,regular,7,2,TEX,ANA,y,both,y,y,y,2020
ANA202009210,TEX,ANA,ANA01,20200921,0,1:10PM,day,9,2,true,,180,0,unknown,none,sunny,81,fromrf,7,munse701,,,mccrk901,libkj901,barrl901,reynj901,(none),(none),bundd001,gibsk002,mayem001,regular,5,8,ANA,TEX,y,both,y,y,y,2020
SDN202009220,ANA,SDN,SAN02,20200922,0,6:10PM,night,9,2,true,,190,0,unknown,none,sunny,73,fromrf,6,maffj701,,,mosce901,drakr901,millb901,cejan901,(none),(none),canng001,daviz001,mayem001,regular,4,2,ANA,SDN,y,both,y,y,y,2020
SDN202009230,ANA,SDN,SAN02,20200923,0,1:10PM,day,9,2,true,,204,0,unknown,none,sunny,81,ltor,8,zaveb701,,,drakr901,eddid901,millb901,mosce901,(none),(none),sandp002,morea001,penaf002,regular,5,2,ANA,SDN,y,both,y,y,y,2020
LAN202009250,ANA,LAN,LOS03,20200925,0,6:40PM,night,9,2,true,,222,0,unknown,none,sunny,75,torf,4,munse701,,,guccc901,blasc901,morag901,marqa901,(none),(none),gratb002,andrm001,,regular,5,9,LAN,ANA,y,both,y,y,y,2020
LAN202009260,ANA,LAN,LOS03,20200926,0,6:10PM,night,9,2,true,,199,0,unknown,none,sunny,73,torf,6,whitj701,,,blasc901,moorm901,marqa901,morag901,(none),(none),gonst001,roblh001,kolaa001,regular,6,7,LAN,ANA,y,both,y,y,y,2020
LAN202009270,ANA,LAN,LOS03,20200927,0,12:10PM,day,9,2,true,,174,0,unknown,none,sunny,79,tocf,2,whitj701,,,moorm901,marqa901,morag901,guccc901,(none),(none),may-d003,sandp002,,regular,0,5,LAN,ANA,y,both,y,y,y,2020
ANA202104010,CHA,ANA,ANA01,20210401,0,7:05PM,night,9,2,true,,171,13207,unknown,none,cloudy,81,tocf,6,munse701,,,vanol901,hudsm901,rackd901,mosce901,(none),(none),mayem001,bumma001,igler001,regular,3,4,ANA,CHA,y,both,y,y,y,2021
ANA202104020,CHA,ANA,ANA01,20210402,0,6:38PM,night,9,2,true,,224,12763,unknown,none,sunny,66,tolf,10,munse701,,,hudsm901,rackd901,mosce901,vanol901,(none),(none),kopem001,heana001,hendl001,regular,12,8,CHA,ANA,y,both,y,y,y,2021
ANA202104030,CHA,ANA,ANA01,20210403,0,6:07PM,night,9,2,true,,184,12043,unknown,none,sunny,71,tocf,10,franm701,,,rackd901,mosce901,vanol901,hudsm901,(none),(none),guerj003,marse001,,regular,3,5,ANA,CHA,y,both,y,y,y,2021
ANA202104040,CHA,ANA,ANA01,20210404,0,5:37PM,night,9,2,true,,236,12396,unknown,none,cloudy,72,tolf,13,munse701,,,mosce901,vanol901,hudsm901,rackd901,(none),(none),igler001,ruizj001,,regular,4,7,ANA,CHA,y,both,y,y,y,2021
ANA202104050,HOU,ANA,ANA01,20210405,0,6:38PM,night,9,2,true,,241,13447,unknown,none,cloudy,65,rtol,10,johnc701,,,barrt901,herna901,sches901,navaj901,(none),(none),watst001,smitj002,mayem001,regular,6,7,ANA,HOU,y,both,y,y,y,2021
ANA202104060,HOU,ANA,ANA01,20210406,0,1:07PM,day,9,2,true,,167,11122,unknown,none,cloudy,70,tolf,8,munse701,,,herna901,sches901,navaj901,barrt901,(none),(none),presr001,igler001,,regular,4,2,HOU,ANA,y,both,y,y,y,2021
TOR202104080,ANA,TOR,DUN01,20210408,0,7:07PM,night,9,2,true,,237,1348,unknown,none,sunny,80,fromrf,11,lajor701,,,bacce901,wolcq901,laynj901,wendh902,(none),(none),guerj003,borur001,igler001,regular,7,5,ANA,TOR,y,both,y,y,y,2021
TOR202104090,ANA,TOR,DUN01,20210409,0,7:07PM,night,9,2,true,,186,1523,unknown,none,sunny,80,rtol,9,lajor701,,,wolcq901,laynj901,wendh902,bacce901,(none),(none),heana001,zeuct001,,regular,7,1,ANA,TOR,y,both,y,y,y,2021
TOR202104100,ANA,TOR,DUN01,20210410,0,7:07PM,night,9,2,true,,201,1292,unknown,none,cloudy,70,unknown,10,lajor701,,,laynj901,wendh902,bacce901,wolcq901,(none),(none),matzs001,quinj001,milot001,regular,1,15,TOR,ANA,y,both,y,y,y,2021
KCA202104120,ANA,KCA,KAN06,20210412,0,7:10PM,night,9,2,true,,208,6962,unknown,none,sunny,58,ltor,8,utslm701,,,guccc901,porta901,reybd901,ortir901,(none),(none),cobba001,singb001,,regular,10,3,ANA,KCA,y,both,y,y,y,2021
KCA202104130,ANA,KCA,KAN06,20210413,0,7:10PM,night,9,2,true,,177,6404,unknown,none,cloudy,58,ltor,8,utslm701,,,porta901,reybd901,ortir901,guccc901,(none),(none),duffd001,bundd001,hollg001,regular,2,3,KCA,ANA,y,both,y,y,y,2021
KCA202104140,ANA,KCA,KAN06,20210414,0,1:10PM,day,9,2,true,,190,6814,unknown,none,sunny,54,ltor,9,utslm701,,,reybd901,ortir901,guccc901,porta901,(none),(none),kellb003,canng001,,regular,1,6,KCA,ANA,y,both,y,y,y,2021
ANA202104160,MIN,ANA,ANA01,20210416,0,6:38PM,night,9,2,true,,188,13428,unknown,none,sunny,64,tocf,11,munse701,,,carlm901,segac901,moorm901,bakej902,(none),(none),slega001,dobnr001,,regular,3,10,ANA,MIN,y,both,y,y,y,2021
ANA202104190,TEX,ANA,ANA01,20210419,0,6:38PM,night,9,2,true,,195,11396,unknown,none,sunny,75,tolf,8,johnc701,,,segac901,millb903,bakej902,carlm901,(none),(none),arihk001,bundd001,kenni001,regular,6,4,TEX,ANA,y,both,y,y,y,2021
ANA202104200,TEX,ANA,ANA01,20210420,0,6:38PM,night,9,2,true,,172,12544,unknown,none,cloudy,62,rtol,11,johnc701,,,millb903,bakej902,carlm901,segac901,(none),(none),canng001,lylej001,,regular,2,6,ANA,TEX,y,both,y,y,y,2021
ANA202104210,TEX,ANA,ANA01,20210421,0,1:07PM,day,9,2,true,,200,9207,unknown,none,cloudy,64,tocf,8,munse701,,,bakej902,carlm901,segac901,millb903,(none),(none),kingj002,mayem001,,regular,7,4,TEX,ANA,y,both,y,y,y,2021
HOU202104220,ANA,HOU,HOU03,20210422,0,7:10PM,night,9,2,true,,223,13985,unknown,none,dome,73,unknown,0,wilkt701,,,kulpr901,onorb901,willr901,blakr901,(none),(none),javic001,cobba001,,regular,2,8,HOU,ANA,y,both,y,y,y,2021
HOU202104230,ANA,HOU,HOU03,20210423,0,7:10PM,night,9,2,true,,213,21728,unknown,none,dome,73,unknown,0,fanud701,,,onorb901,willr901,blakr901,kulpr901,(none),(none),presr001,igler001,,regular,4,5,HOU,ANA,y,both,y,y,y,2021
HOU202104240,ANA,HOU,HOU03,20210424,0,3:10PM,day,9,2,true,,200,21820,unknown,none,dome,73,unknown,0,fanud701,,,willr901,blakr901,kulpr901,onorb901,(none),(none),emank001,canng001,,regular,2,16,HOU,ANA,y,both,y,y,y,2021
HOU202104250,ANA,HOU,HOU03,20210425,0,1:10PM,day,9,2,true,,184,21781,unknown,none,dome,73,unknown,0,fanud701,,,blakr901,kulpr901,onorb901,willr901,(none),(none),rodrc002,garcl007,igler001,regular,4,2,ANA,HOU,y,both,y,y,y,2021
TEX202104260,ANA,TEX,ARL03,20210426,0,7:05PM,night,9,2,true,,186,17766,unknown,none,cloudy,79,unknown,19,wells701,,,reybd901,kulpr901,onorb901,willr901,(none),(none),ohtas001,lylej001,,regular,9,4,ANA,TEX,y,both,y,y,y,2021
TEX202104270,ANA,TEX,ARL03,20210427,0,7:05PM,night,9,2,true,,170,16103,unknown,none,dome,72,unknown,0,wells701,,,kulpr901,onorb901,willr901,reybd901,(none),(none),foltm001,quinj001,,regular,1,6,TEX,ANA,y,both,y,y,y,2021
TEX202104280,ANA,TEX,ARL03,20210428,0,7:05PM,night,9,2,true,,168,17875,unknown,none,dome,72,unknown,0,ruddw701,,,onorb901,willr901,reybd901,kulpr901,(none),(none),rodrc002,dunnd001,igler001,regular,4,3,ANA,TEX,y,both,y,y,y,2021
SEA202104300,ANA,SEA,SEA03,20210430,0,7:10PM,night,9,2,true,,200,8632,unknown,none,cloudy,65,unknown,0,peted701,,,barrl901,timmt901,torrc901,marqa901,(none),(none),stecd001,heana001,,regular,4,7,SEA,ANA,y,both,y,y,y,2021
SEA202105010,ANA,SEA,SEA03,20210501,0,6:10PM,night,9,2,true,,196,8993,unknown,none,overcast,57,fromrf,2,padud701,,,timmt901,torrc901,marqa901,barrl901,(none),(none),canng001,newsl001,,regular,10,5,ANA,SEA,y,both,y,y,y,2021
SEA202105020,ANA,SEA,SEA03,20210502,0,1:10PM,day,9,2,true,,185,9000,unknown,none,cloudy,54,fromrf,2,peted701,,,torrc901,marqa901,barrl901,timmt901,(none),(none),shefj001,bundd001,montr004,regular,0,2,SEA,ANA,y,both,y,y,y,2021
ANA202105030,TBA,ANA,ANA01,20210503,0,6:38PM,night,9,2,true,,211,10641,unknown,none,sunny,74,rtol,6,johnc701,,,johna901,barbs901,gibsh902,gormb901,(none),(none),glast001,quinj001,,regular,7,3,TBA,ANA,y,both,y,y,y,2021
ANA202105040,TBA,ANA,ANA01,20210504,0,6:38PM,night,9,2,true,,209,8152,unknown,none,sunny,73,tolf,10,munse701,,,barbs901,gibsh902,gormb901,johna901,(none),(none),patil001,cobba001,,regular,8,3,TBA,ANA,y,both,y,y,y,2021
ANA202105050,TBA,ANA,ANA01,20210505,0,6:38PM,night,9,2,true,,196,9169,unknown,none,sunny,74,rtol,8,franm701,,,gibsh902,gormb901,johna901,barbs901,(none),(none),yarbr001,guerj003,sprij001,regular,3,1,TBA,ANA,y,both,y,y,y,2021
ANA202105060,TBA,ANA,ANA01,20210506,0,6:38PM,night,9,2,true,,183,8840,unknown,none,sunny,65,tocf,13,franm701,,,gormb901,johna901,barbs901,gibsh902,(none),(none),flemj001,mayem001,,regular,8,3,TBA,ANA,y,both,y,y,y,2021
ANA202105070,LAN,ANA,ANA01,20210507,0,6:38PM,night,9,2,true,,185,15316,unknown,none,sunny,66,tocf,11,munse701,,,johna901,barbs901,gibsh902,gormb901,(none),(none),canng001,uriaj001,sandp002,regular,2,9,ANA,LAN,y,both,y,y,y,2021
ANA202105080,LAN,ANA,ANA01,20210508,0,6:07PM,night,9,2,true,,243,15274,unknown,none,sunny,70,tocf,10,munse701,,,barbs901,gibsh902,gormb901,johna901,(none),(none),kersc001,bundd001,treib001,regular,14,11,LAN,ANA,y,both,y,y,y,2021
ANA202105090,LAN,ANA,ANA01,20210509,0,1:07PM,day,9,2,true,,206,15294,unknown,none,cloudy,66,rtol,8,munse701,,,gibsh902,gormb901,johna901,barbs901,(none),(none),slega001,bauet001,igler001,regular,1,2,ANA,LAN,y,both,y,y,y,2021
HOU202105100,ANA,HOU,HOU03,20210510,0,7:10PM,night,9,2,true,,237,13695,unknown,none,dome,73,unknown,0,wilkt701,,,porta901,wegnm901,guccc901,dejer901,(none),(none),suarj001,bielb001,igler001,regular,5,4,ANA,HOU,y,both,y,y,y,2021
HOU202105110,ANA,HOU,HOU03,20210511,0,7:10PM,night,9,2,true,,153,17350,unknown,none,dome,73,unknown,0,fanud701,,,wegnm901,guccc901,dejer901,porta901,(none),(none),mccul002,slega001,,regular,1,5,HOU,ANA,y,both,y,y,y,2021
HOU202105120,ANA,HOU,HOU03,20210512,0,7:10PM,night,9,2,true,,172,13668,unknown,none,dome,73,unknown,0,wilkt701,,,guccc901,dejer901,porta901,wegnm901,(none),(none),bielb001,heana001,,regular,1,9,HOU,ANA,y,both,y,y,y,2021
BOS202105140,ANA,BOS,BOS07,20210514,0,7:10PM,night,9,2,true,,165,9284,unknown,none,cloudy,71,rtol,8,scogc701,,,kulpr901,blakr901,willr901,reybd901,(none),(none),andrm001,watst001,barnm001,regular,3,4,BOS,ANA,y,both,y,y,y,2021
BOS202105150,ANA,BOS,BOS07,20210515,0,4:10PM,day,9,2,true,,172,9374,unknown,none,cloudy,70,rtol,15,foxxl701,,,blakr901,willr901,reybd901,kulpr901,(none),(none),perem004,bundd001,,regular,0,9,BOS,ANA,y,both,y,y,y,2021
BOS202105160,ANA,BOS,BOS07,20210516,0,1:10PM,day,9,2,true,,199,9316,unknown,none,cloudy,78,torf,7,scogc701,,,willr901,reybd901,kulpr901,blakr901,(none),(none),igler001,barnm001,mayem001,regular,6,5,ANA,BOS,y,both,y,y,y,2021
ANA202105170,CLE,ANA,ANA01,20210517,0,6:38PM,night,9,2,true,,203,9527,unknown,none,cloudy,66,tocf,8,franm701,,,bakej902,hamaa901,fairc901,buckc901,(none),(none),watst001,hents001,igler001,regular,4,7,ANA,CLE,y,both,y,y,y,2021
ANA202105180,CLE,ANA,ANA01,20210518,0,6:38PM,night,9,2,true,,168,9491,unknown,none,sunny,70,tolf,11,munse701,,,hamaa901,navaj901,buckc901,bakej902,(none),(none),plesz001,claua001,karij001,regular,6,5,CLE,ANA,y,both,y,y,y,2021
ANA202105190,CLE,ANA,ANA01,20210519,0,5:07PM,night,9,2,true,,185,10378,unknown,none,sunny,72,tocf,11,johnc701,,,navaj901,buckc901,bakej902,hamaa901,(none),(none),civaa001,watst001,karij001,regular,3,2,CLE,ANA,y,both,y,y,y,2021
ANA202105201,MIN,ANA,ANA01,20210520,1,1:07PM,day,7,2,true,,115,9920,unknown,none,cloudy,70,tocf,10,franm701,,,bakej902,mccrk901,buckc901,navaj901,(none),(none),cobba001,thorl002,,regular,1,7,ANA,MIN,y,both,y,y,y,2021
ANA202105202,MIN,ANA,ANA01,20210520,2,4:07PM,day,7,2,true,,169,9820,unknown,none,cloudy,71,tocf,13,franm701,,,buckc901,hamaa901,navaj901,mccrk901,(none),(none),berrj001,canng001,roblh001,regular,6,3,MIN,ANA,y,both,y,y,y,2021
ANA202105210,OAK,ANA,ANA01,20210521,0,6:38PM,night,9,2,true,,195,14624,unknown,none,sunny,64,tocf,16,munse701,,,mahrn901,wolcq901,wendh902,gibsh902,(none),(none),petiy001,mayem001,,regular,8,4,OAK,ANA,y,both,y,y,y,2021
ANA202105220,OAK,ANA,ANA01,20210522,0,7:07PM,night,9,2,true,,182,15151,unknown,none,sunny,64,tocf,6,munse701,,,wolcq901,wendh902,gibsh902,mahrn901,(none),(none),bassc001,sandp002,,regular,6,2,OAK,ANA,y,both,y,y,y,2021
ANA202105230,OAK,ANA,ANA01,20210523,0,1:07PM,day,9,2,true,,201,15154,unknown,none,sunny,73,tocf,9,munse701,,,wendh902,gibsh902,mahrn901,wolcq901,(none),(none),igler001,guerd001,,regular,5,6,ANA,OAK,y,both,y,y,y,2021
ANA202105250,TEX,ANA,ANA01,20210525,0,6:38PM,night,9,2,true,,179,10987,unknown,none,cloudy,76,rtol,8,johnc701,,,gonzm901,drakr901,merzd901,gibsg901,(none),(none),heana001,yangh001,,regular,5,11,ANA,TEX,y,both,y,y,y,2021
ANA202105260,TEX,ANA,ANA01,20210526,0,1:07PM,day,9,2,true,,194,8547,unknown,none,sunny,75,tolf,11,franm701,,,drakr901,merzd901,gibsg901,gonzm901,(none),(none),canng001,dunnd001,igler001,regular,8,9,ANA,TEX,y,both,y,y,y,2021
OAK202105270,ANA,OAK,OAK01,20210527,0,6:40PM,night,9,2,true,,179,5487,unknown,none,sunny,66,torf,16,thomc701,,,hudsm901,vanol901,rackd901,bacce901,(none),(none),bassc001,slega001,,regular,0,5,OAK,ANA,y,both,y,y,y,2021
OAK202105280,ANA,OAK,OAK01,20210528,0,6:40PM,night,9,2,true,,171,8757,unknown,none,cloudy,63,tocf,13,thomc701,,,vanol901,rackd901,bacce901,hudsm901,(none),(none),petiy001,ohtas001,trivl001,regular,1,3,OAK,ANA,y,both,y,y,y,2021
OAK202105290,ANA,OAK,OAK01,20210529,0,1:07PM,day,9,2,true,,177,9433,unknown,none,cloudy,59,unknown,13,thomc701,,,rackd901,bacce901,hudsm901,vanol901,(none),(none),cobba001,montf001,,regular,4,0,ANA,OAK,y,both,y,y,y,2021
OAK202105300,ANA,OAK,OAK01,20210530,0,1:07PM,day,9,2,true,,200,10029,unknown,none,sunny,73,torf,9,thomc701,,,bacce901,hudsm901,vanol901,rackd901,(none),(none),suarj001,irvic001,igler001,regular,4,2,ANA,OAK,y,both,y,y,y,2021
SFN202105310,ANA,SFN,SFO03,20210531,0,1:05PM,day,9,2,false,,178,13144,unknown,none,sunny,67,tocf,14,thomc701,,,estam901,nelsj901,willr901,gonzm901,(none),(none),cuetj001,bundd001,,regular,1,6,SFN,ANA,y,both,y,y,y,2021
SFN202106010,ANA,SFN,SFO03,20210601,0,6:45PM,night,9,2,false,,172,10546,unknown,none,cloudy,57,unknown,16,thomc701,,,nelsj901,willr901,gonzm901,estam901,(none),(none),heana001,wooda002,,regular,8,1,ANA,SFN,y,both,y,y,y,2021
ANA202106030,SEA,ANA,ANA01,20210603,0,6:38PM,night,9,2,true,,206,9714,unknown,none,sunny,69,rtol,7,johnc701,,,segac901,carlm901,riggj901,bakej902,(none),(none),shefj001,canng001,,regular,6,2,SEA,ANA,y,both,y,y,y,2021
ANA202106040,SEA,ANA,ANA01,20210604,0,6:38PM,night,9,2,true,,162,15141,unknown,none,sunny,69,tocf,10,franm701,,,carlm901,riggj901,bakej902,segac901,(none),(none),ohtas001,santh001,igler001,regular,2,3,ANA,SEA,y,both,y,y,y,2021
ANA202106050,SEA,ANA,ANA01,20210605,0,7:07PM,night,9,2,true,,180,15071,unknown,none,sunny,71,tocf,8,franm701,,,riggj901,bakej902,segac901,carlm901,(none),(none),cobba001,stecd001,,regular,5,12,ANA,SEA,y,both,y,y,y,2021
ANA202106060,SEA,ANA,ANA01,20210606,0,1:07PM,day,9,2,true,,237,12833,unknown,none,sunny,72,tocf,10,munse701,,,bakej902,segac901,carlm901,riggj901,(none),(none),gilbl002,sandp002,,regular,9,5,SEA,ANA,y,both,y,y,y,2021
ANA202106070,KCA,ANA,ANA01,20210607,0,6:38PM,night,9,2,true,,182,9481,unknown,none,cloudy,64,tocf,9,franm701,,,fairc901,reybd901,hamaa901,navaj901,(none),(none),bundd001,kowaj001,,regular,3,8,ANA,KCA,y,both,y,y,y,2021
ANA202106080,KCA,ANA,ANA01,20210608,0,6:38PM,night,9,2,true,,178,9387,unknown,none,cloudy,72,tocf,9,munse701,,,reybd901,hamaa901,navaj901,fairc901,(none),(none),heana001,bubik001,,regular,1,8,ANA,KCA,y,both,y,y,y,2021
ANA202106090,KCA,ANA,ANA01,20210609,0,6:38PM,night,9,2,true,,173,10474,unknown,none,sunny,71,rtol,9,johnc701,,,hamaa901,navaj901,fairc901,reybd901,(none),(none),canng001,kellb003,,regular,1,6,ANA,KCA,y,both,y,y,y,2021
ARI202106110,ANA,ARI,PHO01,20210611,0,6:40PM,night,9,2,false,,249,18458,unknown,none,sunny,102,unknown,9,johnj701,,,gibsg901,littw901,drakr901,merzd901,(none),(none),igler001,buchr001,claua001,regular,6,5,ANA,ARI,y,both,y,y,y,2021
ARI202106120,ANA,ARI,PHO01,20210612,0,1:10PM,day,9,2,false,,203,13863,unknown,none,dome,73,unknown,0,johnj701,,,littw901,drakr901,merzd901,gibsg901,(none),(none),claua001,sorij001,igler001,regular,8,7,ANA,ARI,y,both,y,y,y,2021
ARI202106130,ANA,ARI,PHO01,20210613,0,1:10PM,day,9,2,false,,185,12768,unknown,none,dome,75,unknown,0,johnj701,,,drakr901,merzd901,gibsg901,littw901,(none),(none),sandp002,duplj001,,regular,10,3,ANA,ARI,y,both,y,y,y,2021
OAK202106140,ANA,OAK,OAK01,20210614,0,6:40PM,night,9,2,true,,203,4102,unknown,none,sunny,70,torf,19,thomc701,,,lentn901,mosce901,knigb901,westj901,(none),(none),manas001,bundd001,trivl001,regular,5,8,OAK,ANA,y,both,y,y,y,2021
OAK202106150,ANA,OAK,OAK01,20210615,0,6:40PM,night,9,2,true,,174,4942,unknown,none,sunny,73,torf,12,thomc701,,,mosce901,knigb901,westj901,lentn901,(none),(none),montf001,heana001,petiy001,regular,4,6,OAK,ANA,y,both,y,y,y,2021
OAK202106160,ANA,OAK,OAK01,20210616,0,12:37PM,day,9,2,true,,176,6228,unknown,none,cloudy,84,unknown,10,thomc701,,,knigb901,westj901,lentn901,mosce901,(none),(none),smitb005,watst001,,regular,4,8,OAK,ANA,y,both,y,y,y,2021
ANA202106170,DET,ANA,ANA01,20210617,0,6:38PM,night,9,2,true,,179,30709,unknown,none,sunny,75,tocf,8,johnc701,,,riggj901,blakr901,hoyej901,culbf901,(none),(none),ohtas001,mannm001,igler001,regular,5,7,ANA,DET,y,both,y,y,y,2021
ANA202106180,DET,ANA,ANA01,20210618,0,6:38PM,night,9,2,true,,212,22734,unknown,none,sunny,72,tocf,9,johnc701,,,blakr901,hoyej901,culbf901,riggj901,(none),(none),cobba001,urenj001,,regular,3,11,ANA,DET,y,both,y,y,y,2021
ANA202106190,DET,ANA,ANA01,20210619,0,7:07PM,night,9,2,true,,182,23175,unknown,none,sunny,72,tocf,6,munse701,,,hoyej901,culbf901,riggj901,blakr901,(none),(none),sandp002,peraw001,,regular,3,8,ANA,DET,y,both,y,y,y,2021
ANA202106200,DET,ANA,ANA01,20210620,0,1:07PM,day,9,2,true,,243,21626,unknown,none,sunny,75,tocf,11,munse701,,,culbf901,riggj901,blakr901,hoyej901,(none),(none),cisnj001,igler001,fulmm001,regular,5,3,DET,ANA,y,both,y,y,y,2021
ANA202106220,SFN,ANA,ANA01,20210622,0,6:38PM,night,9,2,true,,173,28354,unknown,none,cloudy,73,rtol,6,munse701,,,eddid901,addir901,belld901,rehaj901,(none),(none),desca001,heana001,,regular,5,0,SFN,ANA,y,both,y,y,y,2021
ANA202106230,SFN,ANA,ANA01,20210623,0,1:07PM,day,9,2,true,,291,20620,unknown,none,sunny,81,tocf,3,johnc701,,,addir901,belld901,rehaj901,eddid901,(none),(none),leond003,claua001,,regular,9,3,SFN,ANA,y,both,y,y,y,2021
TBA202106250,ANA,TBA,STP01,20210625,0,7:10PM,night,9,2,true,,173,7909,unknown,none,dome,72,unknown,0,lantj701,,,millb901,knigb901,morag901,tosia901,(none),(none),mchuc001,suarj001,castd002,regular,3,4,TBA,ANA,y,both,y,y,y,2021
TBA202106260,ANA,TBA,STP01,20210626,0,4:10PM,day,9,2,true,,172,16699,unknown,none,dome,72,unknown,0,mathb701,,,knigb901,morag901,tosia901,millb901,(none),(none),mccls003,cobba001,,regular,3,13,TBA,ANA,y,both,y,y,y,2021
TBA202106270,ANA,TBA,STP01,20210627,0,1:10PM,day,9,2,true,,206,12764,unknown,none,dome,72,unknown,0,lantj701,,,morag901,tosia901,millb901,knigb901,(none),(none),watst001,wislm001,igler001,regular,6,4,ANA,TBA,y,both,y,y,y,2021
NYA202106280,ANA,NYA,NYC21,20210628,0,7:05PM,night,9,2,true,,186,25054,unknown,none,cloudy,90,torf,10,sprej701,,,barrs901,iassd901,libkj901,fleta901,(none),(none),suarj001,kingm002,igler001,regular,5,3,ANA,NYA,y,both,y,y,y,2021
NYA202106290,ANA,NYA,NYC21,20210629,0,7:05PM,night,9,2,true,,211,23152,unknown,none,cloudy,94,tocf,10,karph701,,,iassd901,libkj901,fleta901,barrs901,(none),(none),tailj001,heana001,,regular,5,11,NYA,ANA,y,both,y,y,y,2021
NYA202106300,ANA,NYA,NYC21,20210630,0,7:05PM,night,9,2,true,,224,30714,unknown,none,cloudy,92,tolf,14,karph701,,,libkj901,fleta901,barrs901,iassd901,(none),(none),mayem001,luetl001,igler001,regular,11,8,ANA,NYA,y,both,y,y,y,2021
ANA202107020,BAL,ANA,ANA01,20210702,0,6:38PM,night,9,2,true,,206,23561,unknown,none,cloudy,76,torf,8,franm701,,,ticht901,reynj901,lives901,randt901,(none),(none),igler001,fry-p001,,regular,7,8,ANA,BAL,y,both,y,y,y,2021
ANA202107030,BAL,ANA,ANA01,20210703,0,7:07PM,night,9,2,true,,172,28160,unknown,none,sunny,75,tocf,9,munse701,,,reynj901,lives901,randt901,ticht901,(none),(none),cobba001,lopej004,igler001,regular,1,4,ANA,BAL,y,both,y,y,y,2021
ANA202107040,BAL,ANA,ANA01,20210704,0,1:07PM,day,9,2,true,,184,18955,unknown,none,sunny,79,rtol,11,munse701,,,lives901,randt901,ticht901,reynj901,(none),(none),igler001,sulsc001,,regular,5,6,ANA,BAL,y,both,y,y,y,2021
ANA202107050,BOS,ANA,ANA01,20210705,0,6:38PM,night,9,2,true,,226,38201,unknown,none,sunny,77,tocf,7,johnc701,,,marqa901,barrl901,becka901,timmt901,(none),(none),perem004,suarj001,ottaa001,regular,5,4,BOS,ANA,y,both,y,y,y,2021
ANA202107060,BOS,ANA,ANA01,20210706,0,6:38PM,night,9,2,true,,174,28689,unknown,none,sunny,78,tocf,4,franm701,,,barrl901,becka901,timmt901,marqa901,(none),(none),ohtas001,eovan001,igler001,regular,3,5,ANA,BOS,y,both,y,y,y,2021
ANA202107070,BOS,ANA,ANA01,20210707,0,1:07PM,day,9,2,true,,175,20001,unknown,none,sunny,79,torf,6,munse701,,,becka901,timmt901,marqa901,barrl901,(none),(none),heana001,rodre004,igler001,regular,4,5,ANA,BOS,y,both,y,y,y,2021
SEA202107090,ANA,SEA,SEA03,20210709,0,7:10PM,night,9,2,true,,211,20381,unknown,none,sunny,75,torf,5,peted701,,,fairc901,danlk901,valej901,buckc901,(none),(none),stecd001,mayem001,,regular,3,7,SEA,ANA,y,both,y,y,y,2021
SEA202107100,ANA,SEA,SEA03,20210710,0,7:10PM,night,9,2,true,,170,27353,unknown,none,sunny,74,unknown,6,padud701,,,danlk901,valej901,buckc901,fairc901,(none),(none),flexc001,sandp002,sewap001,regular,0,2,SEA,ANA,y,both,y,y,y,2021
SEA202107110,ANA,SEA,SEA03,20210711,0,1:10PM,day,9,2,true,,212,23348,unknown,none,sunny,67,ltor,3,peted701,,,valej901,buckc901,fairc901,danlk901,(none),(none),suarj001,ramiy002,igler001,regular,7,1,ANA,SEA,y,both,y,y,y,2021
ANA202107160,SEA,ANA,ANA01,20210716,0,6:38PM,night,9,2,true,,187,40880,unknown,none,sunny,80,tocf,10,franm701,,,drecb901,lentn901,westj901,mosce901,(none),(none),flexc001,heana001,sewap001,regular,6,5,SEA,ANA,y,both,y,y,y,2021
ANA202107170,SEA,ANA,ANA01,20210717,0,6:07PM,night,9,2,true,,200,28927,unknown,none,cloudy,79,rtol,12,munse701,,,lentn901,westj901,mosce901,drecb901,(none),(none),cobba001,kikuy001,,regular,4,9,ANA,SEA,y,both,y,y,y,2021
ANA202107180,SEA,ANA,ANA01,20210718,0,1:07PM,day,9,2,true,,200,23434,unknown,none,cloudy,88,tocf,10,munse701,,,westj901,mosce901,drecb901,lentn901,(none),(none),gilbl002,sandp002,,regular,7,4,SEA,ANA,y,both,y,y,y,2021
OAK202107190,ANA,OAK,OAK01,20210719,0,6:40PM,night,9,2,true,,171,14856,unknown,none,cloudy,67,torf,16,younj701,,,eddid901,millb901,knigb901,moorm901,(none),(none),irvic001,cishs001,trivl001,regular,1,4,OAK,ANA,y,both,y,y,y,2021
OAK202107200,ANA,OAK,OAK01,20210720,0,12:37PM,day,9,2,true,,181,9154,unknown,none,sunny,66,unknown,13,younj701,,,millb901,knigb901,moorm901,eddid901,(none),(none),kaprj001,suarj001,,regular,0,6,OAK,ANA,y,both,y,y,y,2021
MIN202107220,ANA,MIN,MIN04,20210722,0,7:10PM,night,9,2,true,,158,23337,unknown,none,cloudy,85,rtol,14,trayk701,,,cuzzp901,ortir901,hallt901,blasc901,(none),(none),heana001,maedk001,igler001,regular,3,2,ANA,MIN,y,both,y,y,y,2021
MIN202107230,ANA,MIN,MIN04,20210723,0,7:10PM,night,9,2,true,,187,21384,unknown,none,cloudy,90,rtol,15,thors701,,,ortir901,hallt901,blasc901,cuzzp901,(none),(none),minaj001,igler001,roget001,regular,4,5,MIN,ANA,y,both,y,y,y,2021
MIN202107240,ANA,MIN,MIN04,20210724,0,6:10PM,night,9,2,true,,154,22240,unknown,none,sunny,92,ltor,17,thors701,,,hallt901,blasc901,cuzzp901,ortir901,(none),(none),sandp002,berrj001,igler001,regular,2,1,ANA,MIN,y,both,y,y,y,2021
MIN202107250,ANA,MIN,MIN04,20210725,0,1:10PM,day,9,2,true,,162,23158,unknown,none,sunny,90,tocf,8,wongg701,,,blasc901,cuzzp901,ortir901,hallt901,(none),(none),barrj003,could001,,regular,6,2,ANA,MIN,y,both,y,y,y,2021
ANA202107260,COL,ANA,ANA01,20210726,0,6:38PM,night,9,2,true,,196,22751,unknown,none,cloudy,73,tolf,8,johnc701,,,drakr901,gibsg901,clemp901,davig901,(none),(none),ohtas001,marqg001,,regular,2,6,ANA,COL,y,both,y,y,y,2021
ANA202107270,COL,ANA,ANA01,20210727,0,6:38PM,night,9,2,true,,233,16115,unknown,none,sunny,81,rtol,9,munse701,,,gibsg901,clemp901,davig901,drakr901,(none),(none),gomba001,suarj001,,regular,12,3,COL,ANA,y,both,y,y,y,2021
ANA202107280,COL,ANA,ANA01,20210728,0,6:38PM,night,9,2,true,,218,16365,unknown,none,sunny,86,tocf,9,franm701,,,clemp901,davig901,drakr901,gibsg901,(none),(none),igler001,estec001,,regular,7,8,ANA,COL,y,both,y,y,y,2021
ANA202107290,OAK,ANA,ANA01,20210729,0,6:38PM,night,9,2,true,,194,18631,unknown,none,sunny,82,tocf,8,johnc701,,,wendh902,wolcq901,gibsh902,becka901,(none),(none),montf001,bundd001,,regular,4,0,OAK,ANA,y,both,y,y,y,2021
ANA202107300,OAK,ANA,ANA01,20210730,0,6:38PM,night,9,2,true,,198,28861,unknown,none,sunny,79,tocf,7,munse701,,,wolcq901,gibsh902,becka901,wendh902,(none),(none),bassc001,sandp002,trivl001,regular,2,0,OAK,ANA,y,both,y,y,y,2021
ANA202107310,OAK,ANA,ANA01,20210731,0,1:05PM,day,9,2,true,,163,23207,unknown,none,sunny,84,rtol,8,munse701,,,gibsh902,becka901,wendh902,wolcq901,(none),(none),barrj003,irvic001,igler001,regular,0,1,ANA,OAK,y,both,y,y,y,2021
ANA202108010,OAK,ANA,ANA01,20210801,0,1:07PM,day,9,2,true,,188,21597,unknown,none,sunny,86,tocf,4,munse701,,,becka901,wendh902,wolcq901,gibsh902,(none),(none),jeffd001,detmr001,,regular,8,3,OAK,ANA,y,both,y,y,y,2021
TEX202108020,ANA,TEX,ARL03,20210802,0,7:05PM,night,9,2,true,,149,20533,unknown,none,dome,72,unknown,0,bumpl701,,,westj901,lentn901,mahrn901,tomln901,(none),(none),dunnd001,rodrc002,patts002,regular,1,4,TEX,ANA,y,both,y,y,y,2021
TEX202108030,ANA,TEX,ARL03,20210803,0,7:05PM,night,9,2,true,,203,19074,unknown,none,dome,72,unknown,0,wells701,,,lentn901,mahrn901,tomln901,westj901,(none),(none),suarj001,lylej001,,regular,11,3,ANA,TEX,y,both,y,y,y,2021
TEX202108040,ANA,TEX,ARL03,20210804,0,7:05PM,night,9,2,true,,173,27360,unknown,none,dome,72,unknown,0,ruddw701,,,mahrn901,tomln901,westj901,lentn901,(none),(none),ohtas001,allak001,igler001,regular,2,1,ANA,TEX,y,both,y,y,y,2021
TEX202108050,ANA,TEX,ARL03,20210805,0,1:05PM,day,9,2,true,,179,21670,unknown,none,dome,72,unknown,0,wells701,,,tomln901,westj901,lentn901,mahrn901,(none),(none),bundd001,howas003,,regular,5,0,ANA,TEX,y,both,y,y,y,2021
LAN202108060,ANA,LAN,LOS03,20210806,0,7:10PM,night,9,2,false,,241,50822,unknown,none,sunny,75,unknown,2,dagod701,,,morag901,merzd901,tumpj901,hudsm901,(none),(none),warra003,cleag001,igler001,regular,4,3,ANA,LAN,y,both,y,y,y,2021
LAN202108070,ANA,LAN,LOS03,20210807,0,6:10PM,night,9,2,false,,185,50808,unknown,none,sunny,79,tocf,6,munse701,,,merzd901,tumpj901,hudsm901,morag901,(none),(none),gratb002,guerj003,jansk001,regular,3,5,LAN,ANA,y,both,y,y,y,2021
LAN202108080,ANA,LAN,LOS03,20210808,0,1:10PM,day,9,2,false,,178,46982,unknown,none,sunny,80,rtol,6,whitj701,,,tumpj901,hudsm901,morag901,merzd901,(none),(none),buehw001,detmr001,,regular,2,8,LAN,ANA,y,both,y,y,y,2021
ANA202108101,TOR,ANA,ANA01,20210810,1,3:07PM,day,7,2,true,true,163,3656,unknown,none,sunny,86,tocf,8,johnc701,,,mealj901,gormb901,hicke901,valej901,(none),(none),guerj003,matzs001,igler001,regular,3,6,ANA,TOR,y,both,y,y,y,2021
ANA202108102,TOR,ANA,ANA01,20210810,2,7:07PM,night,7,2,true,,143,14443,unknown,none,sunny,81,tocf,2,munse701,,,viscj901,hicke901,valej901,gormb901,(none),(none),richt001,suarj001,,regular,4,0,TOR,ANA,y,both,y,y,y,2021
ANA202108110,TOR,ANA,ANA01,20210811,0,6:38PM,night,9,2,true,,183,22620,unknown,none,cloudy,84,tocf,8,johnc701,,,hicke901,valej901,mealj901,viscj901,(none),(none),manoa001,bundd001,,regular,10,2,TOR,ANA,y,both,y,y,y,2021
ANA202108120,TOR,ANA,ANA01,20210812,0,6:38PM,night,9,2,true,,188,19590,unknown,none,sunny,82,tolf,10,munse701,,,valej901,mealj901,viscj901,hicke901,(none),(none),ohtas001,berrj001,,regular,3,6,ANA,TOR,y,both,y,y,y,2021
ANA202108130,HOU,ANA,ANA01,20210813,0,6:38PM,night,9,2,true,,171,23981,unknown,none,sunny,81,tocf,9,johnc701,,,blasc901,moorm901,rippm901,cuzzp901,(none),(none),greiz001,sandp002,presr001,regular,4,1,HOU,ANA,y,both,y,y,y,2021
ANA202108140,HOU,ANA,ANA01,20210814,0,6:07PM,night,9,2,true,,215,27121,unknown,none,cloudy,79,rtol,8,franm701,,,moorm901,rippm901,cuzzp901,blasc901,(none),(none),garcl007,barrj003,,regular,8,2,HOU,ANA,y,both,y,y,y,2021
ANA202108150,HOU,ANA,ANA01,20210815,0,1:07PM,day,9,2,true,,182,19281,unknown,none,sunny,84,tocf,9,munse701,,,rippm901,cuzzp901,blasc901,moorm901,(none),(none),detmr001,mccul002,igler001,regular,1,3,ANA,HOU,y,both,y,y,y,2021
NYA202108160,ANA,NYA,NYC21,20210816,0,7:05PM,night,9,2,true,,169,37010,unknown,none,cloudy,78,rtol,8,karph701,,,valej901,mealj901,viscj901,carav901,(none),(none),coleg001,suarj001,greec003,regular,1,2,NYA,ANA,y,both,y,y,y,2021
DET202108170,ANA,DET,DET05,20210817,0,7:10PM,night,9,2,true,,210,24714,unknown,none,cloudy,81,unknown,1,klonc701,,,wendh902,becka901,wolcq901,gibsh902,(none),(none),mayem001,sotog003,,regular,8,2,ANA,DET,y,both,y,y,y,2021
DET202108180,ANA,DET,DET05,20210818,0,7:10PM,night,9,2,true,,145,27282,unknown,none,cloudy,81,torf,7,kleir701,,,becka901,wolcq901,gibsh902,wendh902,(none),(none),ohtas001,skubt001,igler001,regular,3,1,ANA,DET,y,both,y,y,y,2021
DET202108190,ANA,DET,DET05,20210819,0,1:10PM,day,9,2,true,,238,20847,unknown,none,sunny,84,torf,4,libea701,,,wolcq901,gibsh902,wendh902,becka901,(none),(none),mayem001,fulmm001,warra003,regular,13,10,ANA,DET,y,both,y,y,y,2021
CLE202108200,ANA,CLE,CLE08,20210820,0,7:10PM,night,9,2,true,,182,22755,unknown,none,sunny,80,rtol,6,maveb701,,,guccc901,dejer901,belld901,porta901,(none),(none),stept002,barrj003,,regular,1,9,CLE,ANA,y,both,y,y,y,2021
CLE202108210,ANA,CLE,CLE08,20210821,0,4:10PM,day,9,2,true,,170,31406,unknown,none,sunny,79,fromcf,6,maveb701,,,dejer901,belld901,porta901,guccc901,(none),(none),mcket001,detmr001,,regular,1,5,CLE,ANA,y,both,y,y,y,2021
CLE202108220,ANA,CLE,WIL02,20210822,0,7:10PM,night,9,2,true,,167,1832,unknown,none,cloudy,77,torf,6,golam701,,,belld901,porta901,guccc901,barbs901,(none),(none),quanc001,suarj001,clase001,regular,0,3,CLE,ANA,y,both,y,y,y,2021
BAL202108240,ANA,BAL,BAL12,20210824,0,7:05PM,night,9,2,true,,230,8781,unknown,none,sunny,91,torf,5,jacom701,,,culbf901,mosce901,onorb901,blakr901,(none),(none),guerj003,watks003,,regular,14,8,ANA,BAL,y,both,y,y,y,2021
BAL202108250,ANA,BAL,BAL12,20210825,0,7:05PM,night,9,2,true,,202,15867,unknown,none,cloudy,89,tolf,9,eiger701,,,mosce901,onorb901,blakr901,culbf901,(none),(none),scott003,petrj001,,regular,6,10,BAL,ANA,y,both,y,y,y,2021
BAL202108260,ANA,BAL,BAL12,20210826,0,1:05PM,day,9,2,true,,187,10211,unknown,none,sunny,91,unknown,4,lee-j701,,,onorb901,blakr901,culbf901,mosce901,(none),(none),akink001,pegue001,,regular,1,13,BAL,ANA,y,both,y,y,y,2021
ANA202108270,SDN,ANA,ANA01,20210827,0,6:38PM,night,9,2,true,,162,25376,unknown,none,sunny,82,rtol,8,franm701,,,mealj901,carav901,hicke901,addir901,(none),(none),musgj001,crisc002,,regular,5,0,SDN,ANA,y,both,y,y,y,2021
ANA202108280,SDN,ANA,ANA01,20210828,0,6:07PM,night,9,2,true,,215,36176,unknown,none,sunny,75,rtol,10,munse701,,,carav901,hicke901,addir901,mealj901,(none),(none),wanta001,weatr001,,regular,2,10,ANA,SDN,y,both,y,y,y,2021
ANA202108300,NYA,ANA,ANA01,20210830,0,6:38PM,night,9,2,true,,190,29436,unknown,none,sunny,73,tolf,9,munse701,,,muchm901,wolfj901,valej901,holbs901,(none),(none),guerj003,peraw002,igler001,regular,7,8,ANA,NYA,y,both,y,y,y,2021
ANA202108310,NYA,ANA,ANA01,20210831,0,6:38PM,night,9,2,true,,192,34813,unknown,none,sunny,72,torf,6,franm701,,,wolfj901,valej901,holbs901,muchm901,(none),(none),hergj001,tailj001,igler001,regular,4,6,ANA,NYA,y,both,y,y,y,2021
ANA202109010,NYA,ANA,ANA01,20210901,0,4:07PM,day,9,2,true,,170,28753,unknown,none,cloudy,75,tolf,8,munse701,,,valej901,holbs901,muchm901,wolfj901,(none),(none),coleg001,naugp001,chapa001,regular,4,1,NYA,ANA,y,both,y,y,y,2021
ANA202109030,TEX,ANA,ANA01,20210903,0,6:38PM,night,9,2,true,,202,19074,unknown,none,sunny,77,rtol,6,johnc701,,,riggj901,barkl901,johna901,gormb901,(none),(none),ohtas001,santd003,igler001,regular,2,3,ANA,TEX,y,both,y,y,y,2021
ANA202109040,TEX,ANA,ANA01,20210904,0,6:07PM,night,9,2,true,,141,22697,unknown,none,sunny,93,torf,10,munse701,,,barkl901,johna901,gormb901,riggj901,(none),(none),suarj001,allak001,,regular,1,4,ANA,TEX,y,both,y,y,y,2021
ANA202109050,TEX,ANA,ANA01,20210905,0,1:07PM,day,9,2,true,,195,18492,unknown,none,sunny,95,tocf,6,munse701,,,johna901,gormb901,riggj901,barkl901,(none),(none),heart001,junkj001,,regular,7,3,TEX,ANA,y,both,y,y,y,2021
ANA202109060,TEX,ANA,ANA01,20210906,0,6:07PM,night,9,2,true,,157,16241,unknown,none,sunny,79,tocf,9,munse701,,,gormb901,riggj901,kulpr901,johna901,(none),(none),alexa001,barrj003,,regular,4,0,TEX,ANA,y,both,y,y,y,2021
SDN202109070,ANA,SDN,SAN02,20210907,0,7:10PM,night,9,2,false,,173,34405,unknown,none,sunny,77,ltor,6,mathd701,,,barrl901,marqa901,addir901,torrc901,(none),(none),hergj001,snelb001,,regular,4,0,ANA,SDN,y,both,y,y,y,2021
SDN202109080,ANA,SDN,SAN02,20210908,0,5:10PM,night,9,2,false,,211,34537,unknown,none,sunny,79,ltor,13,zaveb701,,,marqa901,addir901,torrc901,barrl901,(none),(none),darvy001,mayem001,melam001,regular,5,8,SDN,ANA,y,both,y,y,y,2021
HOU202109100,ANA,HOU,HOU03,20210910,0,7:10PM,night,9,2,true,,217,28740,unknown,none,dome,73,unknown,0,wilkt701,,,onorb901,culbf901,merzd901,reybd901,(none),(none),valdf001,ohtas001,,regular,5,10,HOU,ANA,y,both,y,y,y,2021
HOU202109110,ANA,HOU,HOU03,20210911,0,6:10PM,night,9,2,true,,222,31547,unknown,none,dome,73,unknown,0,wilkt701,,,culbf901,merzd901,reybd901,onorb901,(none),(none),suarj001,garcl007,igler001,regular,4,2,ANA,HOU,y,both,y,y,y,2021
HOU202109120,ANA,HOU,HOU03,20210912,0,1:10PM,day,9,2,true,,199,28763,unknown,none,dome,73,unknown,0,wilkt701,,,merzd901,reybd901,onorb901,culbf901,(none),(none),mccul002,quijj001,presr001,regular,1,3,HOU,ANA,y,both,y,y,y,2021
CHA202109140,ANA,CHA,CHI12,20210914,0,7:10PM,night,9,2,true,,201,21848,unknown,none,cloudy,78,tocf,16,seipb701,,,welkb901,hobep901,conrc901,may-b901,(none),(none),bumma001,naugp001,,regular,3,9,CHA,ANA,y,both,y,y,y,2021
CHA202109150,ANA,CHA,CHI12,20210915,0,7:10PM,night,9,2,true,,192,26505,unknown,none,sunny,70,fromlf,10,speaa701,,,hobep901,conrc901,may-b901,welkb901,(none),(none),mayem001,kopem001,igler001,regular,3,2,ANA,CHA,y,both,y,y,y,2021
CHA202109160,ANA,CHA,CHI12,20210916,0,1:10PM,day,9,2,true,,196,27098,unknown,none,sunny,79,fromcf,9,seipb701,,,conrc901,may-b901,welkb901,hobep901,(none),(none),cobba001,loper003,,regular,9,3,ANA,CHA,y,both,y,y,y,2021
ANA202109170,OAK,ANA,ANA01,20210917,0,6:38PM,night,9,2,true,,199,18918,unknown,none,sunny,70,tolf,8,munse701,,,segac901,hoyej901,bacce901,carlm901,(none),(none),irvic001,martj010,romos001,regular,5,4,OAK,ANA,y,both,y,y,y,2021
ANA202109180,OAK,ANA,ANA01,20210918,0,6:07PM,night,9,2,true,,186,27150,unknown,none,sunny,73,tocf,9,munse701,,,hoyej901,bacce901,carlm901,segac901,(none),(none),kaprj001,suarj001,chafa001,regular,3,1,OAK,ANA,y,both,y,y,y,2021
ANA202109190,OAK,ANA,ANA01,20210919,0,1:07PM,day,9,2,true,,201,22456,unknown,none,sunny,75,tolf,7,munse701,,,bacce901,carlm901,segac901,hoyej901,(none),(none),trivl001,igler001,,regular,3,2,OAK,ANA,y,both,y,y,y,2021
ANA202109200,HOU,ANA,ANA01,20210920,0,6:38PM,night,9,2,true,,192,16070,unknown,none,sunny,75,torf,6,johnc701,,,cejan901,ticht901,whitc901,davig901,(none),(none),valdf001,barrj003,,regular,10,0,HOU,ANA,y,both,y,y,y,2021
ANA202109210,HOU,ANA,ANA01,20210921,0,6:38PM,night,9,2,true,,188,18332,unknown,none,sunny,88,torf,6,franm701,,,ticht901,whitc901,davig901,cejan901,(none),(none),urquj001,naugp001,,regular,10,5,HOU,ANA,y,both,y,y,y,2021
ANA202109220,HOU,ANA,ANA01,20210922,0,6:38PM,night,9,2,true,,258,14863,unknown,none,sunny,82,torf,5,munse701,,,whitc901,davig901,cejan901,ticht901,(none),(none),garcy001,selms001,,regular,9,5,HOU,ANA,y,both,y,y,y,2021
ANA202109230,HOU,ANA,ANA01,20210923,0,6:38PM,night,9,2,true,,198,19829,unknown,none,cloudy,70,tolf,6,munse701,,,davig901,cejan901,ticht901,whitc901,(none),(none),warra003,mccul002,igler001,regular,2,3,ANA,HOU,y,both,y,y,y,2021
ANA202109240,SEA,ANA,ANA01,20210924,0,6:38PM,night,9,2,true,,220,18551,unknown,none,cloudy,74,tocf,8,franm701,,,wegnm901,porta901,dejer901,guccc901,(none),(none),smitj002,hergj001,sewap001,regular,6,5,SEA,ANA,y,both,y,y,y,2021
ANA202109250,SEA,ANA,ANA01,20210925,0,6:07PM,night,9,2,true,,187,30221,unknown,none,sunny,72,torf,10,johnc701,,,porta901,dejer901,guccc901,wegnm901,(none),(none),diazj007,andet002,,regular,1,14,ANA,SEA,y,both,y,y,y,2021
ANA202109260,SEA,ANA,ANA01,20210926,0,1:07PM,day,9,2,true,,189,22057,unknown,none,cloudy,70,tocf,4,munse701,,,dejer901,guccc901,wegnm901,porta901,(none),(none),gonzm005,quijj001,,regular,5,1,SEA,ANA,y,both,y,y,y,2021
TEX202109280,ANA,TEX,ARL03,20210928,0,7:05PM,night,9,2,true,,179,20066,unknown,none,dome,72,unknown,0,ruddw701,,,holbs901,muchm901,bacoj901,lives901,(none),(none),alexa001,naugp001,barlj001,regular,2,5,TEX,ANA,y,both,y,y,y,2021
TEX202109290,ANA,TEX,ARL03,20210929,0,7:05PM,night,9,2,true,,200,23241,unknown,none,dome,72,unknown,0,bumpl701,,,muchm901,bacoj901,lives901,holbs901,(none),(none),warra003,heart001,,regular,7,2,ANA,TEX,y,both,y,y,y,2021
TEX202109300,ANA,TEX,ARL03,20210930,0,1:05PM,day,9,2,true,,198,19960,unknown,none,dome,72,unknown,0,bumpl701,,,bacoj901,lives901,holbs901,muchm901,(none),(none),patts002,hergj001,barlj001,regular,6,7,TEX,ANA,y,both,y,y,y,2021
SEA202110010,ANA,SEA,SEA03,20211001,0,7:10PM,night,9,2,true,,193,44169,unknown,none,cloudy,56,fromrf,1,peted701,,,rehaj901,barrs901,iassd901,dejer901,(none),(none),suarj001,gonzm005,igler001,regular,2,1,ANA,SEA,y,both,y,y,y,2021
SEA202110020,ANA,SEA,SEA03,20211002,0,6:10PM,night,9,2,true,,217,44414,unknown,none,cloudy,62,tocf,1,padud701,,,barrs901,iassd901,dejer901,rehaj901,(none),(none),sewap001,cishs001,stecd001,regular,4,6,SEA,ANA,y,both,y,y,y,2021
SEA202110030,ANA,SEA,SEA03,20211003,0,12:10PM,day,9,2,true,,236,44229,unknown,none,dome,54,unknown,0,padud701,,,iassd901,dejer901,rehaj901,barrs901,(none),(none),orteo001,andet002,,regular,7,3,ANA,SEA,y,both,y,y,y,2021
ANA202204070,HOU,ANA,ANA01,20220407,0,6:38PM,night,9,2,true,,195,44723,unknown,none,sunny,93,torf,6,munse701,,,hicke901,carav901,viscj901,willr901,(none),(none),valdf001,ohtas001,presr001,regular,3,1,HOU,ANA,y,both,y,y,y,2022
ANA202204080,HOU,ANA,ANA01,20220408,0,6:38PM,night,9,2,true,,224,42719,unknown,none,sunny,93,rtol,10,munse701,,,carav901,viscj901,willr901,hicke901,(none),(none),montr004,orteo001,,regular,13,6,HOU,ANA,y,both,y,y,y,2022
ANA202204090,HOU,ANA,ANA01,20220409,0,6:07PM,night,9,2,true,,182,36139,unknown,none,sunny,72,tocf,12,franm701,,,viscj901,willr901,hicke901,carav901,(none),(none),syndn001,verlj001,igler001,regular,0,2,ANA,HOU,y,both,y,y,y,2022
ANA202204100,HOU,ANA,ANA01,20220410,0,1:07PM,day,9,2,true,,195,41253,unknown,none,overcast,70,tocf,7,munse701,,,willr901,hicke901,carav901,viscj901,(none),(none),urquj001,suarj001,presr001,regular,4,1,HOU,ANA,y,both,y,y,y,2022
ANA202204110,MIA,ANA,ANA01,20220411,0,6:38PM,night,9,2,true,,162,20480,unknown,none,cloudy,65,rtol,9,johnc701,,,mahrn901,marqa901,barrl901,dejer901,(none),(none),lorem002,herne002,,regular,2,6,ANA,MIA,y,both,y,y,y,2022
ANA202204120,MIA,ANA,ANA01,20220412,0,4:07PM,day,9,2,true,,179,16132,unknown,none,sunny,71,torf,12,franm701,,,marqa901,barrl901,dejer901,mahrn901,(none),(none),igler001,benda001,,regular,3,4,ANA,MIA,y,both,y,y,y,2022
TEX202204140,ANA,TEX,ARL03,20220414,0,7:05PM,night,9,2,true,,210,21440,unknown,none,sunny,77,unknown,9,wells701,,,tumpj901,blakr901,hudsm901,johna901,(none),(none),kingj002,ohtas001,,regular,5,10,TEX,ANA,y,both,y,y,y,2022
TEX202204150,ANA,TEX,ARL03,20220415,0,7:05PM,night,9,2,true,,212,28723,unknown,none,cloudy,82,rtol,16,bumpl701,,,blakr901,hudsm901,johna901,tumpj901,(none),(none),warra003,allak001,igler001,regular,9,6,ANA,TEX,y,both,y,y,y,2022
TEX202204160,ANA,TEX,ARL03,20220416,0,6:05PM,night,9,2,true,,190,34493,unknown,none,cloudy,72,fromlf,14,ruddw701,,,hudsm901,johna901,tumpj901,blakr901,(none),(none),syndn001,heart001,,regular,7,2,ANA,TEX,y,both,y,y,y,2022
TEX202204170,ANA,TEX,ARL03,20220417,0,1:35PM,day,9,2,true,,205,22650,unknown,none,cloudy,67,unknown,5,ruddw701,,,johna901,tumpj901,blakr901,hudsm901,(none),(none),mayem001,perem004,,regular,8,3,ANA,TEX,y,both,y,y,y,2022
HOU202204180,ANA,HOU,HOU03,20220418,0,7:10PM,night,9,2,true,,202,42646,unknown,none,dome,73,unknown,0,fanud701,,,belld901,willr901,mealj901,hicke901,(none),(none),garcl007,lorem002,,regular,3,8,HOU,ANA,y,both,y,y,y,2022
HOU202204190,ANA,HOU,HOU03,20220419,0,7:10PM,night,9,2,true,,216,30212,unknown,none,dome,73,unknown,0,wilkt701,,,willr901,mealj901,hicke901,belld901,(none),(none),orteo001,valdf001,,regular,7,2,ANA,HOU,y,both,y,y,y,2022
HOU202204200,ANA,HOU,HOU03,20220420,0,5:40PM,night,9,2,true,,188,29049,unknown,none,dome,73,unknown,0,fanud701,,,mealj901,hicke901,belld901,willr901,(none),(none),ohtas001,odorj001,,regular,6,0,ANA,HOU,y,both,y,y,y,2022
ANA202204220,BAL,ANA,ANA01,20220422,0,6:38PM,night,9,2,true,,175,31679,unknown,none,cloudy,64,torf,11,franm701,,,bakej902,addir901,carlm901,bacce901,(none),(none),zimmb002,detmr001,lopej004,regular,5,3,BAL,ANA,y,both,y,y,y,2022
ANA202204230,BAL,ANA,ANA01,20220423,0,6:07PM,night,9,2,true,,191,43883,unknown,none,sunny,73,torf,9,munse701,,,addir901,carlm901,bacce901,bakej902,(none),(none),bakeb001,loupa001,lopej004,regular,5,4,BAL,ANA,y,both,y,y,y,2022
ANA202204240,BAL,ANA,ANA01,20220424,0,1:07PM,day,9,2,true,,222,41984,unknown,none,sunny,88,rtol,10,munse701,,,carlm901,bacce901,bakej902,addir901,(none),(none),hergj001,baumm001,brada001,regular,6,7,ANA,BAL,y,both,y,y,y,2022
ANA202204250,CLE,ANA,ANA01,20220425,0,6:38PM,night,9,2,true,,142,23099,unknown,none,cloudy,82,rtol,8,franm701,,,valej901,millb901,knigb901,ortir901,(none),(none),lorem002,biebs001,igler001,regular,0,3,ANA,CLE,y,both,y,y,y,2022
ANA202204260,CLE,ANA,ANA01,20220426,0,6:38PM,night,9,2,true,,154,22551,unknown,none,sunny,72,rtol,8,munse701,,,millb901,knigb901,ortir901,valej901,(none),(none),sandp002,mcket001,igler001,regular,1,4,ANA,CLE,y,both,y,y,y,2022
ANA202204270,CLE,ANA,ANA01,20220427,0,6:38PM,night,9,2,true,,192,28557,unknown,none,sunny,65,tocf,10,johnc701,,,knigb901,ortir901,valej901,millb901,(none),(none),ohtas001,plesz001,,regular,5,9,ANA,CLE,y,both,y,y,y,2022
ANA202204280,CLE,ANA,ANA01,20220428,0,1:07PM,day,9,2,true,,155,18826,unknown,none,cloudy,66,torf,5,munse701,,,ortir901,valej901,millb901,knigb901,(none),(none),detmr001,quanc001,igler001,regular,1,4,ANA,CLE,y,both,y,y,y,2022
CHA202204290,ANA,CHA,CHI12,20220429,0,6:10PM,night,9,2,true,,199,23709,unknown,none,cloudy,60,ltor,15,lissr701,,,rackd901,vanol901,belld901,barbs901,(none),(none),warra003,gioll001,igler001,regular,5,1,ANA,CHA,y,both,y,y,y,2022
CHA202204300,ANA,CHA,CHI12,20220430,0,3:05PM,day,9,2,true,,175,33762,unknown,none,overcast,61,fromlf,18,seipb701,,,vanol901,belld901,barbs901,rackd901,(none),(none),velav001,suarj001,,regular,0,4,CHA,ANA,y,both,y,y,y,2022
CHA202205010,ANA,CHA,CHI12,20220501,0,1:10PM,day,9,2,true,,195,27664,unknown,none,cloudy,53,rtol,17,speaa701,,,belld901,barbs901,rackd901,vanol901,(none),(none),lorem002,keucd001,teper001,regular,6,5,ANA,CHA,y,both,y,y,y,2022
CHA202205020,ANA,CHA,CHI12,20220502,0,1:10PM,day,9,2,true,,159,13112,unknown,none,overcast,51,rtol,8,seipb701,,,barbs901,rackd901,vanol901,belld901,(none),(none),ceasd001,sandp002,hendl001,regular,0,3,CHA,ANA,y,both,y,y,y,2022
BOS202205030,ANA,BOS,BOS07,20220503,0,7:10PM,night,9,2,true,,143,29793,unknown,none,cloudy,50,rtol,8,foxxl701,,,drecb901,hobep901,emmep901,cejan901,(none),(none),wachm001,syndn001,,regular,0,4,BOS,ANA,y,both,y,y,y,2022
BOS202205040,ANA,BOS,BOS07,20220504,0,7:10PM,night,9,2,true,,222,27679,unknown,none,cloudy,52,torf,4,foxxl701,,,hobep901,emmep901,cejan901,drecb901,(none),(none),teper001,barnm001,,regular,10,5,ANA,BOS,y,both,y,y,y,2022
BOS202205050,ANA,BOS,BOS07,20220505,0,1:35PM,day,9,2,true,,175,29476,unknown,none,cloudy,57,torf,12,foxxl701,,,emmep901,cejan901,drecb901,hobep901,(none),(none),ohtas001,houct001,,regular,8,0,ANA,BOS,y,both,y,y,y,2022
ANA202205060,WAS,ANA,ANA01,20220506,0,6:38PM,night,9,2,true,,148,41923,unknown,none,sunny,71,rtol,9,johnc701,,,whitc901,mosce901,hamaa901,wendh902,(none),(none),diazj007,adonj001,igler001,regular,0,3,ANA,WAS,y,both,y,y,y,2022
ANA202205070,WAS,ANA,ANA01,20220507,0,6:07PM,night,9,2,true,,182,30666,unknown,none,sunny,70,tocf,12,munse701,,,mosce901,hamaa901,wendh902,whitc901,(none),(none),grayj004,lorem002,,regular,7,3,WAS,ANA,y,both,y,y,y,2022
ANA202205080,WAS,ANA,ANA01,20220508,0,1:07PM,day,9,2,true,,206,32337,unknown,none,cloudy,68,torf,11,munse701,,,hamaa901,wendh902,whitc901,mosce901,(none),(none),barrj003,raint003,,regular,4,5,ANA,WAS,y,both,y,y,y,2022
ANA202205090,TBA,ANA,ANA01,20220509,0,6:38PM,night,9,2,true,,182,19537,unknown,none,sunny,66,tocf,6,johnc701,,,tumpj901,blakr901,hudsm901,johna901,(none),(none),syndn001,sprij001,,regular,3,11,ANA,TBA,y,both,y,y,y,2022
ANA202205100,TBA,ANA,ANA01,20220510,0,6:38PM,night,9,2,true,,139,39313,unknown,none,sunny,65,rtol,10,franm701,,,blakr901,hudsm901,johna901,tumpj901,(none),(none),detmr001,klubc001,,regular,0,12,ANA,TBA,y,both,y,y,y,2022
ANA202205110,TBA,ANA,ANA01,20220511,0,4:07PM,day,9,2,true,,197,21045,unknown,none,sunny,69,tocf,8,franm701,,,hudsm901,johna901,tumpj901,blakr901,(none),(none),feyej001,loupa001,raleb001,regular,4,2,TBA,ANA,y,both,y,y,y,2022
OAK202205130,ANA,OAK,OAK01,20220513,0,6:40PM,night,9,2,true,,150,13992,unknown,none,sunny,65,unknown,14,younj701,,,vondc901,barrs901,may-b901,fostm901,(none),(none),silsc001,jeffd001,igler001,regular,2,0,ANA,OAK,y,both,y,y,y,2022
OAK202205141,ANA,OAK,OAK01,20220514,1,1:07PM,day,9,2,true,,198,12719,unknown,none,sunny,72,torf,11,ducam701,,,barrs901,tosia901,fostm901,vondc901,(none),(none),trivl001,igler001,,regular,3,4,OAK,ANA,y,both,y,y,y,2022
OAK202205142,ANA,OAK,OAK01,20220514,2,6:40PM,night,9,2,true,,167,7737,unknown,none,sunny,68,unknown,12,ducam701,,,may-b901,fostm901,vondc901,tosia901,(none),(none),lorem002,ollea001,,regular,9,1,ANA,OAK,y,both,y,y,y,2022
OAK202205150,ANA,OAK,OAK01,20220515,0,1:07PM,day,9,2,true,,209,14668,unknown,none,cloudy,67,torf,14,younj701,,,fostm901,vondc901,barrs901,may-b901,(none),(none),sandp002,montf001,hergj001,regular,4,1,ANA,OAK,y,both,y,y,y,2022
TEX202205160,ANA,TEX,ARL03,20220516,0,7:05PM,night,9,2,true,,171,15110,unknown,none,dome,72,unknown,0,bumpl701,,,sches901,nelsj901,buckc901,ramoc901,(none),(none),grayj003,syndn001,barlj001,regular,4,7,TEX,ANA,y,both,y,y,y,2022
TEX202205170,ANA,TEX,ARL03,20220517,0,7:05PM,night,9,2,true,,238,17727,unknown,none,dome,72,unknown,0,ruizc701,,,nelsj901,buckc901,ramoc901,sches901,(none),(none),santd003,teper001,,regular,5,10,TEX,ANA,y,both,y,y,y,2022
TEX202205180,ANA,TEX,ARL03,20220518,0,7:05PM,night,9,2,true,,203,20366,unknown,none,dome,72,unknown,0,wells701,,,buckc901,ramoc901,sches901,nelsj901,(none),(none),santd003,igler001,,regular,5,6,TEX,ANA,y,both,y,y,y,2022
ANA202205200,OAK,ANA,ANA01,20220520,0,6:38PM,night,9,2,true,,204,32422,unknown,none,overcast,65,rtol,8,johnc701,,,vanol901,rackd901,barbs901,ortir901,(none),(none),molls001,silsc001,jimed002,regular,4,2,OAK,ANA,y,both,y,y,y,2022
ANA202205210,OAK,ANA,ANA01,20220521,0,6:07PM,night,9,2,true,,192,39045,unknown,none,cloudy,66,tocf,12,munse701,,,rackd901,barbs901,ortir901,vanol901,(none),(none),lorem002,kolaa001,igler001,regular,3,5,ANA,OAK,y,both,y,y,y,2022
ANA202205220,OAK,ANA,ANA01,20220522,0,1:07PM,day,9,2,true,,169,40042,unknown,none,cloudy,73,tocf,9,munse701,,,barbs901,ortir901,vanol901,rackd901,(none),(none),sandp002,irvic001,igler001,regular,1,4,ANA,OAK,y,both,y,y,y,2022
ANA202205240,TEX,ANA,ANA01,20220524,0,6:38PM,night,9,2,true,,150,23791,unknown,none,sunny,70,rtol,11,munse701,,,knigb901,lentn901,cejan901,barrt901,(none),(none),syndn001,dunnd001,igler001,regular,3,5,ANA,TEX,y,both,y,y,y,2022
ANA202205250,TEX,ANA,ANA01,20220525,0,6:38PM,night,9,2,true,,169,22950,unknown,none,sunny,70,rtol,9,munse701,,,lentn901,cejan901,barrt901,knigb901,(none),(none),ottog001,detmr001,,regular,7,2,TEX,ANA,y,both,y,y,y,2022
ANA202205260,TOR,ANA,ANA01,20220526,0,6:38PM,night,9,2,true,,176,28228,unknown,none,sunny,68,tocf,10,johnc701,,,libkj901,reynj901,tosia901,muchm901,(none),(none),ryu-h001,ohtas001,,regular,6,3,TOR,ANA,y,both,y,y,y,2022
ANA202205270,TOR,ANA,ANA01,20220527,0,6:38PM,night,9,2,true,,185,44641,unknown,none,sunny,68,torf,6,johnc701,,,reynj901,tosia901,muchm901,libkj901,(none),(none),richt001,igler001,romaj004,regular,4,3,TOR,ANA,y,both,y,y,y,2022
ANA202205280,TOR,ANA,ANA01,20220528,0,7:07PM,night,9,2,true,,225,34005,unknown,none,cloudy,64,tocf,8,munse701,,,tosia901,muchm901,libkj901,reynj901,(none),(none),cimba001,barrk002,strir001,regular,6,5,TOR,ANA,y,both,y,y,y,2022
ANA202205290,TOR,ANA,ANA01,20220529,0,1:07PM,day,9,2,true,,253,36568,unknown,none,cloudy,72,tocf,10,munse701,,,muchm901,libkj901,reynj901,tosia901,(none),(none),cimba001,quijj001,pheld001,regular,11,10,TOR,ANA,y,both,y,y,y,2022
NYA202205310,ANA,NYA,NYC21,20220531,0,7:05PM,night,9,2,true,,174,31242,unknown,none,cloudy,89,torf,7,karph701,,,iassd901,may-b901,vondc901,guccc901,(none),(none),montj004,syndn001,,regular,1,9,NYA,ANA,y,both,y,y,y,2022
NYA202206021,ANA,NYA,NYC21,20220602,1,1:05PM,day,9,2,true,,187,30518,unknown,none,cloudy,76,rtol,4,kaplh701,,,may-b901,ramoc901,guccc901,iassd901,(none),(none),cortn001,ohtas001,peraw002,regular,1,6,NYA,ANA,y,both,y,y,y,2022
NYA202206022,ANA,NYA,NYC21,20220602,2,7:05PM,night,9,2,true,,188,33476,unknown,none,overcast,71,fromlf,6,kaplh701,,,vondc901,guccc901,iassd901,ramoc901,(none),(none),tailj001,orteo001,holmc001,regular,1,2,NYA,ANA,y,both,y,y,y,2022
PHI202206030,ANA,PHI,PHI13,20220603,0,7:05PM,night,9,2,true,,161,28721,unknown,none,cloudy,78,fromlf,12,macom701,,,dejer901,marqa901,belld901,riggj901,(none),(none),efliz001,silsc001,,regular,0,10,PHI,ANA,y,both,y,y,y,2022
PHI202206040,ANA,PHI,PHI13,20220604,0,7:15PM,night,9,2,true,,185,36313,unknown,none,sunny,82,torf,9,golam701,,,marqa901,belld901,riggj901,dejer901,(none),(none),wheez001,lorem002,,regular,2,7,PHI,ANA,y,both,y,y,y,2022
PHI202206050,ANA,PHI,PHI13,20220605,0,1:35PM,day,9,2,true,,237,34801,unknown,none,sunny,77,tolf,9,shutd701,,,belld901,riggj901,dejer901,marqa901,(none),(none),knebc001,igler001,,regular,7,9,PHI,ANA,y,both,y,y,y,2022
ANA202206060,BOS,ANA,ANA01,20220606,0,6:38PM,night,9,2,true,,152,29395,unknown,none,sunny,75,unknown,2,franm701,,,conrc901,torrc901,blasc901,ramoc901,(none),(none),wachm001,syndn001,,regular,1,0,BOS,ANA,y,both,y,y,y,2022
ANA202206070,BOS,ANA,ANA01,20220607,0,6:38PM,night,9,2,true,,236,27627,unknown,none,sunny,73,tocf,9,munse701,,,torrc901,blasc901,ramoc901,conrc901,(none),(none),houct001,barrj003,stram001,regular,6,5,BOS,ANA,y,both,y,y,y,2022
ANA202206080,BOS,ANA,ANA01,20220608,0,6:38PM,night,9,2,true,,189,26587,unknown,none,sunny,73,rtol,10,munse701,,,blasc901,ramoc901,conrc901,torrc901,(none),(none),eovan001,hergj001,stram001,regular,1,0,BOS,ANA,y,both,y,y,y,2022
ANA202206090,BOS,ANA,ANA01,20220609,0,6:38PM,night,9,2,true,,189,28595,unknown,none,cloudy,73,rtol,8,johnc701,,,ramoc901,conrc901,torrc901,blasc901,(none),(none),ohtas001,piven001,igler001,regular,2,5,ANA,BOS,y,both,y,y,y,2022
ANA202206100,NYN,ANA,ANA01,20220610,0,6:38PM,night,9,2,true,,201,31499,unknown,none,cloudy,76,tocf,10,franm701,,,viscj901,willr901,roser901,mealj901,(none),(none),peted003,diazj007,,regular,7,3,NYN,ANA,y,both,y,y,y,2022
ANA202206110,NYN,ANA,ANA01,20220611,0,7:07PM,night,9,2,true,,201,36408,unknown,none,sunny,75,rtol,9,munse701,,,willr901,roser901,mealj901,viscj901,(none),(none),lorem002,carrc003,,regular,6,11,ANA,NYN,y,both,y,y,y,2022
ANA202206120,NYN,ANA,ANA01,20220612,0,4:08PM,day,9,2,true,,191,36598,unknown,none,sunny,79,tocf,10,munse701,,,roser901,mealj901,viscj901,willr901,(none),(none),walkt004,sandp002,diaze006,regular,4,1,NYN,ANA,y,both,y,y,y,2022
LAN202206140,ANA,LAN,LOS03,20220614,0,7:10PM,night,9,2,true,,178,51013,unknown,none,sunny,73,torf,6,munse701,,,tomln901,belld901,diazl901,gibsh902,(none),(none),gonst001,syndn001,kimbc001,regular,0,2,LAN,ANA,y,both,y,y,y,2022
LAN202206150,ANA,LAN,LOS03,20220615,0,7:10PM,night,9,2,true,,170,50812,unknown,none,sunny,70,torf,7,dagod701,,,belld901,diazl901,gibsh902,macka901,(none),(none),andet002,detmr001,,regular,1,4,LAN,ANA,y,both,y,y,y,2022
SEA202206160,ANA,SEA,SEA03,20220616,0,7:10PM,night,9,2,true,,173,21485,unknown,none,cloudy,67,unknown,0,peted701,,,arrid901,wendh902,hamaa901,laynj901,(none),(none),ohtas001,kirbg001,igler001,regular,4,1,ANA,SEA,y,both,y,y,y,2022
SEA202206170,ANA,SEA,SEA03,20220617,0,7:10PM,night,9,2,true,,157,37500,unknown,none,dome,57,unknown,0,padud701,,,wendh902,hamaa901,laynj901,arrid901,(none),(none),ray-r002,lorem002,,regular,1,8,SEA,ANA,y,both,y,y,y,2022
SEA202206181,ANA,SEA,SEA03,20220618,1,1:10PM,day,9,2,true,,204,24071,unknown,none,overcast,57,unknown,1,padud701,,,hamaa901,arrid901,mahrn901,wendh902,(none),(none),igler001,castd002,quijj001,regular,4,2,ANA,SEA,y,both,y,y,y,2022
SEA202206182,ANA,SEA,SEA03,20220618,2,7:10PM,night,9,2,true,,177,20804,unknown,none,dome,57,unknown,0,peted701,,,laynj901,mahrn901,wendh902,arrid901,(none),(none),hergj001,milot001,brada001,regular,3,0,ANA,SEA,y,both,y,y,y,2022
SEA202206190,ANA,SEA,SEA03,20220619,0,1:10PM,day,9,2,true,,164,39052,unknown,none,cloudy,62,torf,5,peted701,,,mahrn901,arrid901,hamaa901,laynj901,(none),(none),wanta001,gilbl002,,regular,4,0,ANA,SEA,y,both,y,y,y,2022
ANA202206200,KCA,ANA,ANA01,20220620,0,6:38PM,night,9,2,true,,178,22234,unknown,none,sunny,86,torf,6,johnc701,,,welkb901,cejan901,morag901,fleta901,(none),(none),bubik001,syndn001,,regular,6,2,KCA,ANA,y,both,y,y,y,2022
ANA202206210,KCA,ANA,ANA01,20220621,0,6:38PM,night,9,2,true,,254,20189,unknown,none,cloudy,79,rtol,10,munse701,,,cejan901,morag901,fleta901,welkb901,(none),(none),coled003,quijj001,mengd001,regular,12,11,KCA,ANA,y,both,y,y,y,2022
ANA202206220,KCA,ANA,ANA01,20220622,0,6:49PM,night,9,2,true,,184,34792,unknown,none,cloudy,83,tocf,7,franm701,,,morag901,fleta901,welkb901,cejan901,(none),(none),ohtas001,lyncd001,,regular,0,5,ANA,KCA,y,both,y,y,y,2022
ANA202206240,SEA,ANA,ANA01,20220624,0,6:38PM,night,9,2,true,,221,35704,unknown,none,sunny,84,torf,8,munse701,,,littw901,johna901,bacoj901,drakr901,(none),(none),flexc001,lorem002,sewap001,regular,4,3,SEA,ANA,y,both,y,y,y,2022
ANA202206250,SEA,ANA,ANA01,20220625,0,7:07PM,night,9,2,true,,202,35466,unknown,none,sunny,82,tocf,8,franm701,,,johna901,bacoj901,drakr901,littw901,(none),(none),gilbl002,brada001,swane001,regular,5,3,SEA,ANA,y,both,y,y,y,2022
ANA202206260,SEA,ANA,ANA01,20220626,0,1:07PM,day,9,2,true,,184,26489,unknown,none,sunny,82,tocf,9,munse701,,,bacoj901,drakr901,littw901,johna901,(none),(none),suarj001,gonzm005,orteo001,regular,1,2,ANA,SEA,y,both,y,y,y,2022
ANA202206270,CHA,ANA,ANA01,20220627,0,6:38PM,night,9,2,true,,162,21973,unknown,none,sunny,88,torf,6,franm701,,,barrs901,may-b901,ramoc901,iassd901,(none),(none),syndn001,loper003,igler001,regular,3,4,ANA,CHA,y,both,y,y,y,2022
ANA202206280,CHA,ANA,ANA01,20220628,0,6:38PM,night,9,2,true,,196,23979,unknown,none,sunny,80,rtol,10,johnc701,,,may-b901,ramoc901,iassd901,barrs901,(none),(none),cuetj001,orteo001,,regular,11,4,CHA,ANA,y,both,y,y,y,2022
ANA202206290,CHA,ANA,ANA01,20220629,0,6:38PM,night,9,2,true,,201,27612,unknown,none,sunny,79,torf,6,munse701,,,ramoc901,iassd901,barrs901,may-b901,(none),(none),ohtas001,kopem001,igler001,regular,1,4,ANA,CHA,y,both,y,y,y,2022
HOU202207010,ANA,HOU,HOU03,20220701,0,7:10PM,night,9,2,true,,165,36420,unknown,none,dome,73,unknown,0,wilkt701,,,millb901,riggj901,eddid901,knigb901,(none),(none),javic001,lorem002,,regular,1,8,HOU,ANA,y,both,y,y,y,2022
HOU202207020,ANA,HOU,HOU03,20220702,0,3:10PM,day,9,2,true,,171,35332,unknown,none,dome,73,unknown,0,johnf701,,,riggj901,eddid901,knigb901,millb901,(none),(none),urquj001,sandp002,,regular,1,9,HOU,ANA,y,both,y,y,y,2022
HOU202207030,ANA,HOU,HOU03,20220703,0,1:10PM,day,9,2,true,,203,36048,unknown,none,dome,73,unknown,0,wilkt701,,,eddid901,knigb901,millb901,riggj901,(none),(none),presr001,teper001,,regular,2,4,HOU,ANA,y,both,y,y,y,2022
MIA202207050,ANA,MIA,MIA02,20220705,0,6:40PM,night,9,2,true,,167,13338,unknown,none,dome,72,unknown,0,devej701,,,barrl901,dejer901,mosce901,marqa901,(none),(none),alcas001,syndn001,scott003,regular,1,2,MIA,ANA,y,both,y,y,y,2022
MIA202207060,ANA,MIA,MIA02,20220706,0,6:40PM,night,9,2,true,,187,18741,unknown,none,dome,72,unknown,0,devej701,,,dejer901,mosce901,marqa901,barrl901,(none),(none),ohtas001,roget003,,regular,5,2,ANA,MIA,y,both,y,y,y,2022
BAL202207070,ANA,BAL,BAL12,20220707,0,7:05PM,night,9,2,true,,180,13088,unknown,none,cloudy,81,rtol,4,jacom701,,,cejan901,barrt901,barkl901,lentn901,(none),(none),lylej001,silsc001,lopej004,regular,1,4,BAL,ANA,y,both,y,y,y,2022
BAL202207080,ANA,BAL,BAL12,20220708,0,7:05PM,night,9,2,true,,210,27814,unknown,none,overcast,83,rtol,6,eiger701,,,barrt901,barkl901,lentn901,cejan901,(none),(none),tated001,igler001,,regular,4,5,BAL,ANA,y,both,y,y,y,2022
BAL202207090,ANA,BAL,BAL12,20220709,0,4:05PM,day,9,2,true,,179,32286,unknown,none,overcast,71,ltor,2,tritb701,,,barkl901,lentn901,cejan901,barrt901,(none),(none),kremd001,sandp002,lopej004,regular,0,1,BAL,ANA,y,both,y,y,y,2022
BAL202207100,ANA,BAL,BAL12,20220710,0,12:05PM,day,9,2,true,,168,19521,unknown,none,cloudy,76,tolf,5,eiger701,,,lentn901,cejan901,barrt901,barkl901,(none),(none),votha001,suarj001,,regular,5,9,BAL,ANA,y,both,y,y,y,2022
ANA202207120,HOU,ANA,ANA01,20220712,0,6:38PM,night,9,2,true,,217,27180,unknown,none,sunny,73,tocf,10,munse701,,,nelsj901,buckc901,gonzm901,vondc901,(none),(none),nerih001,igler001,presr001,regular,6,5,HOU,ANA,y,both,y,y,y,2022
ANA202207130,HOU,ANA,ANA01,20220713,0,6:38PM,night,9,2,true,,225,27803,unknown,none,sunny,77,tolf,10,munse701,,,buckc901,gonzm901,vondc901,nelsj901,(none),(none),ohtas001,javic001,,regular,1,7,ANA,HOU,y,both,y,y,y,2022
ANA202207140,HOU,ANA,ANA01,20220714,0,5:07PM,night,9,2,true,,208,34496,unknown,none,cloudy,77,tocf,6,munse701,,,gonzm901,vondc901,nelsj901,buckc901,(none),(none),presr001,loupa001,,regular,3,2,HOU,ANA,y,both,y,y,y,2022
ANA202207150,LAN,ANA,ANA01,20220715,0,6:38PM,night,9,2,true,,181,44648,unknown,none,sunny,79,tocf,8,munse701,,,blasc901,cuzzp901,rippm901,littw901,(none),(none),kersc001,sandp002,,regular,9,1,LAN,ANA,y,both,y,y,y,2022
ANA202207160,LAN,ANA,ANA01,20220716,0,7:07PM,night,9,2,true,,187,44728,unknown,none,sunny,77,rtol,10,franm701,,,cuzzp901,rippm901,littw901,blasc901,(none),(none),uriaj001,suarj001,,regular,7,1,LAN,ANA,y,both,y,y,y,2022
ATL202207220,ANA,ATL,ATL03,20220722,0,7:20PM,night,9,2,true,,179,42867,unknown,none,cloudy,77,rtol,5,curtg701,,,wolcq901,porta901,bacoj901,wegnm901,(none),(none),lee-d005,ohtas001,,regular,1,8,ATL,ANA,y,both,y,y,y,2022
ATL202207230,ANA,ATL,ATL03,20220723,0,7:20PM,night,9,2,true,,181,42827,unknown,none,cloudy,82,rtol,7,curtg701,,,porta901,bacoj901,wegnm901,wolcq901,(none),(none),wrigk001,sandp002,,regular,2,7,ATL,ANA,y,both,y,y,y,2022
ATL202207240,ANA,ATL,ATL03,20220724,0,1:35PM,day,9,2,true,,197,42663,unknown,none,cloudy,88,unknown,2,curtg701,,,bacoj901,wegnm901,wolcq901,porta901,(none),(none),detmr001,andei001,,regular,9,1,ANA,ATL,y,both,y,y,y,2022
KCA202207250,ANA,KCA,KAN06,20220725,0,7:10PM,night,9,2,true,,183,16616,unknown,none,cloudy,70,ltor,11,butcp701,,,johna901,tumpj901,blakr901,ramoc901,(none),(none),garra001,syndn001,,regular,0,7,KCA,ANA,y,both,y,y,y,2022
KCA202207260,ANA,KCA,KAN06,20220726,0,7:10PM,night,9,2,true,,204,20834,unknown,none,overcast,75,ltor,7,butcp701,,,tumpj901,blakr901,ramoc901,johna901,(none),(none),suarj001,zerpa001,,regular,6,0,ANA,KCA,y,both,y,y,y,2022
KCA202207270,ANA,KCA,KAN06,20220727,0,1:10PM,day,9,2,true,,168,12596,unknown,none,sunny,81,rtol,5,butcp701,,,blakr901,ramoc901,johna901,tumpj901,(none),(none),junkj001,kellb003,,regular,4,0,ANA,KCA,y,both,y,y,y,2022
ANA202207280,TEX,ANA,ANA01,20220728,0,6:38PM,night,9,2,true,,167,29718,unknown,none,cloudy,79,tocf,9,johnc701,,,kulpr901,torrc901,conrc901,mosce901,(none),(none),howas003,ohtas001,moorm003,regular,2,0,TEX,ANA,y,both,y,y,y,2022
ANA202207290,TEX,ANA,ANA01,20220729,0,6:38PM,night,9,2,true,,193,29906,unknown,none,sunny,77,rtol,12,franm701,,,torrc901,conrc901,mosce901,kulpr901,(none),(none),perem004,sandp002,,regular,7,2,TEX,ANA,y,both,y,y,y,2022
ANA202207300,TEX,ANA,ANA01,20220730,0,6:07PM,night,9,2,true,,184,32968,unknown,none,sunny,81,tocf,11,johnc701,,,conrc901,mosce901,kulpr901,torrc901,(none),(none),toust001,martb002,igler001,regular,7,9,ANA,TEX,y,both,y,y,y,2022
ANA202207310,TEX,ANA,ANA01,20220731,0,1:07PM,day,9,2,true,,176,29257,unknown,none,cloudy,82,tocf,6,munse701,,,mosce901,kulpr901,torrc901,conrc901,(none),(none),burkb001,quijj001,hernj004,regular,5,2,TEX,ANA,y,both,y,y,y,2022
ANA202208020,OAK,ANA,ANA01,20220802,0,6:38PM,night,9,2,true,,153,22920,unknown,none,sunny,84,tocf,8,franm701,,,lentn901,cejan901,barrt901,wendh902,(none),(none),suarj001,irvic001,quijj001,regular,1,3,ANA,OAK,y,both,y,y,y,2022
ANA202208030,OAK,ANA,ANA01,20220803,0,6:38PM,night,9,2,true,,188,25190,unknown,none,sunny,77,rtol,11,munse701,,,cejan901,barrt901,wendh902,lentn901,(none),(none),kaprj001,ohtas001,jackz002,regular,3,1,OAK,ANA,y,both,y,y,y,2022
ANA202208040,OAK,ANA,ANA01,20220804,0,1:07PM,day,9,2,true,,207,23849,unknown,none,cloudy,83,torf,7,franm701,,,barrt901,wendh902,lentn901,cejan901,(none),(none),blacp001,junkj001,puk-a001,regular,8,7,OAK,ANA,y,both,y,y,y,2022
SEA202208050,ANA,SEA,SEA03,20220805,0,7:10PM,night,9,2,true,,216,42654,unknown,none,sunny,71,torf,7,padud701,,,hudsm901,tumpj901,blakr901,johna901,(none),(none),chavj001,sewap001,hergj001,regular,4,3,ANA,SEA,y,both,y,y,y,2022
SEA202208061,ANA,SEA,SEA03,20220806,1,1:10PM,day,9,2,true,,168,41507,unknown,none,sunny,72,tocf,6,padud701,,,blakr901,cejan901,johna901,hudsm901,(none),(none),kirbg001,barrj003,swane001,regular,1,2,SEA,ANA,y,both,y,y,y,2022
SEA202208062,ANA,SEA,SEA03,20220806,2,7:10PM,night,9,2,true,,167,27065,unknown,none,sunny,79,torf,2,padud701,,,tumpj901,johna901,hudsm901,cejan901,(none),(none),detmr001,flexc001,,regular,7,1,ANA,SEA,y,both,y,y,y,2022
SEA202208070,ANA,SEA,SEA03,20220807,0,1:10PM,day,9,2,true,,174,34837,unknown,none,sunny,75,tocf,4,padud701,,,johna901,hudsm901,blakr901,tumpj901,(none),(none),gonzm005,davit005,sewap001,regular,3,6,SEA,ANA,y,both,y,y,y,2022
OAK202208080,ANA,OAK,OAK01,20220808,0,6:40PM,night,9,2,true,,134,5440,unknown,none,sunny,72,torf,20,irvia701,,,drakr901,lives901,ticht901,estam901,(none),(none),suarj001,irvic001,teper001,regular,1,0,ANA,OAK,y,both,y,y,y,2022
OAK202208090,ANA,OAK,OAK01,20220809,0,6:40PM,night,9,2,true,,195,9351,unknown,none,sunny,70,torf,16,irvia701,,,lives901,ticht901,estam901,tomln901,(none),(none),ohtas001,kaprj001,,regular,5,1,ANA,OAK,y,both,y,y,y,2022
OAK202208100,ANA,OAK,OAK01,20220810,0,12:37PM,day,9,2,true,,225,8268,unknown,none,sunny,74,torf,9,younj701,,,ticht901,estam901,tomln901,lives901,(none),(none),barrj003,pruia001,,regular,5,4,ANA,OAK,y,both,y,y,y,2022
ANA202208120,MIN,ANA,ANA01,20220812,0,6:38PM,night,9,2,true,,176,33459,unknown,none,sunny,86,tocf,9,johnc701,,,blasc901,belld901,cuzzp901,rippm901,(none),(none),mahlt001,sandp002,,regular,4,0,MIN,ANA,y,both,y,y,y,2022
ANA202208130,MIN,ANA,ANA01,20220813,0,6:07PM,night,9,2,true,,226,43027,unknown,none,cloudy,87,tocf,10,johnc701,,,belld901,cuzzp901,rippm901,blasc901,(none),(none),teper001,pagae001,,regular,3,5,ANA,MIN,y,both,y,y,y,2022
ANA202208140,MIN,ANA,ANA01,20220814,0,1:07PM,day,9,2,true,,165,27515,unknown,none,sunny,91,rtol,9,franm701,,,cuzzp901,rippm901,blasc901,belld901,(none),(none),davit005,archc001,quijj001,regular,2,4,ANA,MIN,y,both,y,y,y,2022
ANA202208150,SEA,ANA,ANA01,20220815,0,6:38PM,night,9,2,true,,206,23096,unknown,none,sunny,83,rtol,10,franm701,,,diazl901,onorb901,mahrn901,gibsh902,(none),(none),munoa002,loupa001,,regular,6,2,SEA,ANA,y,both,y,y,y,2022
ANA202208160,SEA,ANA,ANA01,20220816,0,6:38PM,night,9,2,true,,184,20294,unknown,none,sunny,85,tocf,9,johnc701,,,onorb901,mahrn901,gibsh902,diazl901,(none),(none),ray-r002,suarj001,,regular,8,2,SEA,ANA,y,both,y,y,y,2022
ANA202208170,SEA,ANA,ANA01,20220817,0,1:07PM,day,9,2,true,,194,19550,unknown,none,sunny,89,tolf,6,franm701,,,mahrn901,gibsh902,diazl901,onorb901,(none),(none),kirbg001,toust001,,regular,11,7,SEA,ANA,y,both,y,y,y,2022
DET202208190,ANA,DET,DET05,20220819,0,7:10PM,night,9,2,true,,135,28197,unknown,none,sunny,82,fromcf,10,kleir701,,,wolfj901,reybd901,ramoc901,hoyej901,(none),(none),sandp002,mannm001,,regular,1,0,ANA,DET,y,both,y,y,y,2022
DET202208200,ANA,DET,DET05,20220820,0,1:10PM,day,9,2,true,,160,23581,unknown,none,cloudy,80,rtol,10,kleir701,,,reybd901,ramoc901,hoyej901,wolfj901,(none),(none),alext001,detmr001,sotog003,regular,3,4,DET,ANA,y,both,y,y,y,2022
DET202208210,ANA,DET,DET05,20220821,0,1:40PM,day,9,2,true,,176,23064,unknown,none,cloudy,74,fromrf,5,klonc701,,,ramoc901,hoyej901,wolfj901,reybd901,(none),(none),rodre004,ohtas001,,regular,0,4,DET,ANA,y,both,y,y,y,2022
TBA202208220,ANA,TBA,STP01,20220822,0,7:10PM,night,9,2,true,,180,9942,unknown,none,dome,72,unknown,0,dabrj701,,,vanol901,barbs901,riggj901,rackd901,(none),(none),sprij001,davit005,armss001,regular,1,2,TBA,ANA,y,both,y,y,y,2022
TBA202208230,ANA,TBA,STP01,20220823,0,7:10PM,night,9,2,true,,177,8810,unknown,none,dome,72,unknown,0,dabrj701,,,barbs901,riggj901,rackd901,vanol901,(none),(none),klubc001,suarj001,,regular,1,11,TBA,ANA,y,both,y,y,y,2022
TBA202208240,ANA,TBA,STP01,20220824,0,7:10PM,night,9,2,true,,220,9763,unknown,none,dome,72,unknown,0,dabrj701,,,riggj901,rackd901,vanol901,barbs901,(none),(none),charj001,barrj003,,regular,3,4,TBA,ANA,y,both,y,y,y,2022
TBA202208250,ANA,TBA,STP01,20220825,0,1:10PM,day,9,2,true,,180,10733,unknown,none,dome,72,unknown,0,clodt701,,,rackd901,vanol901,barbs901,riggj901,(none),(none),rasmd002,sandp002,,regular,3,8,TBA,ANA,y,both,y,y,y,2022
TOR202208260,ANA,TOR,TOR02,20220826,0,7:07PM,night,9,2,true,,200,40754,unknown,none,sunny,71,fromcf,21,lajor701,,,muchm901,lives901,libkj901,reynj901,(none),(none),detmr001,whitm004,,regular,12,0,ANA,TOR,y,both,y,y,y,2022
TOR202208270,ANA,TOR,TOR02,20220827,0,3:07PM,day,9,2,true,,200,45311,unknown,none,sunny,72,rtol,7,lajor701,,,lives901,libkj901,reynj901,muchm901,(none),(none),ohtas001,manoa001,hergj001,regular,2,0,ANA,TOR,y,both,y,y,y,2022
TOR202208280,ANA,TOR,TOR02,20220828,0,1:37PM,day,9,2,true,,196,44318,unknown,none,sunny,77,fromlf,8,moreh701,,,libkj901,reynj901,muchm901,lives901,(none),(none),wanta001,strir001,,regular,8,3,ANA,TOR,y,both,y,y,y,2022
ANA202208290,NYA,ANA,ANA01,20220829,0,6:38PM,night,9,2,true,,180,44537,unknown,none,sunny,79,tolf,6,munse701,,,wolcq901,porta901,addir901,riggj901,(none),(none),suarj001,montf001,hergj001,regular,3,4,ANA,NYA,y,both,y,y,y,2022
ANA202208300,NYA,ANA,ANA01,20220830,0,6:38PM,night,9,2,true,,179,42684,unknown,none,sunny,87,rtol,9,johnc701,,,porta901,addir901,riggj901,wolcq901,(none),(none),weisg001,mayem001,,regular,7,4,NYA,ANA,y,both,y,y,y,2022
ANA202208310,NYA,ANA,ANA01,20220831,0,6:38PM,night,9,2,true,,163,43555,unknown,none,cloudy,95,tocf,8,munse701,,,addir901,riggj901,wolcq901,porta901,(none),(none),sandp002,coleg001,hergj001,regular,2,3,ANA,NYA,y,both,y,y,y,2022
ANA202209020,HOU,ANA,ANA01,20220902,0,6:38PM,night,9,2,true,,189,22464,unknown,none,sunny,88,tocf,6,munse701,,,guccc901,willr901,bakej902,carlm901,(none),(none),mccul002,detmr001,montr004,regular,4,2,HOU,ANA,y,both,y,y,y,2022
ANA202209030,HOU,ANA,ANA01,20220903,0,6:07PM,night,9,2,true,,251,38244,unknown,none,sunny,94,tocf,9,franm701,,,willr901,bakej902,carlm901,guccc901,(none),(none),teper001,smitw002,,regular,1,2,ANA,HOU,y,both,y,y,y,2022
ANA202209040,HOU,ANA,ANA01,20220904,0,1:07PM,day,9,2,true,,163,28179,unknown,none,cloudy,102,torf,5,munse701,,,bakej902,carlm901,guccc901,willr901,(none),(none),urquj001,davit005,,regular,9,1,HOU,ANA,y,both,y,y,y,2022
ANA202209050,DET,ANA,ANA01,20220905,0,6:38PM,night,9,2,true,,173,19518,unknown,none,sunny,92,rtol,7,johnc701,,,emmep901,drecb901,hobep901,bacce901,(none),(none),suarj001,alext001,,regular,0,10,ANA,DET,y,both,y,y,y,2022
ANA202209060,DET,ANA,ANA01,20220906,0,6:38PM,night,9,2,true,,181,20002,unknown,none,sunny,87,rtol,8,johnc701,,,drecb901,hobep901,bacce901,emmep901,(none),(none),teper001,chafa001,,regular,4,5,ANA,DET,y,both,y,y,y,2022
ANA202209070,DET,ANA,ANA01,20220907,0,1:07PM,day,9,2,true,,215,15756,unknown,none,sunny,99,tocf,4,munse701,,,hobep901,bacce901,emmep901,drecb901,(none),(none),cisnj001,quijj001,sotog003,regular,5,4,DET,ANA,y,both,y,y,y,2022
HOU202209090,ANA,HOU,HOU03,20220909,0,7:10PM,night,9,2,true,,180,33509,unknown,none,dome,73,unknown,0,johnf701,,,dejer901,merzd901,barrl901,marqa901,(none),(none),mccul002,wanta001,presr001,regular,3,4,HOU,ANA,y,both,y,y,y,2022
HOU202209100,ANA,HOU,HOU03,20220910,0,6:15PM,night,9,2,true,,188,38533,unknown,none,dome,73,unknown,0,fanud701,,,merzd901,barrl901,marqa901,dejer901,(none),(none),ohtas001,urquj001,,regular,6,1,ANA,HOU,y,both,y,y,y,2022
HOU202209110,ANA,HOU,HOU03,20220911,0,1:10PM,day,9,2,true,,207,32901,unknown,none,dome,73,unknown,0,johnf701,,,barrl901,marqa901,dejer901,merzd901,(none),(none),garcl007,davit005,,regular,4,12,HOU,ANA,y,both,y,y,y,2022
CLE202209120,ANA,CLE,CLE08,20220912,0,6:10PM,night,9,2,true,,188,12461,unknown,none,cloudy,70,ltor,10,maveb701,,,kulpr901,tumpj901,torrc901,vondc901,(none),(none),deloe001,loupa001,clase001,regular,4,5,CLE,ANA,y,both,y,y,y,2022
CLE202209130,ANA,CLE,CLE08,20220913,0,6:10PM,night,9,2,true,,178,14419,unknown,none,cloudy,69,tocf,15,brosc701,,,tumpj901,torrc901,porta901,vondc901,(none),(none),mccak003,suarj001,clase001,regular,1,3,CLE,ANA,y,both,y,y,y,2022
CLE202209140,ANA,CLE,CLE08,20220914,0,1:10PM,day,9,2,true,,176,14529,unknown,none,sunny,72,ltor,11,scotd701,,,torrc901,porta901,vondc901,tumpj901,(none),(none),stept002,teper001,karij001,regular,3,5,CLE,ANA,y,both,y,y,y,2022
ANA202209160,SEA,ANA,ANA01,20220916,0,6:38PM,night,9,2,true,,209,37480,unknown,none,sunny,75,torf,7,munse701,,,mealj901,millb903,viscj901,carav901,(none),(none),lorem002,ray-r002,teper001,regular,7,8,ANA,SEA,y,both,y,y,y,2022
ANA202209170,SEA,ANA,ANA01,20220917,0,6:07PM,night,9,2,true,,168,35538,unknown,none,sunny,75,tocf,8,munse701,,,millb903,viscj901,carav901,mealj901,(none),(none),ohtas001,kirbg001,loupa001,regular,1,2,ANA,SEA,y,both,y,y,y,2022
ANA202209180,SEA,ANA,ANA01,20220918,0,1:07PM,day,9,2,true,,163,24929,unknown,none,cloudy,79,torf,6,munse701,,,viscj901,carav901,mealj901,millb903,(none),(none),detmr001,gonzm005,,regular,1,5,ANA,SEA,y,both,y,y,y,2022
ANA202209190,SEA,ANA,ANA01,20220919,0,1:07PM,day,9,2,true,,188,15594,unknown,none,sunny,81,torf,5,munse701,,,carav901,mealj901,millb903,viscj901,(none),(none),gilbl002,suarj001,,regular,9,1,SEA,ANA,y,both,y,y,y,2022
TEX202209200,ANA,TEX,ARL03,20220920,0,7:05PM,night,9,2,true,,170,19472,unknown,none,dome,75,unknown,0,bumpl701,,,ortir901,millb901,eddid901,cejan901,(none),(none),sandp002,santd003,hergj001,regular,5,2,ANA,TEX,y,both,y,y,y,2022
TEX202209210,ANA,TEX,ARL03,20220921,0,7:05PM,night,9,2,true,,155,20959,unknown,none,dome,75,unknown,0,ruddw701,,,millb901,eddid901,cejan901,ortir901,(none),(none),dunnd001,davit005,,regular,2,7,TEX,ANA,y,both,y,y,y,2022
TEX202209220,ANA,TEX,ARL03,20220922,0,1:05PM,day,9,2,true,,169,16223,unknown,none,dome,75,unknown,0,ruddw701,,,eddid901,cejan901,ortir901,millb901,(none),(none),moorm003,quijj001,leclj001,regular,3,5,TEX,ANA,y,both,y,y,y,2022
MIN202209230,ANA,MIN,MIN04,20220923,0,7:10PM,night,9,2,true,,201,24896,unknown,none,overcast,53,rtol,12,thors701,,,wendh902,whitc901,belld901,hamaa901,(none),(none),ohtas001,varll001,teper001,regular,4,2,ANA,MIN,y,both,y,y,y,2022
MIN202209240,ANA,MIN,MIN04,20220924,0,6:10PM,night,9,2,true,,169,30959,unknown,none,overcast,61,tocf,6,thors701,,,whitc901,belld901,hamaa901,wendh902,(none),(none),jax-g001,detmr001,,regular,4,8,MIN,ANA,y,both,y,y,y,2022
MIN202209250,ANA,MIN,MIN04,20220925,0,1:10PM,day,9,2,true,,227,24133,unknown,none,sunny,67,ltor,20,thors701,,,belld901,hamaa901,wendh902,whitc901,(none),(none),suarj001,bundd001,,regular,10,3,ANA,MIN,y,both,y,y,y,2022
ANA202209270,OAK,ANA,ANA01,20220927,0,6:38PM,night,9,2,true,,194,19374,unknown,none,cloudy,84,tocf,5,munse701,,,nelsj901,sches901,moorm901,buckc901,(none),(none),teper001,puk-a001,hergj001,regular,3,4,ANA,OAK,y,both,y,y,y,2022
ANA202209280,OAK,ANA,ANA01,20220928,0,6:38PM,night,9,2,true,,203,23573,unknown,none,sunny,79,tocf,8,munse701,,,sches901,moorm901,buckc901,nelsj901,(none),(none),lorem002,marta006,hergj001,regular,1,4,ANA,OAK,y,both,y,y,y,2022
ANA202209290,OAK,ANA,ANA01,20220929,0,6:38PM,night,9,2,true,,187,31293,unknown,none,sunny,76,tocf,7,johnc701,,,moorm901,buckc901,nelsj901,sches901,(none),(none),ohtas001,irvic001,teper001,regular,2,4,ANA,OAK,y,both,y,y,y,2022
ANA202209300,TEX,ANA,ANA01,20220930,0,6:38PM,night,9,2,true,,155,32939,unknown,none,sunny,70,tocf,8,munse701,,,arrid901,may-b901,iassd901,barrs901,(none),(none),detmr001,ottog001,hergj001,regular,1,4,ANA,TEX,y,both,y,y,y,2022
ANA202210010,TEX,ANA,ANA01,20221001,0,6:07PM,night,9,2,true,,147,32472,unknown,none,sunny,70,tocf,10,munse701,,,may-b901,iassd901,barrs901,arrid901,(none),(none),suarj001,hernj004,teper001,regular,2,3,ANA,TEX,y,both,y,y,y,2022
ANA202210020,TEX,ANA,ANA01,20221002,0,1:07PM,day,9,2,true,,170,26041,unknown,none,sunny,79,tolf,3,munse701,,,iassd901,barrs901,arrid901,may-b901,(none),(none),barrj003,millt003,,regular,3,8,ANA,TEX,y,both,y,y,y,2022
OAK202210030,ANA,OAK,OAK01,20221003,0,6:40PM,night,9,2,true,,229,6978,unknown,none,sunny,65,torf,14,younj701,,,littw901,barkl901,becka901,drakr901,(none),(none),acevd001,weisz001,,regular,4,5,OAK,ANA,y,both,y,y,y,2022
OAK202210040,ANA,OAK,OAK01,20221004,0,6:40PM,night,9,2,true,,187,8189,unknown,none,sunny,65,torf,12,thomc701,,,barkl901,becka901,drakr901,littw901,(none),(none),puk-a001,teper001,,regular,1,2,OAK,ANA,y,both,y,y,y,2022
OAK202210050,ANA,OAK,OAK01,20221005,0,1:00PM,day,9,2,true,,164,11232,unknown,none,sunny,69,unknown,5,ducam701,,,becka901,drakr901,littw901,barkl901,(none),(none),waldk003,ohtas001,sneak001,regular,2,3,OAK,ANA,y,both,y,y,y,2022
OAK202303300,ANA,OAK,OAK01,20230330,0,7:07PM,night,9,2,true,,150,26805,unknown,none,cloudy,52,torf,10,irvia701,,,johna901,gonzm901,wolcq901,valej901,(none),(none),may-t001,loupa001,jimed002,regular,1,2,OAK,ANA,y,both,y,y,y,2023
OAK202304010,ANA,OAK,OAK01,20230401,0,1:07PM,day,9,2,true,,144,15757,unknown,none,sunny,58,torf,7,thomc701,,,gonzm901,wolcq901,valej901,johna901,(none),(none),sandp002,fujis001,davit005,regular,13,1,ANA,OAK,y,both,y,y,y,2023
OAK202304020,ANA,OAK,OAK01,20230402,0,1:07PM,day,9,2,true,,152,14638,unknown,none,cloudy,56,torf,14,thomc701,,,wolcq901,valej901,johna901,gonzm901,(none),(none),andet002,waldk003,,regular,6,0,ANA,OAK,y,both,y,y,y,2023
SEA202304030,ANA,SEA,SEA03,20230403,0,6:40PM,night,9,2,true,,169,18877,unknown,none,cloudy,45,ltor,2,padud701,,,ramoc901,onorb901,hobep901,cejan901,(none),(none),teper001,kirbg001,,regular,7,3,ANA,SEA,y,both,y,y,y,2023
SEA202304040,ANA,SEA,SEA03,20230404,0,6:40PM,night,9,2,true,,151,19255,unknown,none,cloudy,50,torf,2,radoe701,,,onorb901,hobep901,cejan901,ramoc901,(none),(none),castl003,suarj001,,regular,2,11,SEA,ANA,y,both,y,y,y,2023
SEA202304050,ANA,SEA,SEA03,20230405,0,1:10PM,day,9,2,true,,175,25648,unknown,none,cloudy,48,tolf,2,radoe701,,,hobep901,cejan901,ramoc901,onorb901,(none),(none),ohtas001,flexc001,quijj001,regular,4,3,ANA,SEA,y,both,y,y,y,2023
ANA202304070,TOR,ANA,ANA01,20230407,0,6:38PM,night,9,2,true,,153,44735,unknown,none,cloudy,64,tocf,6,munse701,,,knigb901,randt901,macka901,ticht901,(none),(none),bassc001,hergj001,romaj004,regular,4,3,TOR,ANA,y,both,y,y,y,2023
ANA202304080,TOR,ANA,ANA01,20230408,0,6:07PM,night,9,2,true,,160,44534,unknown,none,sunny,63,tocf,8,franm701,,,randt901,macka901,ticht901,knigb901,(none),(none),barrj003,berrj001,,regular,5,9,ANA,TOR,y,both,y,y,y,2023
ANA202304090,TOR,ANA,ANA01,20230409,0,1:07PM,day,9,2,true,,211,31092,unknown,none,sunny,72,tocf,5,munse701,,,macka901,ticht901,knigb901,randt901,(none),(none),romaj004,estec001,mayzt001,regular,12,11,TOR,ANA,y,both,y,y,y,2023
ANA202304100,WAS,ANA,ANA01,20230410,0,6:38PM,night,9,2,true,,160,19557,unknown,none,sunny,66,tocf,6,johnc701,,,dejer901,marqa901,eddid901,barrl901,(none),(none),corbp001,davit005,finnk001,regular,6,4,WAS,ANA,y,both,y,y,y,2023
ANA202304110,WAS,ANA,ANA01,20230411,0,6:38PM,night,9,2,true,,146,27390,unknown,none,cloudy,63,rtol,8,franm701,,,marqa901,eddid901,barrl901,dejer901,(none),(none),ohtas001,grayj004,estec001,regular,0,2,ANA,WAS,y,both,y,y,y,2023
ANA202304120,WAS,ANA,ANA01,20230412,0,1:07PM,day,9,2,true,,142,17780,unknown,none,cloudy,65,tocf,7,munse701,,,eddid901,barrl901,dejer901,marqa901,(none),(none),moorm003,thomm005,quijj001,regular,2,3,ANA,WAS,y,both,y,y,y,2023
BOS202304140,ANA,BOS,BOS07,20230414,0,7:10PM,night,9,2,true,,177,36680,unknown,none,cloudy,58,tolf,4,ellib701,,,kulpr901,blasc901,torrc901,viscj901,(none),(none),wincj001,hergj001,jansk001,regular,3,5,BOS,ANA,y,both,y,y,y,2023
BOS202304150,ANA,BOS,BOS07,20230415,0,4:10PM,day,9,2,true,,179,36594,unknown,none,cloudy,56,fromrf,4,foxxl701,,,blasc901,torrc901,viscj901,kulpr901,(none),(none),brasr001,teper001,jansk001,regular,7,9,BOS,ANA,y,both,y,y,y,2023
BOS202304160,ANA,BOS,BOS07,20230416,0,1:35PM,day,9,2,true,,117,34790,unknown,none,cloudy,54,rtol,3,ellib701,,,torrc901,viscj901,kulpr901,blasc901,(none),(none),whitg002,detmr001,brasr001,regular,1,2,BOS,ANA,y,both,y,y,y,2023
BOS202304170,ANA,BOS,BOS07,20230417,0,11:10AM,day,9,2,true,,183,34942,unknown,none,cloudy,50,torf,3,ellib701,,,viscj901,kulpr901,blasc901,torrc901,(none),(none),davit005,bellb002,estec001,regular,5,4,ANA,BOS,y,both,y,y,y,2023
NYA202304180,ANA,NYA,NYC21,20230418,0,7:05PM,night,9,2,true,,165,37883,unknown,none,sunny,52,unknown,16,kaplh701,,,merzd901,barkl901,littw901,addir901,(none),(none),wanta001,schmc002,quijj001,regular,5,2,ANA,NYA,y,both,y,y,y,2023
NYA202304190,ANA,NYA,NYC21,20230419,0,7:05PM,night,9,2,true,,200,38131,unknown,none,sunny,61,ltor,9,kaplh701,,,barkl901,littw901,addir901,merzd901,(none),(none),hamii001,moorm003,,regular,2,3,NYA,ANA,y,both,y,y,y,2023
NYA202304200,ANA,NYA,NYC21,20230420,0,4:05PM,day,9,2,true,,169,39315,unknown,none,sunny,63,tolf,7,kaplh701,,,littw901,addir901,merzd901,barkl901,(none),(none),cortn001,sandp002,,regular,3,9,NYA,ANA,y,both,y,y,y,2023
ANA202304210,KCA,ANA,ANA01,20230421,0,6:38PM,night,9,2,true,,123,44741,unknown,none,sunny,83,rtol,8,reevt701,,,cuzzp901,rippm901,lives901,belld901,(none),(none),ohtas001,yarbr001,quijj001,regular,0,2,ANA,KCA,y,both,y,y,y,2023
ANA202304220,KCA,ANA,ANA01,20230422,0,6:07PM,night,9,2,true,,160,44148,unknown,none,cloudy,77,rtol,7,johnc701,,,rippm901,lives901,belld901,cuzzp901,(none),(none),cuasj001,quijj001,barls001,regular,11,8,KCA,ANA,y,both,y,y,y,2023
ANA202304230,KCA,ANA,ANA01,20230423,0,1:07PM,day,9,2,true,,131,36016,unknown,none,sunny,76,tolf,9,munse701,,,lives901,belld901,cuzzp901,rippm901,(none),(none),warra003,lylej001,estec001,regular,3,4,ANA,KCA,y,both,y,y,y,2023
ANA202304240,OAK,ANA,ANA01,20230424,0,6:38PM,night,9,2,true,,205,23814,unknown,none,sunny,67,tolf,8,franm701,,,tomln901,barbs901,wolfj901,muchm901,(none),(none),ollea001,barrj003,famij001,regular,11,10,OAK,ANA,y,both,y,y,y,2023
ANA202304250,OAK,ANA,ANA01,20230425,0,6:38PM,night,9,2,true,,167,26971,unknown,none,cloudy,65,rtol,8,johnc701,,,barbs901,wolfj901,muchm901,tomln901,(none),(none),canng001,millm004,estec001,regular,3,5,ANA,OAK,y,both,y,y,y,2023
ANA202304260,OAK,ANA,ANA01,20230426,0,6:38PM,night,9,2,true,,150,24524,unknown,none,sunny,73,tolf,7,munse701,,,wolfj901,muchm901,tomln901,barbs901,(none),(none),sandp002,medil002,,regular,3,11,ANA,OAK,y,both,y,y,y,2023
ANA202304270,OAK,ANA,ANA01,20230427,0,1:07PM,day,9,2,true,,183,21741,unknown,none,sunny,74,tocf,8,munse701,,,muchm901,tomln901,barbs901,wolfj901,(none),(none),ohtas001,searj001,estec001,regular,7,8,ANA,OAK,y,both,y,y,y,2023
MIL202304280,ANA,MIL,MIL06,20230428,0,7:10PM,night,9,2,true,,134,24787,unknown,none,dome,65,unknown,0,odrit701,,,barrs901,becka901,vondc901,morag901,(none),(none),strzp001,loupa001,willd004,regular,1,2,MIL,ANA,y,both,y,y,y,2023
MIL202304290,ANA,MIL,MIL06,20230429,0,6:10PM,night,9,2,true,,163,39198,unknown,none,dome,66,unknown,0,quesd701,,,becka901,vondc901,morag901,barrs901,(none),(none),burnc002,detmr001,willd004,regular,5,7,MIL,ANA,y,both,y,y,y,2023
MIL202304300,ANA,MIL,MIL06,20230430,0,1:10PM,day,9,2,true,,150,33557,unknown,none,dome,64,unknown,0,olsod701,,,vondc901,morag901,barrs901,becka901,(none),(none),suarj001,rea-c001,estec001,regular,3,0,ANA,MIL,y,both,y,y,y,2023
SLN202305020,ANA,SLN,STL10,20230502,0,6:45PM,night,9,2,true,,157,37048,unknown,none,sunny,66,torf,21,smitm701,,,macka901,hudsm901,wendh902,tumpj901,(none),(none),sandp002,matzs001,,regular,5,1,ANA,SLN,y,both,y,y,y,2023
SLN202305030,ANA,SLN,STL10,20230503,0,6:45PM,night,9,2,true,,162,42148,unknown,none,sunny,68,torf,9,smitm701,,,hudsm901,wendh902,tumpj901,macka901,(none),(none),teper001,gallg001,estec001,regular,6,4,ANA,SLN,y,both,y,y,y,2023
SLN202305040,ANA,SLN,STL10,20230504,0,12:15PM,day,9,2,true,,178,40508,unknown,none,sunny,72,fromrf,5,webbj701,,,wendh902,tumpj901,macka901,hudsm901,(none),(none),canng001,flahj002,,regular,11,7,ANA,SLN,y,both,y,y,y,2023
ANA202305050,TEX,ANA,ANA01,20230505,0,6:38PM,night,9,2,true,,175,39073,unknown,none,cloudy,65,tocf,9,reevt701,,,blakr901,onorb901,cejan901,jimee901,(none),(none),estec001,smitw002,,regular,4,5,ANA,TEX,y,both,y,y,y,2023
ANA202305060,TEX,ANA,ANA01,20230506,0,6:07PM,night,9,2,true,,168,37409,unknown,none,cloudy,66,rtol,10,franm701,,,onorb901,cejan901,jimee901,blakr901,(none),(none),eovan001,detmr001,,regular,10,1,TEX,ANA,y,both,y,y,y,2023
ANA202305070,TEX,ANA,ANA01,20230507,0,1:07PM,day,9,2,true,,186,41641,unknown,none,cloudy,70,tocf,8,munse701,,,cejan901,jimee901,blakr901,onorb901,(none),(none),sborj002,suarj001,,regular,16,8,TEX,ANA,y,both,y,y,y,2023
ANA202305080,HOU,ANA,ANA01,20230508,0,6:38PM,night,9,2,true,,149,26064,unknown,none,sunny,69,tocf,8,franm701,,,reybd901,libkj901,jimee902,hoyej901,(none),(none),moorm003,montr004,estec001,regular,4,6,ANA,HOU,y,both,y,y,y,2023
ANA202305090,HOU,ANA,ANA01,20230509,0,6:38PM,night,9,2,true,,136,29018,unknown,none,cloudy,63,tocf,9,johnc701,,,libkj901,jimee902,hoyej901,reybd901,(none),(none),valdf001,ohtas001,presr001,regular,3,1,HOU,ANA,y,both,y,y,y,2023
ANA202305100,HOU,ANA,ANA01,20230510,0,1:07PM,day,9,2,true,,158,20420,unknown,none,cloudy,69,tolf,8,munse701,,,jimee902,hoyej901,reybd901,libkj901,(none),(none),javic001,canng001,presr001,regular,5,4,HOU,ANA,y,both,y,y,y,2023
CLE202305120,ANA,CLE,CLE08,20230512,0,7:10PM,night,9,2,true,,173,22550,unknown,none,overcast,70,fromrf,1,maveb701,,,gonzm901,valej901,johna901,wolcq901,(none),(none),moorm003,clase001,estec001,regular,5,4,ANA,CLE,y,both,y,y,y,2023
CLE202305130,ANA,CLE,CLE08,20230513,0,6:10PM,night,9,2,true,,175,27644,unknown,none,cloudy,65,fromcf,3,brosc701,,,valej901,johna901,wolcq901,gonzm901,(none),(none),morge001,teper001,stept002,regular,6,8,CLE,ANA,y,both,y,y,y,2023
CLE202305140,ANA,CLE,CLE08,20230514,0,11:35AM,day,9,2,true,,133,23175,unknown,none,cloudy,64,fromrf,11,scotd701,,,johna901,wolcq901,gonzm901,valej901,(none),(none),karij001,sandp002,clase001,regular,3,4,CLE,ANA,y,both,y,y,y,2023
BAL202305150,ANA,BAL,BAL12,20230515,0,6:35PM,night,9,2,true,,171,20148,unknown,none,sunny,74,torf,7,hetrd701,,,onorb901,hobep901,jimee901,cejan901,(none),(none),ohtas001,rodrg003,,regular,9,5,ANA,BAL,y,both,y,y,y,2023
BAL202305160,ANA,BAL,BAL12,20230516,0,6:35PM,night,9,2,true,,155,13244,unknown,none,cloudy,77,fromrf,10,jacom701,,,hobep901,jimee901,cejan901,onorb901,(none),(none),kremd001,silsc001,,regular,3,7,BAL,ANA,y,both,y,y,y,2023
BAL202305170,ANA,BAL,BAL12,20230517,0,6:35PM,night,9,2,true,,150,15702,unknown,none,sunny,67,fromlf,13,eiger701,,,jimee901,cejan901,onorb901,hobep901,(none),(none),bradk001,canng001,bautf001,regular,1,3,BAL,ANA,y,both,y,y,y,2023
BAL202305180,ANA,BAL,BAL12,20230518,0,12:35PM,day,9,2,true,,185,27778,unknown,none,sunny,67,tocf,8,lee-j701,,,cejan901,onorb901,hobep901,jimee901,(none),(none),devec001,bakeb001,estec001,regular,6,5,ANA,BAL,y,both,y,y,y,2023
ANA202305190,MIN,ANA,ANA01,20230519,0,6:38PM,night,9,2,true,,160,31079,unknown,none,cloudy,66,torf,7,johnc701,,,millb901,ortir901,riggj901,drakr901,(none),(none),weisz001,jax-g001,estec001,regular,4,5,ANA,MIN,y,both,y,y,y,2023
ANA202305200,MIN,ANA,ANA01,20230520,0,7:07PM,night,9,2,true,,174,35688,unknown,none,cloudy,67,rtol,10,franm701,,,ortir901,riggj901,drakr901,millb901,(none),(none),varll001,sandp002,,regular,6,2,MIN,ANA,y,both,y,y,y,2023
ANA202305210,MIN,ANA,ANA01,20230521,0,1:07PM,day,9,2,true,,161,42138,unknown,none,cloudy,73,rtol,6,munse701,,,riggj901,drakr901,millb901,ortir901,(none),(none),devec001,lopep002,estec001,regular,2,4,ANA,MIN,y,both,y,y,y,2023
ANA202305220,BOS,ANA,ANA01,20230522,0,6:38PM,night,9,2,true,,125,25314,unknown,none,sunny,68,tocf,4,munse701,,,blakr901,hudsm901,wendh902,tumpj901,(none),(none),silsc001,crawk001,,regular,1,2,ANA,BOS,y,both,y,y,y,2023
ANA202305230,BOS,ANA,ANA01,20230523,0,6:38PM,night,9,2,true,,133,25798,unknown,none,overcast,62,torf,4,reevt701,,,hudsm901,wendh902,tumpj901,blakr901,(none),(none),canng001,bellb002,,regular,0,4,ANA,BOS,y,both,y,y,y,2023
ANA202305240,BOS,ANA,ANA01,20230524,0,6:38PM,night,9,2,true,,153,26596,unknown,none,cloudy,64,rtol,8,munse701,,,wendh902,tumpj901,blakr901,hudsm901,(none),(none),andet002,paxtj001,,regular,3,7,ANA,BOS,y,both,y,y,y,2023
ANA202305260,MIA,ANA,ANA01,20230526,0,6:38PM,night,9,2,true,,162,32130,unknown,none,cloudy,64,tocf,9,johnc701,,,nelsj901,buckc901,segac901,walsb901,(none),(none),luzaj001,detmr001,,regular,6,2,MIA,ANA,y,both,y,y,y,2023
ANA202305270,MIA,ANA,ANA01,20230527,0,7:07PM,night,9,2,true,,213,38131,unknown,none,cloudy,66,tocf,6,franm701,,,buckc901,segac901,walsb901,nelsj901,(none),(none),flord002,barrj003,,regular,8,5,MIA,ANA,y,both,y,y,y,2023
ANA202305280,MIA,ANA,ANA01,20230528,0,1:07PM,day,9,2,true,,168,36345,unknown,none,cloudy,68,tocf,4,munse701,,,segac901,walsb901,nelsj901,buckc901,(none),(none),peree004,sandp002,charj001,regular,2,0,MIA,ANA,y,both,y,y,y,2023
CHA202305290,ANA,CHA,CHI12,20230529,0,7:10PM,night,9,2,true,,169,23599,unknown,none,cloudy,74,fromlf,3,jackj702,,,libkj901,vondc901,hoyej901,reybd901,(none),(none),canng001,kopem001,estec001,regular,6,4,ANA,CHA,y,both,y,y,y,2023
CHA202305300,ANA,CHA,CHI12,20230530,0,7:10PM,night,9,2,true,,163,22135,unknown,none,sunny,73,fromlf,9,speaa701,,,vondc901,hoyej901,reybd901,libkj901,(none),(none),gioll001,andet002,,regular,3,7,CHA,ANA,y,both,y,y,y,2023
CHA202305310,ANA,CHA,CHI12,20230531,0,1:10PM,day,9,2,true,,167,17015,unknown,none,cloudy,84,torf,11,seipb701,,,hoyej901,reybd901,libkj901,vondc901,(none),(none),barrj003,lynnl001,davit005,regular,12,5,ANA,CHA,y,both,y,y,y,2023
HOU202306010,ANA,HOU,HOU03,20230601,0,7:10PM,night,9,2,true,,156,34037,unknown,none,dome,73,unknown,0,fanud701,,,sches901,moorm901,wegnm901,drecb901,(none),(none),blanr001,detmr001,presr001,regular,2,5,HOU,ANA,y,both,y,y,y,2023
HOU202306020,ANA,HOU,HOU03,20230602,0,7:10PM,night,9,2,true,,156,38692,unknown,none,dome,73,unknown,0,johnf701,,,moorm901,wegnm901,drecb901,sches901,(none),(none),valdf001,ohtas001,,regular,2,6,HOU,ANA,y,both,y,y,y,2023
HOU202306030,ANA,HOU,HOU03,20230603,0,3:10PM,day,9,2,true,,192,39222,unknown,none,dome,73,unknown,0,blour701,,,wegnm901,drecb901,sches901,moorm901,(none),(none),javic001,sandp002,,regular,6,9,HOU,ANA,y,both,y,y,y,2023
HOU202306040,ANA,HOU,HOU03,20230604,0,1:10PM,day,9,2,true,,140,40831,unknown,none,dome,73,unknown,0,johnf701,,,drecb901,sches901,moorm901,thomd901,(none),(none),devec001,matop002,estec001,regular,2,1,ANA,HOU,y,both,y,y,y,2023
ANA202306060,CHN,ANA,ANA01,20230606,0,6:38PM,night,9,2,true,,165,27716,unknown,none,cloudy,65,tocf,8,munse701,,,hamaa901,mahrn901,carav901,laynj901,(none),(none),andet002,hughb002,estec001,regular,4,7,ANA,CHN,y,both,y,y,y,2023
ANA202306070,CHN,ANA,ANA01,20230607,0,6:38PM,night,9,2,true,,151,28817,unknown,none,cloudy,68,tocf,6,reevt701,,,mahrn901,carav901,laynj901,hamaa901,(none),(none),joycb001,tailj001,,regular,2,6,ANA,CHN,y,both,y,y,y,2023
ANA202306080,CHN,ANA,ANA01,20230608,0,6:38PM,night,9,2,true,,157,28179,unknown,none,sunny,71,torf,8,franm701,,,carav901,laynj901,hamaa901,mahrn901,(none),(none),detmr001,smyld001,estec001,regular,1,3,ANA,CHN,y,both,y,y,y,2023
ANA202306090,SEA,ANA,ANA01,20230609,0,6:38PM,night,9,2,true,,170,36064,unknown,none,cloudy,67,rtol,8,johnc701,,,belld901,cuzzp901,willr901,rippm901,(none),(none),webbj002,castl003,estec001,regular,4,5,ANA,SEA,y,both,y,y,y,2023
ANA202306100,SEA,ANA,ANA01,20230610,0,7:07PM,night,9,2,true,,182,38454,unknown,none,overcast,64,rtol,8,franm701,,,cuzzp901,willr901,rippm901,belld901,(none),(none),speig001,sandp002,,regular,6,2,SEA,ANA,y,both,y,y,y,2023
ANA202306110,SEA,ANA,ANA01,20230611,0,1:07PM,day,9,2,true,,175,39405,unknown,none,cloudy,69,tolf,10,munse701,,,willr901,rippm901,belld901,cuzzp901,(none),(none),canng001,gilbl002,,regular,4,9,ANA,SEA,y,both,y,y,y,2023
TEX202306120,ANA,TEX,ARL03,20230612,0,7:05PM,night,9,2,true,,229,26667,unknown,none,dome,74,unknown,0,ruizc701,,,dejer901,barrl901,eddid901,marqa901,(none),(none),bachs001,ragac001,,regular,9,6,ANA,TEX,y,both,y,y,y,2023
TEX202306130,ANA,TEX,ARL03,20230613,0,7:05PM,night,9,2,true,,175,25832,unknown,none,dome,74,unknown,0,ruizc701,,,barrl901,eddid901,marqa901,dejer901,(none),(none),hergj001,whito001,estec001,regular,7,3,ANA,TEX,y,both,y,y,y,2023
TEX202306140,ANA,TEX,ARL03,20230614,0,7:05PM,night,9,2,true,,159,25406,unknown,none,dome,74,unknown,0,bumpl701,,,eddid901,marqa901,dejer901,barrl901,(none),(none),sborj002,hergj001,,regular,3,6,TEX,ANA,y,both,y,y,y,2023
TEX202306150,ANA,TEX,ARL03,20230615,0,7:05PM,night,9,2,true,,167,35092,unknown,none,dome,74,unknown,0,bumpl701,,,marqa901,dejer901,barrl901,eddid901,(none),(none),ohtas001,eovan001,webbj002,regular,5,3,ANA,TEX,y,both,y,y,y,2023
KCA202306160,ANA,KCA,KAN06,20230616,0,7:10PM,night,9,2,true,,161,19834,unknown,none,cloudy,87,fromrf,8,utslm701,,,ticht901,randt901,riggj901,knigb901,(none),(none),sandp002,singb001,bachs001,regular,3,0,ANA,KCA,y,both,y,y,y,2023
KCA202306170,ANA,KCA,KAN06,20230617,0,3:10PM,day,9,2,true,,193,21056,unknown,none,cloudy,86,rtol,10,utslm701,,,randt901,riggj901,knigb901,ticht901,(none),(none),chapa001,devec001,,regular,9,10,KCA,ANA,y,both,y,y,y,2023
KCA202306180,ANA,KCA,KAN06,20230618,0,1:10PM,day,9,2,true,,151,24385,unknown,none,cloudy,66,rtol,6,utslm701,,,riggj901,knigb901,ticht901,randt901,(none),(none),andet002,greiz001,estec001,regular,5,2,ANA,KCA,y,both,y,y,y,2023
ANA202306200,LAN,ANA,ANA01,20230620,0,7:07PM,night,9,2,true,,145,44703,unknown,none,sunny,72,tocf,7,munse701,,,barbs901,porta901,wolfj901,muchm901,(none),(none),kersc001,devec001,phile001,regular,2,0,LAN,ANA,y,both,y,y,y,2023
ANA202306210,LAN,ANA,ANA01,20230621,0,6:38PM,night,9,2,true,,150,44760,unknown,none,sunny,76,torf,8,reevt701,,,porta901,wolfj901,muchm901,barbs901,(none),(none),gonzv001,ohtas001,phile001,regular,2,0,LAN,ANA,y,both,y,y,y,2023
COL202306230,ANA,COL,DEN02,20230623,0,6:40PM,night,9,2,true,,167,47085,unknown,none,cloudy,82,fromlf,9,einsd701,,,mosce901,tomln901,rackd901,guccc901,(none),(none),johnp001,bachs001,lawrj002,regular,4,7,COL,ANA,y,both,y,y,y,2023
COL202306240,ANA,COL,DEN02,20230624,0,7:10PM,night,9,2,true,,173,45274,unknown,none,sunny,86,rtol,8,einsd701,,,tomln901,rackd901,guccc901,mosce901,(none),(none),canng001,andec001,,regular,25,1,ANA,COL,y,both,y,y,y,2023
COL202306250,ANA,COL,DEN02,20230625,0,1:10PM,day,9,2,true,,134,40213,unknown,none,sunny,73,fromcf,10,einsd701,,,rackd901,guccc901,mosce901,tomln901,(none),(none),gomba001,andet002,lawrj002,regular,3,4,COL,ANA,y,both,y,y,y,2023
ANA202306260,CHA,ANA,ANA01,20230626,0,6:38PM,night,9,2,true,,137,28554,unknown,none,sunny,74,rtol,8,johnc701,,,millb901,ortir901,whitc901,drakr901,(none),(none),estec001,loper003,,regular,1,2,ANA,CHA,y,both,y,y,y,2023
ANA202306270,CHA,ANA,ANA01,20230627,0,6:38PM,night,9,2,true,,174,33637,unknown,none,sunny,73,tocf,7,munse701,,,ortir901,whitc901,drakr901,millb901,(none),(none),ohtas001,kopem001,estec001,regular,2,4,ANA,CHA,y,both,y,y,y,2023
ANA202306280,CHA,ANA,ANA01,20230628,0,6:38PM,night,9,2,true,,165,29861,unknown,none,sunny,71,rtol,5,reevt701,,,whitc901,drakr901,millb901,ortir901,(none),(none),gioll001,barrj003,,regular,11,5,CHA,ANA,y,both,y,y,y,2023
ANA202306290,CHA,ANA,ANA01,20230629,0,1:07PM,day,9,2,true,,171,27630,unknown,none,sunny,75,tolf,8,munse701,,,drakr901,millb901,ortir901,whitc901,(none),(none),lynnl001,sandp002,,regular,9,7,CHA,ANA,y,both,y,y,y,2023
ANA202306300,ARI,ANA,ANA01,20230630,0,6:38PM,night,9,2,true,,167,34957,unknown,none,sunny,76,tocf,8,reevt701,,,dejer901,marqa901,eddid901,barrl901,(none),(none),henrt001,canng001,,regular,6,2,ARI,ANA,y,both,y,y,y,2023
ANA202307010,ARI,ANA,ANA01,20230701,0,7:07PM,night,9,2,true,,160,44472,unknown,none,sunny,69,tolf,11,johnc701,,,marqa901,eddid901,barrl901,dejer901,(none),(none),nelsr003,bachs001,mcgos001,regular,3,1,ARI,ANA,y,both,y,y,y,2023
ANA202307020,ARI,ANA,ANA01,20230702,0,1:07PM,day,9,2,true,,141,29167,unknown,none,sunny,80,torf,6,munse701,,,eddid901,barrl901,dejer901,marqa901,(none),(none),detmr001,gallz001,estec001,regular,2,5,ANA,ARI,y,both,y,y,y,2023
SDN202307030,ANA,SDN,SAN02,20230703,0,6:40PM,night,9,2,true,,195,45101,unknown,none,sunny,68,ltor,10,womab701,,,carav901,mahrn901,laynj901,hamaa901,(none),(none),snelb001,barrj003,,regular,3,10,SDN,ANA,y,both,y,y,y,2023
SDN202307040,ANA,SDN,SAN02,20230704,0,3:40PM,day,9,2,true,,182,44725,unknown,none,sunny,71,ltor,10,zaveb701,,,mahrn901,laynj901,hamaa901,carav901,(none),(none),musgj001,ohtas001,hadej001,regular,5,8,SDN,ANA,y,both,y,y,y,2023
SDN202307050,ANA,SDN,SAN02,20230705,0,5:40PM,night,9,2,true,,152,43401,unknown,none,sunny,68,ltor,10,mathd701,,,laynj901,hamaa901,carav901,mahrn901,(none),(none),martn002,webbj002,hadej001,regular,3,5,SDN,ANA,y,both,y,y,y,2023
LAN202307070,ANA,LAN,LOS03,20230707,0,7:10PM,night,9,2,true,,146,52214,unknown,none,sunny,69,tocf,7,eastr701,,,walsb901,littw901,barkl901,gibsh902,(none),(none),gonst001,canng001,,regular,4,11,LAN,ANA,y,both,y,y,y,2023
LAN202307080,ANA,LAN,LOS03,20230708,0,6:10PM,night,9,2,true,,154,53057,unknown,none,sunny,73,tocf,7,munse701,,,littw901,barkl901,gibsh902,walsb901,(none),(none),grovm001,detmr001,,regular,5,10,LAN,ANA,y,both,y,y,y,2023
ANA202307140,HOU,ANA,ANA01,20230714,0,6:38PM,night,9,2,true,,191,38850,unknown,none,sunny,85,tocf,8,franm701,,,kulpr901,blasc901,torrc901,wolcq901,(none),(none),matop002,ohtas001,presr001,regular,7,5,HOU,ANA,y,both,y,y,y,2023
ANA202307150,HOU,ANA,ANA01,20230715,0,6:07PM,night,9,2,true,,211,37523,unknown,none,sunny,77,torf,9,johnc701,,,blasc901,torrc901,wolcq901,kulpr901,(none),(none),estec001,matop002,,regular,12,13,ANA,HOU,y,both,y,y,y,2023
ANA202307160,HOU,ANA,ANA01,20230716,0,4:10PM,day,9,2,true,,211,34679,unknown,none,sunny,83,tocf,8,munse701,,,torrc901,wolcq901,kulpr901,blasc901,(none),(none),montr004,barrj003,matop002,regular,9,8,HOU,ANA,y,both,y,y,y,2023
ANA202307170,NYA,ANA,ANA01,20230717,0,6:38PM,night,9,2,true,,209,41180,unknown,none,sunny,79,tocf,9,munse701,,,tumpj901,blakr901,hudsm901,wendh902,(none),(none),loupa001,ramin003,,regular,3,4,ANA,NYA,y,both,y,y,y,2023
ANA202307180,NYA,ANA,ANA01,20230718,0,6:38PM,night,9,2,true,,136,41556,unknown,none,sunny,82,rtol,9,johnc701,,,blakr901,hudsm901,wendh902,tumpj901,(none),(none),sandp002,germd001,,regular,1,5,ANA,NYA,y,both,y,y,y,2023
ANA202307190,NYA,ANA,ANA01,20230719,0,4:07PM,day,9,2,true,,174,39141,unknown,none,cloudy,89,tocf,10,franm701,,,hudsm901,wendh902,tumpj901,blakr901,(none),(none),silsc001,rodoc001,,regular,3,7,ANA,NYA,y,both,y,y,y,2023
ANA202307210,PIT,ANA,ANA01,20230721,0,6:38PM,night,9,2,true,,155,40309,unknown,none,cloudy,79,tocf,6,reevt701,,,wolfj901,muchm901,barbs901,porta901,(none),(none),ohtas001,oviej001,estec001,regular,5,8,ANA,PIT,y,both,y,y,y,2023
ANA202307220,PIT,ANA,ANA01,20230722,0,6:07PM,night,9,2,true,,166,37240,unknown,none,cloudy,79,tocf,9,johnc701,,,muchm901,barbs901,porta901,wolfj901,(none),(none),bidoo001,detmr001,bednd001,regular,3,0,PIT,ANA,y,both,y,y,y,2023
ANA202307230,PIT,ANA,ANA01,20230723,0,1:07PM,day,9,2,true,,160,28385,unknown,none,overcast,81,tocf,5,munse701,,,barbs901,porta901,wolfj901,muchm901,(none),(none),andet002,kellm003,estec001,regular,5,7,ANA,PIT,y,both,y,y,y,2023
DET202307250,ANA,DET,DET05,20230725,0,6:40PM,night,9,2,true,,175,24856,unknown,none,overcast,85,rtol,7,kleir701,,,gibsh902,thomd901,millb903,carlm901,(none),(none),estec001,langa001,loupa001,regular,7,6,ANA,DET,y,both,y,y,y,2023
DET202307271,ANA,DET,DET05,20230727,1,1:10PM,day,9,2,true,,136,0,unknown,none,overcast,78,tolf,5,klonc701,,,thomd901,tomln901,carlm901,gibsh902,(none),(none),ohtas001,lorem002,,regular,6,0,ANA,DET,y,both,y,y,y,2023
DET202307272,ANA,DET,DET05,20230727,2,4:11PM,day,9,2,true,,179,30238,unknown,none,sunny,84,fromlf,3,klonc701,,,millb903,carlm901,gibsh902,tomln901,(none),(none),sandp002,mannm001,,regular,11,4,ANA,DET,y,both,y,y,y,2023
TOR202307280,ANA,TOR,TOR02,20230728,0,7:07PM,night,9,2,true,,165,42106,unknown,none,cloudy,82,tocf,11,starh701,,,estam901,fleta901,bacce901,willr901,(none),(none),gausk001,gioll001,garcy001,regular,1,4,TOR,ANA,y,both,y,y,y,2023
TOR202307290,ANA,TOR,TOR02,20230729,0,3:07PM,day,9,2,true,,179,41997,unknown,none,dome,68,unknown,0,lajor701,,,fleta901,bacce901,willr901,estam901,(none),(none),cabrg001,detmr001,,regular,1,6,TOR,ANA,y,both,y,y,y,2023
TOR202307300,ANA,TOR,TOR02,20230730,0,12:05PM,day,9,2,true,,186,41810,unknown,none,sunny,69,torf,9,lajor701,,,bacce901,willr901,estam901,fleta901,(none),(none),estec001,garcy001,,regular,3,2,ANA,TOR,y,both,y,y,y,2023
ATL202307310,ANA,ATL,ATL03,20230731,0,7:20PM,night,9,2,true,,156,41173,unknown,none,sunny,89,unknown,3,stamm701,,,lentn901,rehaj901,fairc901,ramoc901,(none),(none),silsc001,mortc002,loper003,regular,4,1,ANA,ATL,y,both,y,y,y,2023
ATL202308010,ANA,ATL,ATL03,20230801,0,7:20PM,night,9,2,true,,150,41777,unknown,none,cloudy,89,tocf,8,stamm701,,,rehaj901,fairc901,ramoc901,lentn901,(none),(none),stris002,sandp002,,regular,1,5,ATL,ANA,y,both,y,y,y,2023
ATL202308020,ANA,ATL,ATL03,20230802,0,12:20PM,day,9,2,true,,159,36495,unknown,none,cloudy,84,ltor,8,stamm701,,,fairc901,ramoc901,lentn901,rehaj901,(none),(none),chiry001,gioll001,,regular,5,12,ATL,ANA,y,both,y,y,y,2023
ANA202308030,SEA,ANA,ANA01,20230803,0,6:38PM,night,9,2,true,,157,37701,unknown,none,sunny,79,rtol,9,franm701,,,clemp901,johna901,wolcq901,valej901,(none),(none),campi001,estec001,munoa002,regular,5,3,SEA,ANA,y,both,y,y,y,2023
ANA202308040,SEA,ANA,ANA01,20230804,0,6:38PM,night,9,2,true,,182,34479,unknown,none,sunny,82,tocf,8,reevt701,,,johna901,wolcq901,valej901,clemp901,(none),(none),topaj001,loper003,brasm001,regular,9,7,SEA,ANA,y,both,y,y,y,2023
ANA202308050,SEA,ANA,ANA01,20230805,0,6:07PM,night,9,2,true,,171,35318,unknown,none,sunny,84,rtol,8,johnc701,,,wolcq901,valej901,clemp901,johna901,(none),(none),kirbg001,andet002,munoa002,regular,3,2,SEA,ANA,y,both,y,y,y,2023
ANA202308060,SEA,ANA,ANA01,20230806,0,1:07PM,day,9,2,true,,174,29960,unknown,none,sunny,90,tocf,11,munse701,,,valej901,clemp901,johna901,wolcq901,(none),(none),sauct001,barrj003,,regular,3,2,SEA,ANA,y,both,y,y,y,2023
ANA202308070,SFN,ANA,ANA01,20230807,0,6:38PM,night,9,2,true,,170,32582,unknown,none,sunny,78,tolf,10,munse701,,,viscj901,blasc901,kulpr901,torrc901,(none),(none),roget001,estec001,,regular,8,3,SFN,ANA,y,both,y,y,y,2023
ANA202308080,SFN,ANA,ANA01,20230808,0,6:38PM,night,9,2,true,,156,31974,unknown,none,cloudy,77,rtol,9,franm701,,,blasc901,kulpr901,torrc901,viscj901,(none),(none),gioll001,alexs001,leond003,regular,5,7,ANA,SFN,y,both,y,y,y,2023
ANA202308090,SFN,ANA,ANA01,20230809,0,6:38PM,night,9,2,true,,155,36980,unknown,none,cloudy,74,ltor,6,johnc701,,,kulpr901,torrc901,viscj901,blasc901,(none),(none),ohtas001,beckt002,estec001,regular,1,4,ANA,SFN,y,both,y,y,y,2023
HOU202308110,ANA,HOU,HOU03,20230811,0,7:10PM,night,9,2,true,,163,41152,unknown,none,dome,73,unknown,0,blour701,,,marqa901,dejer901,barrl901,willr901,(none),(none),verlj001,detmr001,,regular,3,11,HOU,ANA,y,both,y,y,y,2023
HOU202308120,ANA,HOU,HOU03,20230812,0,6:15PM,night,9,2,true,,153,40311,unknown,none,dome,73,unknown,0,johnf701,,,dejer901,barrl901,willr901,marqa901,(none),(none),franj006,andet002,,regular,3,11,HOU,ANA,y,both,y,y,y,2023
HOU202308130,ANA,HOU,HOU03,20230813,0,1:10PM,day,9,2,true,,169,40333,unknown,none,dome,73,unknown,0,johnf701,,,barrl901,willr901,marqa901,dejer901,(none),(none),silsc001,urquj001,estec001,regular,2,1,ANA,HOU,y,both,y,y,y,2023
TEX202308140,ANA,TEX,ARL03,20230814,0,7:05PM,night,9,2,true,,159,27743,unknown,none,dome,74,unknown,0,ruddw701,,,wendh902,tumpj901,blakr901,hudsm901,(none),(none),schem001,sandp002,,regular,0,12,TEX,ANA,y,both,y,y,y,2023
TEX202308150,ANA,TEX,ARL03,20230815,0,7:05PM,night,9,2,true,,158,26166,unknown,none,dome,74,unknown,0,ruizc701,,,tumpj901,blakr901,hudsm901,wendh902,(none),(none),montj004,gioll001,,regular,3,7,TEX,ANA,y,both,y,y,y,2023
TEX202308160,ANA,TEX,ARL03,20230816,0,7:05PM,night,9,2,true,,147,31004,unknown,none,dome,74,unknown,0,bumpl701,,,blakr901,hudsm901,wendh902,tumpj901,(none),(none),detmr001,grayj003,estec001,regular,2,0,ANA,TEX,y,both,y,y,y,2023
ANA202308180,TBA,ANA,ANA01,20230818,0,6:38PM,night,9,2,true,,200,38297,unknown,none,sunny,81,rtol,7,munse701,,,addir901,littw901,merzd901,guccc901,(none),(none),fairp001,estec001,kitta001,regular,9,6,TBA,ANA,y,both,y,y,y,2023
ANA202308191,TBA,ANA,ANA01,20230819,1,1:07PM,day,9,2,true,,154,27309,unknown,none,cloudy,78,tocf,14,franm701,,,littw901,hanat901,guccc901,addir901,(none),(none),canng001,glast001,loper003,regular,6,7,ANA,TBA,y,both,y,y,y,2023
ANA202308192,TBA,ANA,ANA01,20230819,2,6:07PM,night,9,2,true,,172,33803,unknown,none,cloudy,76,tocf,8,munse701,,,merzd901,guccc901,addir901,hanat901,(none),(none),efliz001,sandp002,,regular,18,4,TBA,ANA,y,both,y,y,y,2023
ANA202308220,CIN,ANA,ANA01,20230822,0,6:38PM,night,9,2,true,,150,26583,unknown,none,sunny,81,rtol,9,munse701,,,tomln901,mosce901,rackd901,vanol901,(none),(none),ashcg001,gioll001,diaza004,regular,4,3,CIN,ANA,y,both,y,y,y,2023
ANA202308231,CIN,ANA,ANA01,20230823,1,1:07PM,day,9,2,true,,188,28776,unknown,none,sunny,85,tocf,8,franm701,,,mosce901,thomd901,vanol901,tomln901,(none),(none),farmb001,andet002,,regular,9,4,CIN,ANA,y,both,y,y,y,2023
ANA202308232,CIN,ANA,ANA01,20230823,2,6:38PM,night,9,2,true,,189,24596,unknown,none,sunny,76,tocf,7,franm701,,,rackd901,willr901,tomln901,thomd901,(none),(none),simsl001,detmr001,,regular,7,3,CIN,ANA,y,both,y,y,y,2023
NYN202308250,ANA,NYN,NYC20,20230825,0,7:10PM,night,9,2,true,,186,38271,unknown,none,cloudy,76,tolf,6,sprej701,,,rehaj901,fairc901,lentn901,clemp901,(none),(none),sandp002,sengk001,estec001,regular,3,1,ANA,NYN,y,both,y,y,y,2023
NYN202308260,ANA,NYN,NYC20,20230826,0,7:10PM,night,9,2,true,,177,35890,unknown,none,sunny,82,tolf,2,kaplh701,,,fairc901,lentn901,clemp901,rehaj901,(none),(none),loupa001,carrc003,estec001,regular,5,3,ANA,NYN,y,both,y,y,y,2023
NYN202308270,ANA,NYN,NYC20,20230827,0,12:05PM,day,9,2,true,,150,38341,unknown,none,sunny,79,fromlf,7,kaplh701,,,lentn901,clemp901,rehaj901,fairc901,(none),(none),ottaa001,loper003,,regular,2,3,NYN,ANA,y,both,y,y,y,2023
PHI202308280,ANA,PHI,PHI13,20230828,0,6:40PM,night,9,2,true,,157,38142,unknown,none,cloudy,77,rtol,9,golam701,,,bacce901,diazl901,estam901,fleta901,(none),(none),walkt004,gioll001,kimbc001,regular,4,6,PHI,ANA,y,both,y,y,y,2023
PHI202308290,ANA,PHI,PHI13,20230829,0,6:40PM,night,9,2,true,,155,36096,unknown,none,cloudy,78,tolf,5,macom701,,,diazl901,estam901,fleta901,bacce901,(none),(none),lorem002,andet002,,regular,7,12,PHI,ANA,y,both,y,y,y,2023
PHI202308300,ANA,PHI,PHI13,20230830,0,1:05PM,day,9,2,true,,183,34655,unknown,none,cloudy,83,fromlf,6,shutd701,,,estam901,fleta901,bacce901,diazl901,(none),(none),moorm003,kimbc001,estec001,regular,10,8,ANA,PHI,y,both,y,y,y,2023
OAK202309010,ANA,OAK,OAK01,20230901,0,6:40PM,night,9,2,true,,171,12073,unknown,none,cloudy,65,torf,14,feldd701,,,whitc901,ortir901,drakr901,millb901,(none),(none),searj001,sandp002,,regular,2,9,OAK,ANA,y,both,y,y,y,2023
OAK202309020,ANA,OAK,OAK01,20230902,0,1:07PM,day,9,2,true,,151,13709,unknown,none,cloudy,72,torf,9,irvia701,,,ortir901,drakr901,millb901,whitc901,(none),(none),blacp001,canng001,may-t001,regular,1,2,OAK,ANA,y,both,y,y,y,2023
OAK202309030,ANA,OAK,OAK01,20230903,0,1:07PM,day,9,2,true,,189,12425,unknown,none,cloudy,71,torf,9,irvia701,,,drakr901,millb901,whitc901,ortir901,(none),(none),peref002,sorij002,may-t001,regular,6,10,OAK,ANA,y,both,y,y,y,2023
ANA202309040,BAL,ANA,ANA01,20230904,0,6:38PM,night,9,2,true,,142,29214,unknown,none,sunny,74,tocf,8,munse701,,,marqa901,eddid901,barrl901,willr901,(none),(none),rodrg003,rosek001,canoy001,regular,6,3,BAL,ANA,y,both,y,y,y,2023
ANA202309050,BAL,ANA,ANA01,20230905,0,6:38PM,night,9,2,true,,196,22496,unknown,none,cloudy,71,rtol,7,franm701,,,eddid901,barrl901,willr901,marqa901,(none),(none),krehj001,sorij002,fujis001,regular,5,4,BAL,ANA,y,both,y,y,y,2023
ANA202309060,BAL,ANA,ANA01,20230906,0,6:38PM,night,9,2,true,,176,29021,unknown,none,sunny,77,rtol,8,johnc701,,,barrl901,willr901,marqa901,eddid901,(none),(none),gibsk002,sandp002,,regular,10,3,BAL,ANA,y,both,y,y,y,2023
ANA202309070,CLE,ANA,ANA01,20230907,0,6:38PM,night,9,2,true,,171,24288,unknown,none,sunny,79,tocf,6,franm701,,,onorb901,hobep901,hanat901,cejan901,(none),(none),sorij002,clase001,,regular,2,3,ANA,CLE,y,both,y,y,y,2023
ANA202309080,CLE,ANA,ANA01,20230908,0,6:38PM,night,9,2,true,,178,34209,unknown,none,cloudy,86,rtol,8,johnc701,,,hobep901,hanat901,cejan901,onorb901,(none),(none),allel003,canng001,clase001,regular,6,3,CLE,ANA,y,both,y,y,y,2023
ANA202309090,CLE,ANA,ANA01,20230909,0,6:07PM,night,9,2,true,,124,27233,unknown,none,cloudy,87,tolf,8,reevt701,,,hanat901,cejan901,onorb901,hobep901,(none),(none),andet002,gioll001,,regular,2,6,ANA,CLE,y,both,y,y,y,2023
ANA202309100,CLE,ANA,ANA01,20230910,0,1:07PM,day,9,2,true,,145,26134,unknown,none,cloudy,88,rtol,4,munse701,,,cejan901,onorb901,hobep901,hanat901,(none),(none),rosek001,bibet001,estec001,regular,1,2,ANA,CLE,y,both,y,y,y,2023
SEA202309110,ANA,SEA,SEA03,20230911,0,6:40PM,night,9,2,true,,199,37807,unknown,none,sunny,69,ltor,4,radoe701,,,addir901,barkl901,willr901,littw901,(none),(none),hergj001,thort002,,regular,8,5,ANA,SEA,y,both,y,y,y,2023
SEA202309120,ANA,SEA,SEA03,20230912,0,6:40PM,night,9,2,true,,145,33771,unknown,none,dome,63,unknown,0,padud701,,,barkl901,willr901,littw901,addir901,(none),(none),woo-b001,sandp002,,regular,0,8,SEA,ANA,y,both,y,y,y,2023
SEA202309130,ANA,SEA,SEA03,20230913,0,1:10PM,day,9,2,true,,152,31250,unknown,none,cloudy,70,ltor,6,padud701,,,willr901,littw901,addir901,barkl901,(none),(none),castl003,suarj001,munoa002,regular,2,3,SEA,ANA,y,both,y,y,y,2023
ANA202309150,DET,ANA,ANA01,20230915,0,6:38PM,night,9,2,true,,156,37822,unknown,none,sunny,73,tolf,7,johnc701,,,viscj901,clemp901,(none),riggj901,(none),(none),skubt001,canng001,,regular,11,2,DET,ANA,y,both,y,y,y,2023
ANA202309160,DET,ANA,ANA01,20230916,0,6:07PM,night,9,2,true,,183,35022,unknown,none,overcast,69,rtol,5,johnc701,,,clemp901,riggj901,kulpr901,viscj901,(none),(none),langa001,sorij002,vestw001,regular,5,4,DET,ANA,y,both,y,y,y,2023
ANA202309170,DET,ANA,ANA01,20230917,0,1:07PM,day,9,2,true,,158,34943,unknown,none,cloudy,74,tocf,5,munse701,,,riggj901,kulpr901,viscj901,clemp901,(none),(none),wentj001,rosek001,langa001,regular,5,3,DET,ANA,y,both,y,y,y,2023
TBA202309190,ANA,TBA,STP01,20230919,0,6:40PM,night,9,2,true,,151,15176,unknown,none,dome,72,unknown,0,mathb701,,,sches901,wegnm901,moorm901,drecb901,(none),(none),stepr002,loupa001,,regular,2,6,TBA,ANA,y,both,y,y,y,2023
TBA202309200,ANA,TBA,STP01,20230920,0,6:40PM,night,9,2,true,,188,15145,unknown,none,dome,72,unknown,0,dabrj701,,,wegnm901,moorm901,drecb901,sches901,(none),(none),wanta001,civaa001,,regular,8,3,ANA,TBA,y,both,y,y,y,2023
TBA202309210,ANA,TBA,STP01,20230921,0,1:10PM,day,9,2,true,,183,12966,unknown,none,dome,72,unknown,0,dabrj701,,,moorm901,drecb901,sches901,wegnm901,(none),(none),kitta001,estec001,,regular,4,5,TBA,ANA,y,both,y,y,y,2023
MIN202309220,ANA,MIN,MIN04,20230922,0,7:10PM,night,9,2,true,,170,32006,unknown,none,cloudy,72,fromlf,7,johns701,,,ramoc901,fairc901,cuzzp901,rehaj901,(none),(none),lopep002,danid001,duraj002,regular,6,8,MIN,ANA,y,both,y,y,y,2023
MIN202309230,ANA,MIN,MIN04,20230923,0,1:10PM,day,9,2,true,,155,31403,unknown,none,cloudy,71,fromlf,12,thors701,,,fairc901,cuzzp901,rehaj901,ramoc901,(none),(none),rosek001,grays001,estec001,regular,1,0,ANA,MIN,y,both,y,y,y,2023
MIN202309240,ANA,MIN,MIN04,20230924,0,1:10PM,day,9,2,true,,150,24232,unknown,none,cloudy,69,fromrf,9,johns701,,,cuzzp901,rehaj901,ramoc901,fairc901,(none),(none),ryanj002,fulmc001,,regular,3,9,MIN,ANA,y,both,y,y,y,2023
ANA202309250,TEX,ANA,ANA01,20230925,0,6:38PM,night,9,2,true,,161,25208,unknown,none,sunny,73,rtol,6,johnc701,,,ticht901,tosia901,knigb901,hamaa901,(none),(none),grayj003,hergj001,,regular,5,1,TEX,ANA,y,both,y,y,y,2023
ANA202309260,TEX,ANA,ANA01,20230926,0,6:38PM,night,9,2,true,,157,26976,unknown,none,sunny,75,tocf,5,munse701,,,tosia901,knigb901,hamaa901,ticht901,(none),(none),detmr001,bradc003,,regular,3,9,ANA,TEX,y,both,y,y,y,2023
ANA202309270,TEX,ANA,ANA01,20230927,0,6:38PM,night,9,2,true,,155,30020,unknown,none,cloudy,75,rtol,8,franm701,,,knigb901,hamaa901,ticht901,tosia901,(none),(none),dunnd001,canng001,,regular,5,0,TEX,ANA,y,both,y,y,y,2023
ANA202309290,OAK,ANA,ANA01,20230929,0,6:38PM,night,9,2,true,,138,32333,unknown,none,cloudy,69,tocf,8,munse701,,,nelsj901,navaj901,buckc901,may-b901,(none),(none),danid001,waldk003,,regular,1,5,ANA,OAK,y,both,y,y,y,2023
ANA202309300,OAK,ANA,ANA01,20230930,0,6:07PM,night,9,2,true,,143,31633,unknown,none,overcast,66,rtol,9,johnc701,,,navaj901,walsb901,may-b901,nelsj901,(none),(none),boylj001,joycb001,,regular,7,3,OAK,ANA,y,both,y,y,y,2023
ANA202310010,OAK,ANA,ANA01,20231001,0,12:07PM,day,9,2,true,,152,26539,unknown,none,overcast,65,unknown,2,munse701,,,walsb901,may-b901,nelsj901,navaj901,(none),(none),fulmc001,searj001,,regular,3,7,ANA,OAK,y,both,y,y,y,2023
BAL202403280,ANA,BAL,BAL12,20240328,0,3:05PM,day,9,2,true,,163,45029,unknown,none,cloudy,54,fromlf,9,jacom701,,,johna901,barrs901,dejer901,valej901,(none),(none),burnc002,sandp002,,regular,3,11,BAL,ANA,y,both,y,y,y,2024
BAL202403300,ANA,BAL,BAL12,20240330,0,4:05PM,day,9,2,true,,175,28420,unknown,none,cloudy,68,rtol,4,hetrd701,,,barrs901,dejer901,valej901,johna901,(none),(none),rodrg003,canng001,,regular,4,13,BAL,ANA,y,both,y,y,y,2024
BAL202403310,ANA,BAL,BAL12,20240331,0,1:35PM,day,9,2,true,,139,20576,unknown,none,cloudy,65,ltor,3,lee-j701,,,dejer901,valej901,johna901,barrs901,(none),(none),detmr001,wellt003,estec001,regular,4,1,ANA,BAL,y,both,y,y,y,2024
MIA202404010,ANA,MIA,MIA02,20240401,0,6:40PM,night,9,2,true,,172,9411,unknown,none,cloudy,77,fromcf,11,garnj701,,,bakej902,sches901,carlm901,merzd901,(none),(none),cimba001,scott003,estec001,regular,7,4,ANA,MIA,y,both,y,y,y,2024
MIA202404020,ANA,MIA,MIA02,20240402,0,6:40PM,night,9,2,true,,138,9033,unknown,none,cloudy,79,fromcf,13,garnj701,,,sches901,carlm901,merzd901,bakej902,(none),(none),andet002,luzaj001,garcl005,regular,3,1,ANA,MIA,y,both,y,y,y,2024
MIA202404030,ANA,MIA,MIA02,20240403,0,1:10PM,day,9,2,true,,166,8573,unknown,none,dome,72,unknown,0,mccac701,,,carlm901,merzd901,bakej902,sches901,(none),(none),sandp002,puk-a001,zunig001,regular,10,2,ANA,MIA,y,both,y,y,y,2024
ANA202404050,BOS,ANA,ANA01,20240405,0,6:38PM,night,9,2,true,,191,44714,unknown,none,cloudy,54,ltor,8,munse701,,,tosia901,belld901,cuzzp901,randt901,(none),(none),martc007,sorij002,jansk001,regular,8,6,BOS,ANA,y,both,y,y,y,2024
ANA202404060,BOS,ANA,ANA01,20240406,0,6:38PM,night,9,2,true,,162,44485,unknown,none,sunny,61,rtol,7,franm701,,,belld901,cuzzp901,randt901,tosia901,(none),(none),detmr001,weisg001,estec001,regular,1,2,ANA,BOS,y,both,y,y,y,2024
ANA202404070,BOS,ANA,ANA01,20240407,0,1:07PM,day,9,2,true,,176,38917,unknown,none,cloudy,66,tocf,9,munse701,,,cuzzp901,randt901,tosia901,belld901,(none),(none),houct001,silsc001,andec001,regular,12,2,BOS,ANA,y,both,y,y,y,2024
ANA202404080,TBA,ANA,ANA01,20240408,0,6:38PM,night,9,2,true,,134,18748,unknown,none,sunny,70,unknown,2,reevt701,,,moorm901,millb901,eddid901,whitc901,(none),(none),andet002,efliz001,,regular,1,7,ANA,TBA,y,both,y,y,y,2024
ANA202404090,TBA,ANA,ANA01,20240409,0,6:38PM,night,9,2,true,,166,20271,unknown,none,sunny,77,rtol,4,johnc701,,,millb901,eddid901,whitc901,moorm901,(none),(none),civaa001,sandp002,fairp001,regular,6,4,TBA,ANA,y,both,y,y,y,2024
ANA202404100,TBA,ANA,ANA01,20240410,0,1:07PM,day,9,2,true,,152,16600,unknown,none,sunny,80,tocf,6,munse701,,,eddid901,whitc901,moorm901,millb901,(none),(none),kellk004,sorij002,fairp001,regular,4,2,TBA,ANA,y,both,y,y,y,2024
BOS202404120,ANA,BOS,BOS07,20240412,0,7:10PM,night,9,2,true,,140,26106,unknown,none,cloudy,54,tolf,9,medes701,,,fairc901,willr901,torrc901,ramoc901,(none),(none),detmr001,houct001,,regular,7,0,ANA,BOS,y,both,y,y,y,2024
BOS202404130,ANA,BOS,BOS07,20240413,0,4:10PM,day,9,2,true,,148,31878,unknown,none,cloudy,54,torf,7,foxxl701,,,willr901,torrc901,ramoc901,fairc901,(none),(none),weisg001,canng001,,regular,2,7,BOS,ANA,y,both,y,y,y,2024
BOS202404140,ANA,BOS,BOS07,20240414,0,1:35PM,day,9,2,true,,175,30792,unknown,none,sunny,59,torf,6,foxxl701,,,torrc901,ramoc901,fairc901,willr901,(none),(none),bellb002,andet002,jansk001,regular,4,5,BOS,ANA,y,both,y,y,y,2024
TBA202404150,ANA,TBA,STP01,20240415,0,6:50PM,night,9,2,true,,154,12267,unknown,none,dome,72,unknown,0,mathb701,,,becka901,iassd901,ballb901,may-b901,(none),(none),garcl005,matop002,,regular,7,3,ANA,TBA,y,both,y,y,y,2024
TBA202404160,ANA,TBA,STP01,20240416,0,6:50PM,night,9,2,true,,209,12160,unknown,none,dome,72,unknown,0,dabrj701,,,iassd901,ballb901,may-b901,becka901,(none),(none),cleag001,fulmc001,,regular,6,7,TBA,ANA,y,both,y,y,y,2024
TBA202404170,ANA,TBA,STP01,20240417,0,6:50PM,night,9,2,true,,162,10844,unknown,none,dome,72,unknown,0,dabrj701,,,ballb901,may-b901,becka901,iassd901,(none),(none),strih001,fairp001,,regular,5,4,ANA,TBA,y,both,y,y,y,2024
TBA202404180,ANA,TBA,STP01,20240418,0,1:10PM,day,9,2,true,,135,10648,unknown,none,dome,72,unknown,0,dabrj701,,,may-b901,becka901,iassd901,ballb901,(none),(none),pepir001,canng001,pochc001,regular,1,2,TBA,ANA,y,both,y,y,y,2024
CIN202404190,ANA,CIN,CIN09,20240419,0,6:40PM,night,9,2,true,,132,22539,unknown,none,sunny,61,tocf,11,rothr701,,,vanol901,walsb901,barrs901,rackd901,(none),(none),lodon001,andet002,,regular,1,7,CIN,ANA,y,both,y,y,y,2024
CIN202404200,ANA,CIN,CIN09,20240420,0,6:40PM,night,9,2,true,,170,27343,unknown,none,cloudy,54,tocf,11,rothr701,,,walsb901,barrs901,rackd901,vanol901,(none),(none),ashcg001,sandp002,diaza004,regular,5,7,CIN,ANA,y,both,y,y,y,2024
CIN202404210,ANA,CIN,CIN09,20240421,0,1:40PM,day,9,2,true,,156,25935,unknown,none,cloudy,49,tocf,9,rothr701,,,barrs901,rackd901,vanol901,walsb901,(none),(none),pagae001,sorij002,diaza004,regular,0,3,CIN,ANA,y,both,y,y,y,2024
ANA202404220,BAL,ANA,ANA01,20240422,0,6:38PM,night,9,2,true,,156,26081,unknown,none,cloudy,59,torf,6,reevt701,,,lentn901,jimee901,barkl901,morag901,(none),(none),suara001,detmr001,kimbc001,regular,4,2,BAL,ANA,y,both,y,y,y,2024
ANA202404230,BAL,ANA,ANA01,20240423,0,6:38PM,night,9,2,true,,165,22803,unknown,none,cloudy,66,torf,4,johnc701,,,jimee901,barkl901,morag901,lentn901,(none),(none),canng001,rodrg003,estec001,regular,4,7,ANA,BAL,y,both,y,y,y,2024
ANA202404240,BAL,ANA,ANA01,20240424,0,1:07PM,day,9,2,true,,177,19557,unknown,none,cloudy,67,tocf,10,franm701,,,barkl901,morag901,lentn901,jimee901,(none),(none),kremd001,andet002,kimbc001,regular,6,5,BAL,ANA,y,both,y,y,y,2024
ANA202404260,MIN,ANA,ANA01,20240426,0,6:38PM,night,9,2,true,,170,31087,unknown,none,cloudy,64,torf,7,johnc701,,,gibsh902,carlm901,merzd901,bakej902,(none),(none),oberb002,sandp002,thiec001,regular,5,3,MIN,ANA,y,both,y,y,y,2024
ANA202404270,MIN,ANA,ANA01,20240427,0,6:38PM,night,9,2,true,,185,44478,unknown,none,sunny,67,rtol,9,johnc701,,,carlm901,merzd901,bakej902,gibsh902,(none),(none),paddc001,sorij002,,regular,16,5,MIN,ANA,y,both,y,y,y,2024
ANA202404280,MIN,ANA,ANA01,20240428,0,1:07PM,day,9,2,true,,181,38955,unknown,none,sunny,73,tocf,6,munse701,,,merzd901,bakej902,gibsh902,carlm901,(none),(none),lopep002,detmr001,,regular,11,5,MIN,ANA,y,both,y,y,y,2024
ANA202404290,PHI,ANA,ANA01,20240429,0,6:38PM,night,9,2,true,,163,25449,unknown,none,sunny,71,tocf,7,munse701,,,moorm901,eddid901,whitc901,clemp901,(none),(none),cimba001,domis001,estec001,regular,5,6,ANA,PHI,y,both,y,y,y,2024
ANA202404300,PHI,ANA,ANA01,20240430,0,6:38PM,night,9,2,true,,168,23949,unknown,none,sunny,68,tocf,10,reevt701,,,eddid901,whitc901,clemp901,moorm901,(none),(none),alvaj004,estec001,hoffj003,regular,7,5,PHI,ANA,y,both,y,y,y,2024
ANA202405010,PHI,ANA,ANA01,20240501,0,1:07PM,day,9,2,true,,173,20156,unknown,none,sunny,71,torf,6,johnc701,,,whitc901,clemp901,moorm901,eddid901,(none),(none),wheez001,sandp002,sotog003,regular,2,1,PHI,ANA,y,both,y,y,y,2024
CLE202405030,ANA,CLE,CLE08,20240503,0,7:10PM,night,9,2,true,,161,19698,unknown,none,overcast,67,tocf,4,maveb701,,,willr901,torrc901,ramoc901,rehaj901,(none),(none),sorij002,bibet001,,regular,6,0,ANA,CLE,y,both,y,y,y,2024
CLE202405040,ANA,CLE,CLE08,20240504,0,6:10PM,night,9,2,true,,135,26292,unknown,none,overcast,73,rtol,2,maveb701,,,torrc901,ramoc901,rehaj901,willr901,(none),(none),liveb001,detmr001,,regular,1,7,CLE,ANA,y,both,y,y,y,2024
CLE202405050,ANA,CLE,CLE08,20240505,0,1:40PM,day,9,2,true,,135,19579,unknown,none,cloudy,66,ltor,8,libea701,,,ramoc901,rehaj901,willr901,torrc901,(none),(none),carrc003,canng001,clase001,regular,1,4,CLE,ANA,y,both,y,y,y,2024
PIT202405060,ANA,PIT,PIT08,20240506,0,6:40PM,night,9,2,true,,115,9506,unknown,none,cloudy,71,tolf,3,musid701,,,hoyej901,drakr901,parrj901,libkj901,(none),(none),kellm003,andet002,,regular,1,4,PIT,ANA,y,both,y,y,y,2024
PIT202405070,ANA,PIT,PIT08,20240507,0,6:40PM,night,9,2,true,,151,10844,unknown,none,cloudy,75,tocf,12,soosr701,,,drakr901,parrj901,libkj901,hoyej901,(none),(none),sandp002,prieq001,,regular,9,0,ANA,PIT,y,both,y,y,y,2024
PIT202405080,ANA,PIT,PIT08,20240508,0,12:35PM,day,9,2,true,,149,15213,unknown,none,sunny,75,tolf,11,musid701,,,parrj901,libkj901,hoyej901,drakr901,(none),(none),cimba001,ortil003,estec001,regular,5,4,ANA,PIT,y,both,y,y,y,2024
ANA202405090,KCA,ANA,ANA01,20240509,0,6:38PM,night,9,2,true,,164,23568,unknown,none,sunny,67,tocf,11,franm701,,,sches901,rippm901,bakej902,merzd901,(none),(none),wachm001,detmr001,,regular,10,4,KCA,ANA,y,both,y,y,y,2024
ANA202405100,KCA,ANA,ANA01,20240510,0,6:38PM,night,9,2,true,,158,29126,unknown,none,cloudy,66,tocf,6,johnc701,,,rippm901,bakej902,merzd901,sches901,(none),(none),dufft001,estec001,schrj001,regular,2,1,KCA,ANA,y,both,y,y,y,2024
ANA202405110,KCA,ANA,ANA01,20240511,0,6:38PM,night,9,2,true,,141,31593,unknown,none,sunny,67,rtol,10,reevt701,,,bakej902,merzd901,sches901,rippm901,(none),(none),andet002,ragac001,,regular,3,9,ANA,KCA,y,both,y,y,y,2024
ANA202405120,KCA,ANA,ANA01,20240512,0,1:07PM,day,9,2,true,,138,27723,unknown,none,sunny,73,ltor,6,munse701,,,merzd901,sches901,rippm901,bakej902,(none),(none),lugos001,sandp002,mcarj001,regular,4,2,KCA,ANA,y,both,y,y,y,2024
ANA202405130,SLN,ANA,ANA01,20240513,0,6:38PM,night,9,2,true,,174,22814,unknown,none,sunny,65,tocf,8,franm701,,,tomln901,segac901,vanol901,rackd901,(none),(none),leahk001,moorm003,,regular,10,5,SLN,ANA,y,both,y,y,y,2024
ANA202405140,SLN,ANA,ANA01,20240514,0,6:38PM,night,9,2,true,,175,21490,unknown,none,sunny,66,tocf,8,johnc701,,,segac901,vanol901,rackd901,tomln901,(none),(none),grays001,strih001,helsr001,regular,7,6,SLN,ANA,y,both,y,y,y,2024
ANA202405150,SLN,ANA,ANA01,20240515,0,6:07PM,night,9,2,true,,177,21961,unknown,none,cloudy,68,tocf,8,munse701,,,vanol901,rackd901,tomln901,segac901,(none),(none),canng001,lynnl001,,regular,2,7,ANA,SLN,y,both,y,y,y,2024
TEX202405170,ANA,TEX,ARL03,20240517,0,7:05PM,night,9,2,true,,170,37922,unknown,none,sunny,81,fromlf,3,ruizc701,,,johna901,valej901,riggj901,dejer901,(none),(none),andet002,heana001,,regular,9,3,ANA,TEX,y,both,y,y,y,2024
TEX202405180,ANA,TEX,ARL03,20240518,0,6:15PM,night,9,2,true,,224,36457,unknown,none,dome,74,unknown,0,wells701,,,valej901,riggj901,dejer901,johna901,(none),(none),rodry002,fulmc001,,regular,2,3,TEX,ANA,y,both,y,y,y,2024
TEX202405190,ANA,TEX,ARL03,20240519,0,1:35PM,day,9,2,true,,143,36009,unknown,none,dome,74,unknown,0,ruizc701,,,riggj901,dejer901,johna901,valej901,(none),(none),sorij002,lorem002,garcl005,regular,4,1,ANA,TEX,y,both,y,y,y,2024
HOU202405200,ANA,HOU,HOU03,20240520,0,7:10PM,night,9,2,true,,156,29821,unknown,none,dome,73,unknown,0,johnf701,,,libkj901,hoyej901,jimee902,drakr901,(none),(none),suarj001,valdf001,estec001,regular,9,7,ANA,HOU,y,both,y,y,y,2024
HOU202405210,ANA,HOU,HOU03,20240521,0,7:10PM,night,9,2,true,,178,30891,unknown,none,dome,73,unknown,0,blour701,,,hoyej901,jimee902,drakr901,libkj901,(none),(none),hadej001,estec001,,regular,5,6,HOU,ANA,y,both,y,y,y,2024
HOU202405220,ANA,HOU,HOU03,20240522,0,1:10PM,day,9,2,true,,138,30599,unknown,none,dome,73,unknown,0,blour701,,,jimee902,drakr901,libkj901,hoyej901,(none),(none),andet002,browh001,garcl005,regular,2,1,ANA,HOU,y,both,y,y,y,2024
ANA202405240,CLE,ANA,ANA01,20240524,0,6:38PM,night,9,2,true,,160,37618,unknown,none,cloudy,66,tocf,8,johnc701,,,clemp901,torrc901,willr901,fairc901,(none),(none),allel003,sandp002,,regular,10,4,CLE,ANA,y,both,y,y,y,2024
ANA202405250,CLE,ANA,ANA01,20240525,0,6:38PM,night,9,2,true,,142,35861,unknown,none,cloudy,66,rtol,9,reevt701,,,torrc901,willr901,fairc901,clemp901,(none),(none),bibet001,sorij002,clase001,regular,4,3,CLE,ANA,y,both,y,y,y,2024
ANA202405260,CLE,ANA,ANA01,20240526,0,1:07PM,day,9,2,true,,153,38741,unknown,none,cloudy,71,torf,4,munse701,,,willr901,fairc901,clemp901,torrc901,(none),(none),liveb001,detmr001,clase001,regular,5,4,CLE,ANA,y,both,y,y,y,2024
ANA202405280,NYA,ANA,ANA01,20240528,0,6:38PM,night,9,2,true,,145,34894,unknown,none,sunny,69,tocf,6,munse701,,,hamaa901,walsb901,mosce901,carav901,(none),(none),moorm003,weavl001,estec001,regular,3,4,ANA,NYA,y,both,y,y,y,2024
ANA202405290,NYA,ANA,ANA01,20240529,0,6:38PM,night,9,2,true,,143,34313,unknown,none,sunny,68,tocf,9,johnc701,,,walsb901,mosce901,carav901,hamaa901,(none),(none),gil-l001,andet002,holmc001,regular,2,1,NYA,ANA,y,both,y,y,y,2024
ANA202405300,NYA,ANA,ANA01,20240530,0,6:38PM,night,9,2,true,,161,36312,unknown,none,sunny,68,tocf,11,franm701,,,mosce901,carav901,hamaa901,walsb901,(none),(none),rodoc001,sandp002,,regular,8,3,NYA,ANA,y,both,y,y,y,2024
SEA202405310,ANA,SEA,SEA03,20240531,0,7:10PM,night,9,2,true,,152,40001,unknown,none,sunny,68,ltor,9,peted701,,,vondc901,wegnm901,drecb901,rehaj901,(none),(none),stanr002,moorm003,munoa002,regular,4,5,SEA,ANA,y,both,y,y,y,2024
SEA202406010,ANA,SEA,SEA03,20240601,0,4:15PM,day,9,2,true,,167,39932,unknown,none,cloudy,65,tolf,8,peted701,,,wegnm901,drecb901,rehaj901,vondc901,(none),(none),millb004,detmr001,,regular,0,9,SEA,ANA,y,both,y,y,y,2024
SEA202406020,ANA,SEA,SEA03,20240602,0,1:10PM,day,9,2,true,,159,35990,unknown,none,dome,60,unknown,2,peted701,,,drecb901,rehaj901,vondc901,wegnm901,(none),(none),castl003,canng001,,regular,1,5,SEA,ANA,y,both,y,y,y,2024
ANA202406030,SDN,ANA,ANA01,20240603,0,6:38PM,night,9,2,true,,137,32683,unknown,none,cloudy,69,tocf,6,franm701,,,iassd901,may-b901,buckc901,jimee902,(none),(none),strih001,morea001,estec001,regular,1,2,ANA,SDN,y,both,y,y,y,2024
ANA202406040,SDN,ANA,ANA01,20240604,0,6:38PM,night,9,2,true,,149,33947,unknown,none,sunny,73,tocf,8,munse701,,,may-b901,buckc901,jimee902,iassd901,(none),(none),moorm003,matsy001,estec001,regular,2,4,ANA,SDN,y,both,y,y,y,2024
ANA202406050,SDN,ANA,ANA01,20240605,0,6:38PM,night,9,2,true,,138,31960,unknown,none,sunny,70,torf,9,johnc701,,,buckc901,jimee902,iassd901,may-b901,(none),(none),sorij002,ceasd001,moorm003,regular,2,3,ANA,SDN,y,both,y,y,y,2024
ANA202406070,HOU,ANA,ANA01,20240607,0,6:38PM,night,9,2,true,,139,36534,unknown,none,sunny,68,tocf,8,reevt701,,,parrj901,wendh902,tumpj901,mahrn901,(none),(none),valdf001,canng001,,regular,7,1,HOU,ANA,y,both,y,y,y,2024
ANA202406080,HOU,ANA,ANA01,20240608,0,7:07PM,night,9,2,true,,168,38217,unknown,none,cloudy,69,rtol,9,franm701,,,wendh902,tumpj901,mahrn901,parrj901,(none),(none),browh001,andet002,,regular,6,1,HOU,ANA,y,both,y,y,y,2024
ANA202406090,HOU,ANA,ANA01,20240609,0,1:07PM,day,9,2,true,,193,42703,unknown,none,overcast,72,tocf,7,munse701,,,tumpj901,mahrn901,parrj901,wendh902,(none),(none),estec001,hadej001,,regular,7,9,ANA,HOU,y,both,y,y,y,2024
ARI202406110,ANA,ARI,PHO01,20240611,0,6:40PM,night,9,2,true,,197,20972,unknown,none,dome,78,unknown,0,lagrp701,,,hamaa901,walsb901,mosce901,carav901,(none),(none),montj004,suarj001,,regular,4,9,ARI,ANA,y,both,y,y,y,2024
ARI202406120,ANA,ARI,PHO01,20240612,0,6:40PM,night,9,2,true,,162,19691,unknown,none,dome,78,unknown,0,lagrp701,,,walsb901,mosce901,carav901,hamaa901,(none),(none),sorij002,ceccs001,,regular,8,3,ANA,ARI,y,both,y,y,y,2024
ARI202406130,ANA,ARI,PHO01,20240613,0,6:40PM,night,9,2,true,,156,18185,unknown,none,dome,74,unknown,0,black701,,,mosce901,carav901,hamaa901,walsb901,(none),(none),pfaab001,canng001,,regular,1,11,ARI,ANA,y,both,y,y,y,2024
SFN202406140,ANA,SFN,SFO03,20240614,0,7:15PM,night,9,2,true,,176,32842,unknown,none,sunny,63,tocf,15,ducam701,,,lentn901,barkl901,rippm901,hanat901,(none),(none),andet002,howas003,estec001,regular,8,6,ANA,SFN,y,both,y,y,y,2024
SFN202406150,ANA,SFN,SFO03,20240615,0,1:05PM,day,9,2,true,,157,36235,unknown,none,sunny,71,unknown,12,ducam701,,,barkl901,rippm901,hanat901,lentn901,(none),(none),moorm003,walkr001,estec001,regular,4,3,ANA,SFN,y,both,y,y,y,2024
SFN202406160,ANA,SFN,SFO03,20240616,0,1:05PM,day,9,2,true,,168,41008,unknown,none,sunny,68,tocf,16,irvia701,,,rippm901,hanat901,lentn901,barkl901,(none),(none),bives001,suarj001,,regular,6,13,SFN,ANA,y,both,y,y,y,2024
ANA202406170,MIL,ANA,ANA01,20240617,0,6:38PM,night,9,2,true,,147,26575,unknown,none,sunny,71,torf,9,johnc701,,,merzd901,bakej902,carlm901,sches901,(none),(none),plesz001,rodrc003,estec001,regular,3,5,ANA,MIL,y,both,y,y,y,2024
ANA202406180,MIL,ANA,ANA01,20240618,0,6:38PM,night,9,2,true,,167,27967,unknown,none,sunny,74,tocf,10,munse701,,,bakej902,carlm901,sches901,merzd901,(none),(none),myert001,canng001,megit001,regular,6,3,MIL,ANA,y,both,y,y,y,2024
ANA202406190,MIL,ANA,ANA01,20240619,0,6:38PM,night,9,2,true,,142,28483,unknown,none,sunny,72,tocf,6,franm701,,,carlm901,sches901,merzd901,bakej902,(none),(none),peraf001,andet002,megit001,regular,2,0,MIL,ANA,y,both,y,y,y,2024
LAN202406210,ANA,LAN,LOS03,20240621,0,7:10PM,night,9,2,true,,160,51841,unknown,none,sunny,76,ltor,7,eastr701,,,libkj901,hoyej901,drakr901,reybd901,(none),(none),garcl005,banda001,estec001,regular,3,2,ANA,LAN,y,both,y,y,y,2024
LAN202406220,ANA,LAN,LOS03,20240622,0,7:10PM,night,9,2,true,,130,53273,unknown,none,sunny,79,tocf,9,munse701,,,hoyej901,drakr901,reybd901,libkj901,(none),(none),glast001,plesz001,,regular,2,7,LAN,ANA,y,both,y,y,y,2024
ANA202406240,OAK,ANA,ANA01,20240624,0,6:38PM,night,9,2,true,,143,24586,unknown,none,sunny,84,rtol,10,johnc701,,,porta901,blakr901,bacoj901,wolfj901,(none),(none),canng001,medil002,,regular,1,5,ANA,OAK,y,both,y,y,y,2024
ANA202406250,OAK,ANA,ANA01,20240625,0,6:38PM,night,9,2,true,,167,26473,unknown,none,sunny,79,tocf,4,reevt701,,,blakr901,bacoj901,wolfj901,porta901,(none),(none),andet002,spenm001,estec001,regular,5,7,ANA,OAK,y,both,y,y,y,2024
ANA202406260,OAK,ANA,ANA01,20240626,0,1:07PM,day,9,2,true,,157,31240,unknown,none,sunny,80,tocf,4,munse701,,,bacoj901,wolfj901,porta901,blakr901,(none),(none),moorm003,estej001,,regular,2,5,ANA,OAK,y,both,y,y,y,2024
ANA202406270,DET,ANA,ANA01,20240627,0,6:38PM,night,9,2,true,,125,27340,unknown,none,sunny,77,tocf,9,munse701,,,ortir901,marqa901,barrl901,rippm901,(none),(none),danid001,flahj002,,regular,0,5,ANA,DET,y,both,y,y,y,2024
ANA202406280,DET,ANA,ANA01,20240628,0,6:38PM,night,9,2,true,,136,34381,unknown,none,sunny,76,rtol,10,johnc701,,,marqa901,barrl901,rippm901,ortir901,(none),(none),garcl005,mills001,estec001,regular,2,5,ANA,DET,y,both,y,y,y,2024
ANA202406290,DET,ANA,ANA01,20240629,0,7:07PM,night,9,2,true,,170,39559,unknown,none,sunny,77,rtol,7,munse701,,,barrl901,rippm901,ortir901,marqa901,(none),(none),joycb001,folej001,,regular,5,6,ANA,DET,y,both,y,y,y,2024
ANA202406300,DET,ANA,ANA01,20240630,0,1:07PM,day,9,2,true,,162,35061,unknown,none,cloudy,87,tocf,6,munse701,,,rippm901,ortir901,marqa901,barrl901,(none),(none),mizec001,andet002,holtt002,regular,7,6,DET,ANA,y,both,y,y,y,2024
OAK202407020,ANA,OAK,OAK01,20240702,0,6:40PM,night,9,2,true,,160,5447,unknown,none,sunny,85,torf,11,thomc701,,,valej901,muchm901,jimee902,fleta901,(none),(none),spenm001,sorij002,,regular,5,7,OAK,ANA,y,both,y,y,y,2024
OAK202407030,ANA,OAK,OAK01,20240703,0,6:40PM,night,9,2,true,,134,14837,unknown,none,sunny,84,torf,9,thomc701,,,muchm901,jimee902,fleta901,valej901,(none),(none),estej001,danid001,,regular,0,5,OAK,ANA,y,both,y,y,y,2024
OAK202407040,ANA,OAK,OAK01,20240704,0,1:07PM,day,9,2,true,,158,11956,unknown,none,sunny,81,torf,8,ducam701,,,jimee902,fleta901,valej901,muchm901,(none),(none),searj001,contr001,,regular,0,5,OAK,ANA,y,both,y,y,y,2024
CHN202407050,ANA,CHN,CHI11,20240705,0,1:20PM,day,9,2,true,,127,36948,unknown,none,cloudy,85,tocf,15,seipb701,,,lentn901,jimee901,barkl901,littw901,(none),(none),steej002,canng001,,regular,1,5,CHN,ANA,y,both,y,y,y,2024
CHN202407060,ANA,CHN,CHI11,20240706,0,1:20PM,day,9,2,true,,149,36420,unknown,none,sunny,76,fromrf,6,speaa701,,,jimee901,barkl901,littw901,lentn901,(none),(none),andet002,hendk001,,regular,7,0,ANA,CHN,y,both,y,y,y,2024
CHN202407070,ANA,CHN,CHI11,20240707,0,1:20PM,day,9,2,true,,138,34355,unknown,none,cloudy,87,tocf,4,jackj702,,,barkl901,littw901,lentn901,jimee901,(none),(none),wesnh001,sorij002,nerih001,regular,0,5,CHN,ANA,y,both,y,y,y,2024
ANA202407080,TEX,ANA,ANA01,20240708,0,6:38PM,night,9,2,true,,158,25193,unknown,none,sunny,78,rtol,10,franm701,,,cuzzp901,randt901,tosia901,belld901,(none),(none),grayj003,danid001,,regular,9,4,TEX,ANA,y,both,y,y,y,2024
ANA202407090,TEX,ANA,ANA01,20240709,0,6:38PM,night,9,2,true,,151,23791,unknown,none,sunny,81,tocf,8,munse701,,,randt901,tosia901,belld901,cuzzp901,(none),(none),leclj001,garcl005,yatek001,regular,5,4,TEX,ANA,y,both,y,y,y,2024
ANA202407100,TEX,ANA,ANA01,20240710,0,6:38PM,night,9,2,true,,150,23230,unknown,none,sunny,81,rtol,8,franm701,,,tosia901,belld901,cuzzp901,randt901,(none),(none),crouh001,lorem002,,regular,2,7,ANA,TEX,y,both,y,y,y,2024
ANA202407110,SEA,ANA,ANA01,20240711,0,6:38PM,night,9,2,true,,150,26747,unknown,none,sunny,77,rtol,8,franm701,,,mahrn901,reybd901,drakr901,metzj901,(none),(none),castl003,kochj001,,regular,11,0,SEA,ANA,y,both,y,y,y,2024
ANA202407120,SEA,ANA,ANA01,20240712,0,6:38PM,night,9,2,true,,168,31243,unknown,none,cloudy,75,tocf,6,johnc701,,,reybd901,drakr901,metzj901,mahrn901,(none),(none),crouh001,votha001,,regular,5,6,ANA,SEA,y,both,y,y,y,2024
ANA202407130,SEA,ANA,ANA01,20240713,0,6:38PM,night,9,2,true,,134,43273,unknown,none,sunny,77,tocf,10,franm701,,,drakr901,metzj901,mahrn901,reybd901,(none),(none),sorij002,kirbg001,estec001,regular,1,2,ANA,SEA,y,both,y,y,y,2024
ANA202407140,SEA,ANA,ANA01,20240714,0,1:07PM,day,9,2,true,,157,26015,unknown,none,cloudy,81,tocf,7,munse701,,,metzj901,mahrn901,reybd901,drakr901,(none),(none),crouh001,votha001,contr001,regular,2,3,ANA,SEA,y,both,y,y,y,2024
OAK202407190,ANA,OAK,OAK01,20240719,0,6:40PM,night,9,2,true,,159,11596,unknown,none,sunny,80,torf,12,younj701,,,willr901,tomln901,torrc901,metzj901,(none),(none),searj001,canng001,,regular,3,13,OAK,ANA,y,both,y,y,y,2024
OAK202407200,ANA,OAK,OAK01,20240720,0,1:07PM,day,9,2,true,,149,14574,unknown,none,sunny,75,torf,9,younj701,,,tomln901,torrc901,metzj901,willr901,(none),(none),spenm001,kochj001,,regular,2,8,OAK,ANA,y,both,y,y,y,2024
OAK202407210,ANA,OAK,OAK01,20240721,0,1:07PM,day,9,2,true,,188,10380,unknown,none,cloudy,63,unknown,10,thomc701,,,torrc901,metzj901,willr901,tomln901,(none),(none),garcl005,ercel001,estec001,regular,8,5,ANA,OAK,y,both,y,y,y,2024
SEA202407220,ANA,SEA,SEA03,20240722,0,6:40PM,night,9,2,true,,158,22528,unknown,none,cloudy,63,fromlf,2,radoe701,,,estam901,bacce901,diazl901,gibsh902,(none),(none),garcl005,thort002,estec001,regular,3,1,ANA,SEA,y,both,y,y,y,2024
SEA202407230,ANA,SEA,SEA03,20240723,0,6:40PM,night,9,2,true,,133,26496,unknown,none,sunny,73,fromcf,2,padud701,,,bacce901,diazl901,gibsh902,estam901,(none),(none),sorij002,gilbl002,,regular,5,1,ANA,SEA,y,both,y,y,y,2024
SEA202407240,ANA,SEA,SEA03,20240724,0,12:40PM,day,9,2,true,,170,39953,unknown,none,sunny,65,ltor,2,radoe701,,,diazl901,gibsh902,estam901,bacce901,(none),(none),crouh001,santg001,estec001,regular,2,1,ANA,SEA,y,both,y,y,y,2024
ANA202407250,OAK,ANA,ANA01,20240725,0,6:38PM,night,9,2,true,,156,25752,unknown,none,sunny,88,rtol,7,johnc701,,,drecb901,wegnm901,walsb901,rehaj901,(none),(none),strir001,rosek001,fergt001,regular,6,5,OAK,ANA,y,both,y,y,y,2024
ANA202407260,OAK,ANA,ANA01,20240726,0,6:38PM,night,9,2,true,,149,28722,unknown,none,sunny,77,tocf,9,munse701,,,wegnm901,walsb901,rehaj901,drecb901,(none),(none),blacp001,crouh001,ercel001,regular,5,4,OAK,ANA,y,both,y,y,y,2024
ANA202407270,OAK,ANA,ANA01,20240727,0,6:38PM,night,9,2,true,,143,33755,unknown,none,sunny,80,tocf,8,franm701,,,walsb901,rehaj901,drecb901,wegnm901,(none),(none),spenm001,andet002,fergt001,regular,3,1,OAK,ANA,y,both,y,y,y,2024
ANA202407280,OAK,ANA,ANA01,20240728,0,1:07PM,day,9,2,true,,168,27016,unknown,none,sunny,80,tocf,9,munse701,,,rehaj901,drecb901,wegnm901,walsb901,(none),(none),contr001,bidoo001,garcl005,regular,6,8,ANA,OAK,y,both,y,y,y,2024
ANA202407300,COL,ANA,ANA01,20240730,0,6:38PM,night,9,2,true,,158,25241,unknown,none,sunny,79,tocf,6,reevt701,,,belld901,randt901,metzj901,cuzzp901,(none),(none),quijj001,birdj001,strih001,regular,7,10,ANA,COL,y,both,y,y,y,2024
ANA202407310,COL,ANA,ANA01,20240731,0,6:38PM,night,9,2,true,,146,23658,unknown,none,sunny,80,rtol,8,franm701,,,randt901,metzj901,cuzzp901,belld901,(none),(none),freek001,crouh001,vodnv001,regular,2,1,COL,ANA,y,both,y,y,y,2024
ANA202408010,COL,ANA,ANA01,20240801,0,6:38PM,night,9,2,true,,158,27335,unknown,none,sunny,79,torf,6,munse701,,,metzj901,cuzzp901,belld901,randt901,(none),(none),vodnv001,crouh001,kinlt001,regular,5,4,COL,ANA,y,both,y,y,y,2024
ANA202408020,NYN,ANA,ANA01,20240802,0,6:38PM,night,9,2,true,,161,37012,unknown,none,cloudy,84,tocf,11,munse701,,,millb903,conrc901,macka901,lives901,(none),(none),blacp001,andet002,,regular,5,1,NYN,ANA,y,both,y,y,y,2024
ANA202408030,NYN,ANA,ANA01,20240803,0,6:38PM,night,9,2,true,,170,36377,unknown,none,sunny,88,rtol,8,franm701,,,conrc901,macka901,lives901,millb903,(none),(none),moorm003,brazh001,joycb001,regular,4,5,ANA,NYN,y,both,y,y,y,2024
ANA202408040,NYN,ANA,ANA01,20240804,0,1:07PM,day,9,2,true,,166,37811,unknown,none,sunny,87,tocf,7,munse701,,,macka901,lives901,millb903,conrc901,(none),(none),canng001,quinj001,contr001,regular,2,3,ANA,NYN,y,both,y,y,y,2024
NYA202408071,ANA,NYA,NYC21,20240807,1,4:05PM,night,9,2,true,,170,0,unknown,rain,overcast,65,fromlf,12,kaplh701,,,dejer901,arrid901,wolcq901,parrj901,(none),(none),gil-l001,danid001,holmc001,regular,2,5,NYA,ANA,y,both,y,y,y,2024
NYA202408072,ANA,NYA,NYC21,20240807,2,7:37PM,night,9,2,true,,164,40744,unknown,none,cloudy,67,tocf,5,kaplh701,,,valej901,wolcq901,parrj901,arrid901,(none),(none),strih001,warrw001,,regular,8,2,ANA,NYA,y,both,y,y,y,2024
NYA202408080,ANA,NYA,NYC21,20240808,0,7:05PM,night,9,2,true,,178,40681,unknown,rain,overcast,69,fromcf,11,kaplh701,,,wolcq901,parrj901,dejer901,valej901,(none),(none),andet002,cortn001,,regular,9,4,ANA,NYA,y,both,y,y,y,2024
WAS202408090,ANA,WAS,WAS11,20240809,0,6:45PM,night,9,2,true,,175,22333,unknown,none,cloudy,82,tocf,5,tritb701,,,mahrn901,hudsm901,wendh902,tumpj901,(none),(none),finnk001,moorm003,,regular,2,3,WAS,ANA,y,both,y,y,y,2024
WAS202408100,ANA,WAS,WAS11,20240810,0,6:45PM,night,9,2,true,,170,22183,unknown,none,cloudy,88,rtol,3,hetrd701,,,hudsm901,wendh902,tumpj901,mahrn901,(none),(none),law-d001,contr001,,regular,4,5,WAS,ANA,y,both,y,y,y,2024
WAS202408110,ANA,WAS,WAS11,20240811,0,11:35AM,day,9,2,true,,189,25456,unknown,none,cloudy,77,fromlf,5,lee-j701,,,wendh902,tumpj901,mahrn901,hudsm901,(none),(none),kochj001,gorem001,,regular,6,4,ANA,WAS,y,both,y,y,y,2024
ANA202408120,TOR,ANA,ANA01,20240812,0,6:38PM,night,9,2,true,,139,29676,unknown,none,sunny,82,tocf,8,johnc701,,,cejan901,gonzm901,ticht901,blasc901,(none),(none),franb002,danid001,greec003,regular,4,2,TOR,ANA,y,both,y,y,y,2024
ANA202408130,TOR,ANA,ANA01,20240813,0,6:38PM,night,9,2,true,,154,30982,unknown,none,sunny,81,rtol,9,franm701,,,gonzm901,ticht901,blasc901,cejan901,(none),(none),gausk001,fulmc001,,regular,6,1,TOR,ANA,y,both,y,y,y,2024
ANA202408140,TOR,ANA,ANA01,20240814,0,6:38PM,night,9,2,true,,142,28356,unknown,none,sunny,82,tocf,8,reevt701,,,ticht901,blasc901,cejan901,gonzm901,(none),(none),berrj001,andet002,,regular,9,2,TOR,ANA,y,both,y,y,y,2024
ANA202408160,ATL,ANA,ANA01,20240816,0,6:38PM,night,9,2,true,,170,37736,unknown,none,cloudy,81,rtol,9,johnc701,,,ramoc901,libkj901,drakr901,hoyej901,(none),(none),burkb001,schws001,joycb001,regular,2,3,ANA,ATL,y,both,y,y,y,2024
ANA202408170,ATL,ANA,ANA01,20240817,0,6:38PM,night,9,2,true,,167,37268,unknown,none,sunny,76,rtol,8,munse701,,,libkj901,drakr901,hoyej901,ramoc901,(none),(none),salec001,canng001,,regular,11,3,ATL,ANA,y,both,y,y,y,2024
ANA202408180,ATL,ANA,ANA01,20240818,0,1:07PM,day,9,2,true,,142,36102,unknown,none,sunny,83,tolf,9,munse701,,,drakr901,hoyej901,ramoc901,libkj901,(none),(none),mortc002,kochj001,igler001,regular,3,1,ATL,ANA,y,both,y,y,y,2024
KCA202408190,ANA,KCA,KAN06,20240819,0,7:10PM,night,9,2,true,,133,15091,unknown,none,sunny,84,fromlf,12,butcp701,,,carav901,hanat901,estam901,hamaa901,(none),(none),lugos001,fulmc001,schrj001,regular,3,5,KCA,ANA,y,both,y,y,y,2024
KCA202408200,ANA,KCA,KAN06,20240820,0,7:10PM,night,9,2,true,,178,16310,unknown,none,sunny,74,rtol,10,butcp701,,,hanat901,estam901,hamaa901,carav901,(none),(none),andet002,ragac001,,regular,9,5,ANA,KCA,y,both,y,y,y,2024
KCA202408210,ANA,KCA,KAN06,20240821,0,7:10PM,night,9,2,true,,124,13009,unknown,none,sunny,76,fromrf,11,butcp701,,,estam901,hamaa901,carav901,hanat901,(none),(none),lorem002,cuetj001,ercel001,regular,0,3,KCA,ANA,y,both,y,y,y,2024
TOR202408220,ANA,TOR,TOR02,20240822,0,7:07PM,night,9,2,true,,142,25900,unknown,none,cloudy,75,ltor,4,starh701,,,jimee902,addir901,eddid901,morag901,(none),(none),yarbr001,burkb001,,regular,3,5,TOR,ANA,y,both,y,y,y,2024
TOR202408230,ANA,TOR,TOR02,20240823,0,7:07PM,night,9,2,true,,145,25431,unknown,none,sunny,76,torf,8,starh701,,,addir901,eddid901,morag901,jimee902,(none),(none),greec003,contr001,,regular,4,5,TOR,ANA,y,both,y,y,y,2024
TOR202408240,ANA,TOR,TOR02,20240824,0,3:07PM,day,9,2,true,,129,34011,unknown,none,sunny,76,tocf,9,lajor701,,,eddid901,morag901,jimee902,addir901,(none),(none),franb002,fulmc001,greec003,regular,1,3,TOR,ANA,y,both,y,y,y,2024
TOR202408250,ANA,TOR,TOR02,20240825,0,1:37PM,day,9,2,true,,153,37036,unknown,none,cloudy,73,tocf,9,moreh701,,,morag901,jimee902,addir901,eddid901,(none),(none),gausk001,andet002,,regular,2,8,TOR,ANA,y,both,y,y,y,2024
DET202408270,ANA,DET,DET05,20240827,0,6:40PM,night,9,2,true,,137,18258,unknown,none,sunny,75,tolf,7,kleir701,,,estam901,diazl901,ramoc901,gibsh902,(none),(none),hurtb001,cuetj001,folej001,regular,2,6,DET,ANA,y,both,y,y,y,2024
DET202408280,ANA,DET,DET05,20240828,0,6:40PM,night,9,2,true,,153,16303,unknown,none,cloudy,79,torf,9,busij701,,,diazl901,ramoc901,gibsh902,estam901,(none),(none),maedk001,canng001,folej001,regular,2,3,DET,ANA,y,both,y,y,y,2024
DET202408290,ANA,DET,DET05,20240829,0,1:10PM,day,9,2,true,,146,16119,unknown,none,overcast,72,rtol,4,malkj701,,,ramoc901,gibsh902,estam901,diazl901,(none),(none),kochj001,montk001,joycb001,regular,3,0,ANA,DET,y,both,y,y,y,2024
ANA202408300,SEA,ANA,ANA01,20240830,0,6:38PM,night,9,2,true,,174,34435,unknown,none,sunny,73,rtol,10,johnc701,,,fleta901,viscj901,bacoj901,muchm901,(none),(none),kirbg001,aldes001,,regular,9,5,SEA,ANA,y,both,y,y,y,2024
ANA202408310,SEA,ANA,ANA01,20240831,0,6:38PM,night,9,2,true,,156,34253,unknown,none,sunny,77,tolf,7,franm701,,,viscj901,bacoj901,muchm901,fleta901,(none),(none),joycb001,munoa002,,regular,4,5,ANA,SEA,y,both,y,y,y,2024
ANA202409010,SEA,ANA,ANA01,20240901,0,1:07PM,day,9,2,true,,156,39370,unknown,none,sunny,83,tolf,5,munse701,,,bacoj901,muchm901,fleta901,viscj901,(none),(none),danac001,millb004,joycb001,regular,2,3,ANA,SEA,y,both,y,y,y,2024
ANA202409030,LAN,ANA,ANA01,20240903,0,6:38PM,night,9,2,true,,160,44731,unknown,none,sunny,82,tocf,6,munse701,,,ballb901,johna901,valej901,dejer901,(none),(none),kopem001,contr001,,regular,6,2,LAN,ANA,y,both,y,y,y,2024
ANA202409040,LAN,ANA,ANA01,20240904,0,6:38PM,night,9,2,true,,138,44822,unknown,none,sunny,93,tocf,6,franm701,,,johna901,valej901,dejer901,ballb901,(none),(none),canng001,millb005,,regular,1,10,ANA,LAN,y,both,y,y,y,2024
TEX202409050,ANA,TEX,ARL03,20240905,0,7:05PM,night,9,2,true,,136,22926,unknown,none,dome,74,unknown,0,ruizc701,,,wolfj901,porta901,barbs901,blakr901,(none),(none),bradc003,kochj001,yatek001,regular,1,3,TEX,ANA,y,both,y,y,y,2024
TEX202409060,ANA,TEX,ARL03,20240906,0,7:05PM,night,9,2,true,,140,31014,unknown,none,dome,74,unknown,0,ruddw701,,,porta901,barbs901,blakr901,wolfj901,(none),(none),aldes001,garag001,,regular,5,1,ANA,TEX,y,both,y,y,y,2024
TEX202409070,ANA,TEX,ARL03,20240907,0,6:05PM,night,9,2,true,,165,31501,unknown,none,sunny,85,fromcf,14,ruddw701,,,barbs901,blakr901,wolfj901,porta901,(none),(none),leclj001,medev001,yatek001,regular,4,6,TEX,ANA,y,both,y,y,y,2024
TEX202409080,ANA,TEX,ARL03,20240908,0,1:35PM,day,9,2,true,,151,32240,unknown,none,sunny,81,unknown,11,wells701,,,blakr901,wolfj901,porta901,barbs901,(none),(none),heana001,danac001,yatek001,regular,4,7,TEX,ANA,y,both,y,y,y,2024
MIN202409090,ANA,MIN,MIN04,20240909,0,6:40PM,night,9,2,true,,144,14445,unknown,none,sunny,80,rtol,7,thors701,,,tumpj901,hudsm901,wendh902,ramoc901,(none),(none),detmr001,festd001,suarj001,regular,6,2,ANA,MIN,y,both,y,y,y,2024
MIN202409100,ANA,MIN,MIN04,20240910,0,6:40PM,night,9,2,true,,149,18311,unknown,none,cloudy,78,rtol,10,zibed701,,,hudsm901,wendh902,ramoc901,tumpj901,(none),(none),lopep002,canng001,,regular,5,10,MIN,ANA,y,both,y,y,y,2024
MIN202409110,ANA,MIN,MIN04,20240911,0,6:10PM,night,9,2,true,,153,15660,unknown,none,sunny,85,tolf,6,johns701,,,wendh902,ramoc901,tumpj901,hudsm901,(none),(none),sandc001,kochj001,duraj002,regular,4,6,MIN,ANA,y,both,y,y,y,2024
ANA202409130,HOU,ANA,ANA01,20240913,0,6:38PM,night,9,2,true,,143,36226,unknown,none,sunny,73,torf,8,johnc701,,,becka901,iassd901,buckc901,may-b901,(none),(none),kikuy001,aldes001,hadej001,regular,5,3,HOU,ANA,y,both,y,y,y,2024
ANA202409140,HOU,ANA,ANA01,20240914,0,6:38PM,night,9,2,true,,166,39880,unknown,none,sunny,72,rtol,8,franm701,,,iassd901,buckc901,may-b901,becka901,(none),(none),verlj001,andet002,presr001,regular,5,3,HOU,ANA,y,both,y,y,y,2024
ANA202409150,HOU,ANA,ANA01,20240915,0,1:07PM,day,9,2,true,,166,41005,unknown,none,cloudy,76,tocf,6,munse701,,,buckc901,may-b901,becka901,iassd901,(none),(none),blanr001,danac001,hadej001,regular,6,4,HOU,ANA,y,both,y,y,y,2024
ANA202409160,CHA,ANA,ANA01,20240916,0,6:38PM,night,9,2,true,,161,35587,unknown,none,cloudy,68,tocf,12,franm701,,,johna901,arrid901,dejer901,macka901,(none),(none),cannj001,detmr001,,regular,8,4,CHA,ANA,y,both,y,y,y,2024
ANA202409170,CHA,ANA,ANA01,20240917,0,6:38PM,night,9,2,true,,151,36254,unknown,none,cloudy,71,tocf,7,munse701,,,arrid901,dejer901,macka901,johna901,(none),(none),canng001,martd006,,regular,0,5,ANA,CHA,y,both,y,y,y,2024
ANA202409180,CHA,ANA,ANA01,20240918,0,1:07PM,day,9,2,true,,215,22757,unknown,none,cloudy,75,tocf,8,johnc701,,,dejer901,macka901,johna901,arrid901,(none),(none),quijj001,iriaj001,,regular,3,4,ANA,CHA,y,both,y,y,y,2024
HOU202409190,ANA,HOU,HOU03,20240919,0,7:10PM,night,9,2,true,,153,33107,unknown,none,dome,73,unknown,0,wilkt701,,,moorm901,eddid901,drakr901,walsb901,(none),(none),abreb002,millr004,hadej001,regular,1,3,HOU,ANA,y,both,y,y,y,2024
HOU202409200,ANA,HOU,HOU03,20240920,0,7:10PM,night,9,2,true,,174,39666,unknown,none,dome,73,unknown,0,wilkt701,,,eddid901,drakr901,walsb901,moorm901,(none),(none),nerih001,andet002,hadej001,regular,7,9,HOU,ANA,y,both,y,y,y,2024
HOU202409210,ANA,HOU,HOU03,20240921,0,6:10PM,night,9,2,true,,169,40502,unknown,none,dome,73,unknown,0,johnf701,,,drakr901,walsb901,moorm901,eddid901,(none),(none),blanr001,detmr001,,regular,4,10,HOU,ANA,y,both,y,y,y,2024
HOU202409220,ANA,HOU,HOU03,20240922,0,1:10PM,day,9,2,true,,186,39631,unknown,none,dome,73,unknown,0,johnf701,,,walsb901,moorm901,eddid901,drakr901,(none),(none),burkb001,hadej001,zunig001,regular,9,8,ANA,HOU,y,both,y,y,y,2024
CHA202409240,ANA,CHA,CHI12,20240924,0,6:40PM,night,9,2,true,,126,17606,unknown,none,cloudy,64,tocf,10,speaa701,,,hamaa901,mosce901,macka901,metzj901,(none),(none),berrp001,strih001,andej005,regular,2,3,CHA,ANA,y,both,y,y,y,2024
CHA202409250,ANA,CHA,CHI12,20240925,0,6:40PM,night,9,2,true,,173,18423,unknown,none,sunny,70,fromlf,6,lissr701,,,mosce901,macka901,metzj901,hamaa901,(none),(none),shusj001,quijj001,,regular,3,4,CHA,ANA,y,both,y,y,y,2024
CHA202409260,ANA,CHA,CHI12,20240926,0,1:10PM,day,9,2,true,,150,15678,unknown,none,sunny,73,fromlf,8,seipb701,,,macka901,metzj901,hamaa901,mosce901,(none),(none),flexc001,andet002,,regular,0,7,CHA,ANA,y,both,y,y,y,2024
ANA202409270,TEX,ANA,ANA01,20240927,0,6:38PM,night,9,2,true,,148,39308,unknown,none,cloudy,69,tocf,6,johnc701,,,rippm901,marqa901,jimee902,jimee901,(none),(none),robed005,detmr001,yatek001,regular,5,2,TEX,ANA,y,both,y,y,y,2024
ANA202409280,TEX,ANA,ANA01,20240928,0,6:38PM,night,9,2,true,,188,41560,unknown,none,sunny,71,rtol,6,munse701,,,marqa901,jimee902,jimee901,rippm901,(none),(none),dunnd001,quijj001,yatek001,regular,9,8,TEX,ANA,y,both,y,y,y,2024
ANA202409290,TEX,ANA,ANA01,20240929,0,12:07PM,day,9,2,true,,141,35145,unknown,none,sunny,75,tocf,6,munse701,,,jimee902,jimee901,rippm901,marqa901,(none),(none),eovan001,kochj001,,regular,8,0,TEX,ANA,y,both,y,y,y,2024
CHA202503270,ANA,CHA,CHI12,20250327,0,3:10PM,day,9,2,true,,141,31403,unknown,none,cloudy,54,fromrf,11,seipb701,,,porta901,wolfj901,segac901,macka901,(none),(none),burks001,kikuy001,,regular,1,8,CHA,ANA,y,both,y,y,y,2025
CHA202503290,ANA,CHA,CHI12,20250329,0,1:10PM,day,9,2,true,,139,20602,unknown,none,cloudy,67,fromrf,14,lissr701,,,wolfj901,segac901,macka901,porta901,(none),(none),sorij002,clevm001,jansk001,regular,1,0,ANA,CHA,y,both,y,y,y,2025
CHA202503300,ANA,CHA,CHI12,20250330,0,1:10PM,day,9,2,true,,135,19591,unknown,none,cloudy,76,rtol,7,jackj702,,,segac901,macka901,porta901,wolfj901,(none),(none),joycb001,boosc001,jansk001,regular,3,2,ANA,CHA,y,both,y,y,y,2025
SLN202503310,ANA,SLN,STL10,20250331,0,6:45PM,night,9,2,true,,176,21206,unknown,none,cloudy,52,ltor,7,webbj701,,,jimee901,eddid901,muchm901,morag901,(none),(none),burkb001,romej002,johnr010,regular,5,4,ANA,SLN,y,both,y,y,y,2025
SLN202504010,ANA,SLN,STL10,20250401,0,6:45PM,night,9,2,true,,186,21306,unknown,none,cloudy,59,rtol,17,smitm701,,,eddid901,muchm901,morag901,jimee901,(none),(none),johnr010,roycc001,zefer001,regular,9,7,ANA,SLN,y,both,y,y,y,2025
SLN202504020,ANA,SLN,STL10,20250402,0,12:15PM,day,9,2,true,,168,20309,unknown,none,overcast,75,tolf,25,webbj701,,,muchm901,morag901,jimee901,eddid901,(none),(none),romej002,andei001,,regular,5,12,SLN,ANA,y,both,y,y,y,2025
ANA202504040,CLE,ANA,ANA01,20250404,0,6:38PM,night,9,2,true,,194,44749,unknown,none,sunny,65,torf,8,munse701,,,vondc901,belld901,cuzzp901,randt901,(none),(none),herrt002,sorij002,,regular,8,6,CLE,ANA,y,both,y,y,y,2025
ANA202504050,CLE,ANA,ANA01,20250405,0,6:38PM,night,9,2,true,,156,41128,unknown,none,sunny,75,torf,11,reevt701,,,belld901,cuzzp901,randt901,vondc901,(none),(none),kochj001,bibet001,,regular,4,10,ANA,CLE,y,both,y,y,y,2025
ANA202504060,CLE,ANA,ANA01,20250406,0,1:07PM,day,9,2,true,,140,41480,unknown,none,sunny,81,tocf,5,munse701,,,cuzzp901,randt901,vondc901,belld901,(none),(none),zefer001,ortil003,,regular,2,6,ANA,CLE,y,both,y,y,y,2025
TBA202504080,ANA,TBA,TAM02,20250408,0,7:05PM,night,9,2,true,,181,10046,unknown,none,cloudy,66,ltor,10,mathb701,,,drakr901,viscj901,moorm901,fleta901,(none),(none),burkb001,fairp001,jansk001,regular,4,3,ANA,TBA,y,both,y,y,y,2025
TBA202504090,ANA,TBA,TAM02,20250409,0,7:05PM,night,9,2,true,,139,10046,unknown,none,sunny,73,ltor,10,dabrj701,,,viscj901,moorm901,fleta901,drakr901,(none),(none),pepir001,kikuy001,fairp001,regular,4,5,TBA,ANA,y,both,y,y,y,2025
TBA202504100,ANA,TBA,TAM02,20250410,0,1:10PM,day,9,2,true,,138,10046,unknown,none,cloudy,75,ltor,5,dabrj701,,,moorm901,fleta901,ballb901,viscj901,(none),(none),sorij002,littz001,,regular,11,1,ANA,TBA,y,both,y,y,y,2025
HOU202504110,ANA,HOU,HOU03,20250411,0,7:10PM,night,9,2,true,,164,34459,unknown,none,dome,73,unknown,0,mathd701,,,segac901,macka901,porta901,wolfj901,(none),(none),blanr001,kochj001,,regular,3,14,HOU,ANA,y,both,y,y,y,2025
HOU202504120,ANA,HOU,HOU03,20250412,0,6:10PM,night,9,2,true,,151,36102,unknown,none,dome,73,unknown,0,johnf701,,,macka901,porta901,wolfj901,segac901,(none),(none),andet002,gustr001,jansk001,regular,4,1,ANA,HOU,y,both,y,y,y,2025
HOU202504130,ANA,HOU,HOU03,20250413,0,1:10PM,day,9,2,true,,157,37032,unknown,none,dome,73,unknown,0,johnf701,,,porta901,wolfj901,segac901,macka901,(none),(none),wesnh001,hendk001,,regular,3,7,HOU,ANA,y,both,y,y,y,2025
TEX202504150,ANA,TEX,ARL03,20250415,0,7:05PM,night,9,2,true,,150,24501,unknown,none,sunny,74,rtol,7,ruizc701,,,torrc901,ramoc901,marqa901,barrl901,(none),(none),mahlt001,kikuy001,,regular,0,4,TEX,ANA,y,both,y,y,y,2025
TEX202504160,ANA,TEX,ARL03,20250416,0,7:05PM,night,9,2,true,,146,20535,unknown,none,dome,74,unknown,0,ruddw701,,,ramoc901,marqa901,barrl901,torrc901,(none),(none),corbp001,sorij002,jackl001,regular,1,3,TEX,ANA,y,both,y,y,y,2025
TEX202504170,ANA,TEX,ARL03,20250417,0,7:05PM,night,9,2,true,,134,26279,unknown,none,dome,74,unknown,0,wells701,,,marqa901,barrl901,torrc901,ramoc901,(none),(none),rockk001,kochj001,garcr008,regular,3,5,TEX,ANA,y,both,y,y,y,2025
ANA202504180,SFN,ANA,ANA01,20250418,0,6:38PM,night,9,2,true,,139,43912,unknown,none,cloudy,60,rtol,6,johnc701,,,onorb901,bacce901,diazl901,estam901,(none),(none),andet002,webbl001,jansk001,regular,0,2,ANA,SFN,y,both,y,y,y,2025
ANA202504190,SFN,ANA,ANA01,20250419,0,6:38PM,night,9,2,true,,120,44374,unknown,none,sunny,69,torf,9,reevt701,,,bacce901,diazl901,estam901,onorb901,(none),(none),roupl001,hendk001,walkr001,regular,3,2,SFN,ANA,y,both,y,y,y,2025
ANA202504200,SFN,ANA,ANA01,20250420,0,1:07PM,day,9,2,true,,180,36026,unknown,none,sunny,75,tocf,6,munse701,,,diazl901,estam901,onorb901,bacce901,(none),(none),darrm002,walkr001,,regular,4,5,ANA,SFN,y,both,y,y,y,2025
ANA202504220,PIT,ANA,ANA01,20250422,0,6:38PM,night,9,2,true,,178,30439,unknown,none,sunny,64,tocf,9,johnc701,,,guccc901,rackd901,mosce901,hanat901,(none),(none),shugc001,sorij002,,regular,9,3,PIT,ANA,y,both,y,y,y,2025
ANA202504230,PIT,ANA,ANA01,20250423,0,6:38PM,night,9,2,true,,144,31256,unknown,none,cloudy,61,unknown,7,reevt701,,,rackd901,mosce901,hanat901,guccc901,(none),(none),heana001,kochj001,santd003,regular,3,0,PIT,ANA,y,both,y,y,y,2025
ANA202504240,PIT,ANA,ANA01,20250424,0,6:29PM,night,9,2,true,,148,29060,unknown,none,sunny,63,tocf,8,munse701,,,mosce901,hanat901,guccc901,rackd901,(none),(none),zefer001,shugc001,jansk001,regular,3,4,ANA,PIT,y,both,y,y,y,2025
MIN202504250,ANA,MIN,MIN04,20250425,0,6:40PM,night,9,2,true,,167,14332,unknown,none,cloudy,57,fromlf,10,johns701,,,drecb901,lives901,tomln901,wegnm901,(none),(none),lopep002,hendk001,,regular,4,11,MIN,ANA,y,both,y,y,y,2025
MIN202504260,ANA,MIN,MIN04,20250426,0,1:10PM,day,9,2,true,,158,23905,unknown,none,sunny,58,fromcf,10,zibed701,,,lives901,tomln901,wegnm901,drecb901,(none),(none),woods002,kikuy001,,regular,1,5,MIN,ANA,y,both,y,y,y,2025
MIN202504270,ANA,MIN,MIN04,20250427,0,12:40PM,day,9,2,true,,142,18615,unknown,none,cloudy,60,rtol,8,thors701,,,tomln901,wegnm901,drecb901,lives901,(none),(none),ryanj002,sorij002,,regular,0,5,MIN,ANA,y,both,y,y,y,2025
SEA202504290,ANA,SEA,SEA03,20250429,0,6:40PM,night,9,2,true,,144,18247,unknown,none,dome,54,fromcf,9,padud701,,,wolfj901,segac901,macka901,gibsh902,(none),(none),millb004,kochj001,munoa002,regular,3,5,SEA,ANA,y,both,y,y,y,2025
SEA202504300,ANA,SEA,SEA03,20250430,0,1:10PM,day,9,2,true,,161,16229,unknown,none,cloudy,56,ltor,6,radoe701,,,segac901,macka901,gibsh902,wolfj901,(none),(none),leguc001,detmr001,,regular,3,9,SEA,ANA,y,both,y,y,y,2025
ANA202505010,DET,ANA,ANA01,20250501,0,6:38PM,night,9,2,true,,162,28486,unknown,none,cloudy,67,tocf,9,johnc701,,,kulpr901,blasc901,gonzm901,tosia901,(none),(none),mizec001,detmr001,,regular,10,4,DET,ANA,y,both,y,y,y,2025
ANA202505020,DET,ANA,ANA01,20250502,0,6:38PM,night,9,2,true,,146,29870,unknown,none,sunny,68,tocf,8,munse701,,,blasc901,gonzm901,tosia901,kulpr901,(none),(none),holtt002,jansk001,,regular,9,1,DET,ANA,y,both,y,y,y,2025
ANA202505030,DET,ANA,ANA01,20250503,0,6:38PM,night,9,2,true,,136,31335,unknown,none,overcast,61,rtol,7,peted701,,,gonzm901,tosia901,kulpr901,blasc901,(none),(none),hendk001,flahj002,jansk001,regular,2,5,ANA,DET,y,both,y,y,y,2025
ANA202505040,DET,ANA,ANA01,20250504,0,1:07PM,day,9,2,true,,161,37554,unknown,none,overcast,65,torf,8,munse701,,,tosia901,kulpr901,blasc901,gonzm901,(none),(none),olsor001,kochj001,,regular,13,1,DET,ANA,y,both,y,y,y,2025
ANA202505060,TOR,ANA,ANA01,20250506,0,6:38PM,night,9,2,true,,163,25867,unknown,none,overcast,61,tocf,7,reevt701,,,rackd901,mosce901,hanat901,guccc901,(none),(none),nerih001,garcy001,,regular,3,8,ANA,TOR,y,both,y,y,y,2025
ANA202505070,TOR,ANA,ANA01,20250507,0,6:38PM,night,9,2,true,,166,26646,unknown,none,sunny,72,tocf,9,munse701,,,mosce901,hanat901,guccc901,rackd901,(none),(none),burkb001,hoffj003,,regular,4,5,ANA,TOR,y,both,y,y,y,2025
ANA202505080,TOR,ANA,ANA01,20250508,0,6:38PM,night,9,2,true,,171,26245,unknown,none,sunny,76,tocf,5,johnc701,,,hanat901,guccc901,rackd901,mosce901,(none),(none),bassc001,johnr010,greec003,regular,8,5,TOR,ANA,y,both,y,y,y,2025
ANA202505090,BAL,ANA,ANA01,20250509,0,6:38PM,night,9,2,true,,177,30778,unknown,none,sunny,85,tocf,8,munse701,,,hamaa901,cejan901,ticht901,jeanj901,(none),(none),sugat001,hendk001,bautf001,regular,4,1,BAL,ANA,y,both,y,y,y,2025
ANA202505100,BAL,ANA,ANA01,20250510,0,6:38PM,night,9,2,true,,164,27975,unknown,none,sunny,89,rtol,7,johnc701,,,cejan901,ticht901,jeanj901,hamaa901,(none),(none),kochj001,gibsk002,,regular,2,5,ANA,BAL,y,both,y,y,y,2025
ANA202505110,BAL,ANA,ANA01,20250511,0,1:07PM,day,9,2,true,,163,29460,unknown,none,cloudy,89,tocf,8,munse701,,,ticht901,jeanj901,hamaa901,cejan901,(none),(none),efliz001,andet002,,regular,7,3,BAL,ANA,y,both,y,y,y,2025
SDN202505120,ANA,SDN,SAN02,20250512,0,6:40PM,night,9,2,true,,178,41419,unknown,none,cloudy,64,ltor,11,maffj701,,,millb903,rehaj901,tumpj901,conrc901,(none),(none),burkb001,suarr002,,regular,9,5,ANA,SDN,y,both,y,y,y,2025
SDN202505130,ANA,SDN,SAN02,20250513,0,6:40PM,night,9,2,true,,155,43957,unknown,none,cloudy,64,ltor,9,womab701,,,rehaj901,tumpj901,conrc901,millb903,(none),(none),adamj002,jansk001,,regular,4,6,SDN,ANA,y,both,y,y,y,2025
SDN202505140,ANA,SDN,SAN02,20250514,0,6:40PM,night,9,2,true,,141,43766,unknown,none,cloudy,66,ltor,8,zaveb701,,,tumpj901,conrc901,millb903,rehaj901,(none),(none),vasqr001,hendk001,,regular,1,5,SDN,ANA,y,both,y,y,y,2025
LAN202505160,ANA,LAN,LOS03,20250516,0,7:10PM,night,9,2,true,,161,46273,unknown,none,cloudy,63,tocf,8,eastr701,,,blasc901,tosia901,parrj901,kulpr901,(none),(none),kochj001,may-d003,,regular,6,2,ANA,LAN,y,both,y,y,y,2025
LAN202505170,ANA,LAN,LOS03,20250517,0,6:10PM,night,9,2,true,,217,50084,unknown,none,overcast,63,ltor,2,munse701,,,tosia901,parrj901,kulpr901,blasc901,(none),(none),detmr001,yatek001,jansk001,regular,11,9,ANA,LAN,y,both,y,y,y,2025
LAN202505180,ANA,LAN,LOS03,20250518,0,1:10PM,day,9,2,true,,185,51997,unknown,none,cloudy,73,tocf,2,munse701,,,parrj901,kulpr901,blasc901,tosia901,(none),(none),andes002,banda001,,regular,6,4,ANA,LAN,y,both,y,y,y,2025
ATH202505190,ANA,ATH,SAC01,20250519,0,7:05PM,night,9,2,true,,168,10519,unknown,none,sunny,81,tocf,11,honbm701,,,moorm901,fleta901,jimee902,viscj901,(none),(none),sorij002,ginnj001,jansk001,regular,4,3,ANA,ATH,y,both,y,y,y,2025
ATH202505200,ANA,ATH,SAC01,20250520,0,7:05PM,night,9,2,true,,173,10028,unknown,none,sunny,84,torf,7,bergb701,,,fleta901,jimee902,viscj901,moorm901,(none),(none),hendk001,hoglg001,jansk001,regular,7,5,ANA,ATH,y,both,y,y,y,2025
ATH202505210,ANA,ATH,SAC01,20250521,0,7:05PM,night,9,2,true,,197,10094,unknown,none,sunny,85,tocf,8,feldd701,,,jimee902,viscj901,moorm901,fleta901,(none),(none),nerih001,searj001,,regular,10,5,ANA,ATH,y,both,y,y,y,2025
ATH202505220,ANA,ATH,SAC01,20250522,0,12:35PM,day,9,2,true,,189,10321,unknown,none,sunny,81,tocf,7,feldd701,,,viscj901,moorm901,fleta901,jimee902,(none),(none),strih001,holmg002,,regular,10,5,ANA,ATH,y,both,y,y,y,2025
ANA202505230,MIA,ANA,ANA01,20250523,0,6:38PM,night,9,2,true,,171,28116,unknown,none,sunny,70,unknown,4,johnc701,,,sches901,merzd901,ramoc901,bakej902,(none),(none),kikuy001,alcas001,jansk001,regular,4,7,ANA,MIA,y,both,y,y,y,2025
ANA202505240,MIA,ANA,ANA01,20250524,0,7:07PM,night,9,2,true,,165,29301,unknown,none,sunny,68,rtol,7,reevt701,,,merzd901,ramoc901,bakej902,sches901,(none),(none),henrr001,sorij002,junkj001,regular,6,2,MIA,ANA,y,both,y,y,y,2025
ANA202505250,MIA,ANA,ANA01,20250525,0,1:07PM,day,9,2,true,,147,37074,unknown,none,cloudy,73,tocf,8,munse701,,,ramoc901,bakej902,sches901,merzd901,(none),(none),cabre003,hendk001,henrr001,regular,3,0,MIA,ANA,y,both,y,y,y,2025
ANA202505260,NYA,ANA,ANA01,20250526,0,6:38PM,night,9,2,true,,157,43626,unknown,none,cloudy,68,tocf,2,munse701,,,jonea901,millb901,may-b901,ortir901,(none),(none),yarbr001,kochj001,,regular,5,1,NYA,ANA,y,both,y,y,y,2025
ANA202505270,NYA,ANA,ANA01,20250527,0,6:38PM,night,9,2,true,,164,34491,unknown,none,sunny,68,tolf,10,munse701,,,millb901,may-b901,ortir901,jonea901,(none),(none),rodoc001,andet002,willd004,regular,3,2,NYA,ANA,y,both,y,y,y,2025
ANA202505280,NYA,ANA,ANA01,20250528,0,6:38PM,night,9,2,true,,171,36808,unknown,none,cloudy,65,tocf,8,johnc701,,,may-b901,ortir901,jonea901,millb901,(none),(none),schmc002,kikuy001,leitm002,regular,1,0,NYA,ANA,y,both,y,y,y,2025
CLE202505300,ANA,CLE,CLE08,20250530,0,7:10PM,night,9,2,true,,181,31407,unknown,none,cloudy,66,ltor,6,maveb701,,,hudsm901,gibsh902,blakr901,valej901,(none),(none),sorij002,ortil003,,regular,4,1,ANA,CLE,y,both,y,y,y,2025
CLE202505310,ANA,CLE,CLE08,20250531,0,4:10PM,day,9,2,true,,170,28184,unknown,none,cloudy,55,fromlf,16,maveb701,,,gibsh902,blakr901,valej901,hudsm901,(none),(none),allel003,zefer001,clase001,regular,5,7,CLE,ANA,y,both,y,y,y,2025
CLE202506010,ANA,CLE,CLE08,20250601,0,1:40PM,day,9,2,true,,159,26518,unknown,none,cloudy,58,fromlf,10,libea701,,,blakr901,valej901,hudsm901,gibsh902,(none),(none),willg004,kochj001,clase001,regular,2,4,CLE,ANA,y,both,y,y,y,2025
BOS202506020,ANA,BOS,BOS07,20250602,0,7:10PM,night,9,2,true,,169,31688,unknown,none,cloudy,70,torf,3,foxxl701,,,whitc901,guccc901,rackd901,mosce901,(none),(none),zefer001,fittr001,jansk001,regular,7,6,ANA,BOS,y,both,y,y,y,2025
BOS202506030,ANA,BOS,BOS07,20250603,0,7:10PM,night,9,2,true,,183,33003,unknown,none,sunny,71,rtol,3,foxxl701,,,guccc901,rackd901,mosce901,whitc901,(none),(none),jansk001,kellz001,detmr001,regular,4,3,ANA,BOS,y,both,y,y,y,2025
BOS202506040,ANA,BOS,BOS07,20250604,0,1:35PM,day,9,2,true,,183,33073,unknown,none,cloudy,84,torf,10,ellib701,,,rackd901,mosce901,whitc901,guccc901,(none),(none),crisc002,burkb001,,regular,9,11,BOS,ANA,y,both,y,y,y,2025
ANA202506060,SEA,ANA,ANA01,20250606,0,6:38PM,night,9,2,true,,142,34915,unknown,none,cloudy,70,tocf,10,johnc701,,,barrl901,marqa901,torrc901,walsb901,(none),(none),hendk001,millb004,jansk001,regular,4,5,ANA,SEA,y,both,y,y,y,2025
ANA202506070,SEA,ANA,ANA01,20250607,0,6:38PM,night,9,2,true,,186,29407,unknown,none,sunny,72,rtol,8,peted701,,,marqa901,torrc901,walsb901,barrl901,(none),(none),brogc001,castl003,jansk001,regular,6,8,ANA,SEA,y,both,y,y,y,2025
ANA202506080,SEA,ANA,ANA01,20250608,0,1:07PM,day,9,2,true,,153,31416,unknown,none,sunny,75,torf,8,munse701,,,torrc901,walsb901,barrl901,marqa901,(none),(none),kirbg001,andet002,munoa002,regular,3,2,SEA,ANA,y,both,y,y,y,2025
ANA202506090,ATH,ANA,ANA01,20250609,0,6:38PM,night,9,2,true,,146,24884,unknown,none,sunny,70,tocf,8,munse701,,,moorm901,fleta901,morag901,viscj901,(none),(none),kikuy001,sprij001,,regular,4,7,ANA,ATH,y,both,y,y,y,2025
ANA202506100,ATH,ANA,ANA01,20250610,0,6:38PM,night,9,2,true,,164,27480,unknown,none,sunny,73,tocf,9,reevt701,,,fleta901,morag901,viscj901,moorm901,(none),(none),detmr001,harrh002,,regular,1,2,ANA,ATH,y,both,y,y,y,2025
ANA202506110,ATH,ANA,ANA01,20250611,0,1:07PM,day,9,2,true,,163,21741,unknown,none,sunny,78,torf,8,munse701,,,morag901,viscj901,moorm901,fleta901,(none),(none),hendk001,holmg002,detmr001,regular,5,6,ANA,ATH,y,both,y,y,y,2025
BAL202506130,ANA,BAL,BAL12,20250613,0,7:08PM,night,9,2,true,,141,20204,unknown,none,cloudy,86,rtol,6,roycg701,,,hamaa901,jeanj901,cejan901,ticht901,(none),(none),mortc002,kochj001,bautf001,regular,0,2,BAL,ANA,y,both,y,y,y,2025
BAL202506140,ANA,BAL,BAL12,20250614,0,4:05PM,day,9,2,true,,165,26313,unknown,none,overcast,83,fromcf,2,vatzd701,,,jeanj901,cejan901,ticht901,hamaa901,(none),(none),akink001,andet002,bautf001,regular,5,6,BAL,ANA,y,both,y,y,y,2025
BAL202506150,ANA,BAL,BAL12,20250615,0,1:35PM,day,9,2,true,,151,33370,unknown,none,cloudy,68,fromrf,5,vatzd701,,,cejan901,ticht901,hamaa901,jeanj901,(none),(none),povic001,kikuy001,,regular,2,11,BAL,ANA,y,both,y,y,y,2025
NYA202506160,ANA,NYA,NYC21,20250616,0,7:05PM,night,9,2,true,,183,37398,unknown,none,cloudy,68,fromcf,9,kaplh701,,,millb901,fairc901,may-b901,ortir901,(none),(none),zefer001,loaij001,strih001,regular,1,0,ANA,NYA,y,both,y,y,y,2025
NYA202506170,ANA,NYA,NYC21,20250617,0,7:05PM,night,9,2,true,,147,35278,unknown,none,overcast,67,fromrf,5,kaplh701,,,fairc901,may-b901,ortir901,millb901,(none),(none),hendk001,warrw001,,regular,4,0,ANA,NYA,y,both,y,y,y,2025
NYA202506180,ANA,NYA,NYC21,20250618,0,7:05PM,night,9,2,true,,178,43255,unknown,none,overcast,80,fromrf,8,kaplh701,,,may-b901,ortir901,millb901,fairc901,(none),(none),nerih001,cruzf002,jansk001,regular,3,2,ANA,NYA,y,both,y,y,y,2025
NYA202506190,ANA,NYA,NYC21,20250619,0,1:05PM,day,9,2,true,,151,45671,unknown,none,cloudy,89,tolf,11,kaplh701,,,ortir901,millb901,fairc901,may-b901,(none),(none),rodoc001,andet002,,regular,3,7,NYA,ANA,y,both,y,y,y,2025
ANA202506200,HOU,ANA,ANA01,20250620,0,6:38PM,night,9,2,true,,195,29580,unknown,none,sunny,71,tocf,9,johnc701,,,libkj901,reybd901,hanat901,barbs901,(none),(none),hadej001,strih001,sousb001,regular,3,2,HOU,ANA,y,both,y,y,y,2025
ANA202506210,HOU,ANA,ANA01,20250621,0,6:38PM,night,9,2,true,,144,32326,unknown,none,sunny,72,rtol,10,reevt701,,,reybd901,hanat901,barbs901,libkj901,(none),(none),sorij002,waltb002,,regular,1,9,ANA,HOU,y,both,y,y,y,2025
ANA202506220,HOU,ANA,ANA01,20250622,0,1:07PM,day,9,2,true,,158,29154,unknown,none,sunny,77,rtol,8,munse701,,,hanat901,barbs901,libkj901,reybd901,(none),(none),gustr001,strih001,hadej001,regular,8,7,HOU,ANA,y,both,y,y,y,2025
ANA202506230,BOS,ANA,ANA01,20250623,0,6:38PM,night,9,2,true,,172,30137,unknown,none,sunny,70,tolf,9,reevt701,,,segac901,macka901,porta901,wolfj901,(none),(none),bachs001,whitg002,,regular,5,9,ANA,BOS,y,both,y,y,y,2025
ANA202506240,BOS,ANA,ANA01,20250624,0,6:38PM,night,9,2,true,,171,33115,unknown,none,sunny,73,rtol,8,johnc701,,,macka901,porta901,wolfj901,segac901,(none),(none),detmr001,wilsj004,,regular,2,3,ANA,BOS,y,both,y,y,y,2025
ANA202506250,BOS,ANA,ANA01,20250625,0,1:07PM,day,9,2,true,,170,28301,unknown,none,sunny,78,torf,8,munse701,,,porta901,wolfj901,segac901,macka901,(none),(none),kikuy001,guerl001,zefer001,regular,2,5,ANA,BOS,y,both,y,y,y,2025
ANA202506270,WAS,ANA,ANA01,20250627,0,6:38PM,night,9,2,true,,191,34289,unknown,none,sunny,75,tocf,8,johnc701,,,moorm901,mahrn901,rippm901,lentn901,(none),(none),lordb001,bachs001,,regular,15,9,WAS,ANA,y,both,y,y,y,2025
ANA202506280,WAS,ANA,ANA01,20250628,0,6:38PM,night,9,2,true,,147,39623,unknown,none,sunny,80,rtol,7,munse701,,,mahrn901,rippm901,lentn901,moorm901,(none),(none),zefer001,brzyz001,,regular,2,8,ANA,WAS,y,both,y,y,y,2025
ANA202506290,WAS,ANA,ANA01,20250629,0,1:07PM,day,9,2,true,,191,33661,unknown,none,sunny,82,tocf,6,munse701,,,rippm901,lentn901,moorm901,mahrn901,(none),(none),finnk001,brogc001,,regular,7,4,WAS,ANA,y,both,y,y,y,2025
ATL202507010,ANA,ATL,ATL03,20250701,0,7:15PM,night,9,2,true,,166,31657,unknown,none,cloudy,78,ltor,8,stamm701,,,thomd901,tosia901,kulpr901,blasc901,(none),(none),fermj002,lee-d005,,regular,4,0,ANA,ATL,y,both,y,y,y,2025
ATL202507020,ANA,ATL,ATL03,20250702,0,7:15PM,night,9,2,true,,165,31519,unknown,none,sunny,89,tolf,9,stamm701,,,tosia901,kulpr901,blasc901,thomd901,(none),(none),bumma001,zefer001,,regular,3,8,ATL,ANA,y,both,y,y,y,2025
ATL202507030,ANA,ATL,ATL03,20250703,0,7:15PM,night,9,2,true,,144,34702,unknown,none,cloudy,88,tocf,6,stamm701,,,kulpr901,blasc901,thomd901,tosia901,(none),(none),sorij002,eldeb001,,regular,5,1,ANA,ATL,y,both,y,y,y,2025
TOR202507040,ANA,TOR,TOR02,20250704,0,7:07PM,night,9,2,true,,184,30119,unknown,none,sunny,75,tolf,6,moreh701,,,bakej902,merzd901,ramoc901,sches901,(none),(none),greec003,bachs001,,regular,3,4,TOR,ANA,y,both,y,y,y,2025
TOR202507050,ANA,TOR,TOR02,20250705,0,3:07PM,day,9,2,true,,196,37269,unknown,none,sunny,75,rtol,11,lajor701,,,merzd901,ramoc901,sches901,bakej902,(none),(none),fishb002,zefer001,,regular,3,4,TOR,ANA,y,both,y,y,y,2025
TOR202507060,ANA,TOR,TOR02,20250706,0,1:37PM,day,9,2,true,,160,40114,unknown,none,dome,68,unknown,0,starh701,,,ramoc901,sches901,bakej902,merzd901,(none),(none),burrr002,andet002,hoffj003,regular,2,3,TOR,ANA,y,both,y,y,y,2025
ANA202507070,TEX,ANA,ANA01,20250707,0,6:38PM,night,9,2,true,,174,24382,unknown,none,sunny,76,tocf,6,johnc701,,,ballb901,lives901,tomln901,mahrn901,(none),(none),jansk001,martc007,,regular,5,6,ANA,TEX,y,both,y,y,y,2025
ANA202507080,TEX,ANA,ANA01,20250708,0,6:38PM,night,9,2,true,,144,26368,unknown,none,sunny,83,tocf,8,reevt701,,,lives901,drecb901,tomln901,mahrn901,(none),(none),eovan001,sorij002,,regular,13,1,TEX,ANA,y,both,y,y,y,2025
ANA202507090,TEX,ANA,ANA01,20250709,0,6:38PM,night,9,2,true,,176,25462,unknown,none,sunny,82,rtol,5,johnc701,,,drecb901,tomln901,mahrn901,lives901,(none),(none),fermj002,jackl001,jansk001,regular,8,11,ANA,TEX,y,both,y,y,y,2025
ANA202507100,TEX,ANA,ANA01,20250710,0,6:38PM,night,9,2,true,,158,27071,unknown,none,cloudy,79,unknown,6,munse701,,,tomln901,mahrn901,lives901,drecb901,(none),(none),corbp001,kochj001,,regular,11,4,TEX,ANA,y,both,y,y,y,2025
ANA202507110,ARI,ANA,ANA01,20250711,0,6:38PM,night,9,2,true,,183,35209,unknown,none,sunny,74,torf,8,johnc701,,,parrj901,whitc901,mosce901,guccc901,(none),(none),jansk001,backk001,,regular,5,6,ANA,ARI,y,both,y,y,y,2025
ANA202507120,ARI,ANA,ANA01,20250712,0,6:38PM,night,9,2,true,,166,43008,unknown,none,sunny,74,rtol,8,johnc701,,,whitc901,mosce901,guccc901,parrj901,(none),(none),kikuy001,gallz001,,regular,5,10,ANA,ARI,y,both,y,y,y,2025
ANA202507130,ARI,ANA,ANA01,20250713,0,1:07PM,day,9,2,true,,163,26773,unknown,none,sunny,79,tocf,6,munse701,,,mosce901,guccc901,parrj901,whitc901,(none),(none),kellm002,sorij002,,regular,5,1,ARI,ANA,y,both,y,y,y,2025
PHI202507180,ANA,PHI,PHI13,20250718,0,6:45PM,night,9,2,true,,162,44482,unknown,none,cloudy,84,ltor,8,macom701,,,rehaj901,conrc901,jascs901,millb903,(none),(none),bachs001,bankt001,jansk001,regular,6,5,ANA,PHI,y,both,y,y,y,2025
PHI202507190,ANA,PHI,PHI13,20250719,0,6:05PM,night,9,2,true,,168,43124,unknown,none,cloudy,78,tocf,6,matsk701,,,conrc901,jascs901,millb903,rehaj901,(none),(none),johns003,bachs001,,regular,5,9,PHI,ANA,y,both,y,y,y,2025
PHI202507200,ANA,PHI,PHI13,20250720,0,1:35PM,day,9,2,true,,165,40616,unknown,none,cloudy,84,ltor,7,matsk701,,,jascs901,millb903,rehaj901,conrc901,(none),(none),sorij002,suarr001,,regular,8,2,ANA,PHI,y,both,y,y,y,2025
NYN202507210,ANA,NYN,NYC20,20250721,0,7:10PM,night,9,2,true,,167,41442,unknown,none,cloudy,81,fromlf,9,altmb701,,,estam901,diazl901,bacce901,onorb901,(none),(none),raleb001,fermj002,diaze006,regular,5,7,NYN,ANA,y,both,y,y,y,2025
NYN202507220,ANA,NYN,NYC20,20250722,0,7:10PM,night,9,2,true,,168,43055,unknown,none,cloudy,76,tolf,8,altmb701,,,diazl901,bacce901,onorb901,estam901,(none),(none),montf001,hendk001,stanr002,regular,2,3,NYN,ANA,y,both,y,y,y,2025
NYN202507230,ANA,NYN,NYC20,20250723,0,1:10PM,day,9,2,true,,159,41591,unknown,none,sunny,80,tolf,9,altmb701,,,bacce901,onorb901,estam901,diazl901,(none),(none),manas001,ederj001,diaze006,regular,3,6,NYN,ANA,y,both,y,y,y,2025
ANA202507240,SEA,ANA,ANA01,20250724,0,6:38PM,night,9,2,true,,173,28532,unknown,none,cloudy,80,tocf,9,peted701,,,jimee901,muchm901,eddid901,ramoc901,(none),(none),evanl001,kikuy001,munoa002,regular,4,2,SEA,ANA,y,both,y,y,y,2025
ANA202507250,SEA,ANA,ANA01,20250725,0,6:38PM,night,9,2,true,,182,37821,unknown,none,sunny,73,rtol,8,johnc701,,,muchm901,eddid901,ramoc901,jimee901,(none),(none),zefer001,leguc001,,regular,2,3,ANA,SEA,y,both,y,y,y,2025
ANA202507260,SEA,ANA,ANA01,20250726,0,6:38PM,night,9,2,true,,172,40836,unknown,none,cloudy,74,tocf,8,munse701,,,eddid901,ramoc901,jimee901,muchm901,(none),(none),kirbg001,fermj002,,regular,7,2,SEA,ANA,y,both,y,y,y,2025
ANA202507270,SEA,ANA,ANA01,20250727,0,1:07PM,day,9,2,true,,149,27219,unknown,none,sunny,78,tocf,8,munse701,,,ramoc901,jimee901,muchm901,eddid901,(none),(none),hendk001,gilbl002,jansk001,regular,1,4,ANA,SEA,y,both,y,y,y,2025
ANA202507280,TEX,ANA,ANA01,20250728,0,6:38PM,night,9,2,true,,163,24538,unknown,none,sunny,77,torf,8,reevt701,,,valej901,hudsm901,metzj901,morag901,(none),(none),brogc001,degrj001,jansk001,regular,4,6,ANA,TEX,y,both,y,y,y,2025
ANA202507290,TEX,ANA,ANA01,20250729,0,6:38PM,night,9,2,true,,200,26390,unknown,none,sunny,78,torf,8,johnc701,,,hudsm901,metzj901,morag901,valej901,(none),(none),burkb001,grayj003,jansk001,regular,5,8,ANA,TEX,y,both,y,y,y,2025
ANA202507300,TEX,ANA,ANA01,20250730,0,6:38PM,night,9,2,true,,162,27162,unknown,none,sunny,78,tocf,8,munse701,,,metzj901,morag901,valej901,hudsm901,(none),(none),eovan001,sorij002,garcr008,regular,6,3,TEX,ANA,y,both,y,y,y,2025
ANA202508010,CHA,ANA,ANA01,20250801,0,6:38PM,night,9,2,true,,171,29937,unknown,none,sunny,75,rtol,5,johnc701,,,tumpj901,millb903,rehaj901,conrc901,(none),(none),leasj001,andet002,wilss002,regular,6,3,CHA,ANA,y,both,y,y,y,2025
ANA202508020,CHA,ANA,ANA01,20250802,0,7:07PM,night,9,2,true,,135,39161,unknown,none,sunny,77,tocf,7,munse701,,,millb903,rehaj901,conrc901,tumpj901,(none),(none),civaa001,hendk001,leasj001,regular,1,0,CHA,ANA,y,both,y,y,y,2025
ANA202508030,CHA,ANA,ANA01,20250803,0,1:07PM,day,9,2,true,,164,30963,unknown,none,sunny,82,tocf,6,munse701,,,rehaj901,conrc901,tumpj901,millb903,(none),(none),jansk001,alext001,,regular,5,8,ANA,CHA,y,both,y,y,y,2025
ANA202508040,TBA,ANA,ANA01,20250804,0,6:38PM,night,9,2,true,,153,25754,unknown,none,cloudy,78,tocf,7,munse701,,,blasc901,tosia901,gonzm901,ballb901,(none),(none),kikuy001,housa001,,regular,1,5,ANA,TBA,y,both,y,y,y,2025
ANA202508050,TBA,ANA,ANA01,20250805,0,6:38PM,night,9,2,true,,143,27018,unknown,none,cloudy,79,tocf,7,reevt701,,,tosia901,gonzm901,ballb901,blasc901,(none),(none),pepir001,sorij002,,regular,7,3,TBA,ANA,y,both,y,y,y,2025
ANA202508060,TBA,ANA,ANA01,20250806,0,1:07PM,day,9,2,true,,173,22064,unknown,none,sunny,89,tocf,8,munse701,,,gonzm901,ballb901,blasc901,tosia901,(none),(none),cleag001,zefer001,fairp001,regular,5,4,TBA,ANA,y,both,y,y,y,2025
DET202508080,ANA,DET,DET05,20250808,0,7:10PM,night,9,2,true,,157,35290,unknown,none,sunny,84,fromcf,8,kleir701,,,hanat901,cejan901,ticht901,hamaa901,(none),(none),meltt001,detmr001,finnk001,regular,5,6,DET,ANA,y,both,y,y,y,2025
DET202508090,ANA,DET,DET05,20250809,0,6:10PM,night,9,2,true,,175,37741,unknown,none,sunny,87,torf,8,kleir701,,,cejan901,ticht901,hamaa901,hanat901,(none),(none),kikuy001,mortc002,jansk001,regular,7,4,ANA,DET,y,both,y,y,y,2025
DET202508100,ANA,DET,DET05,20250810,0,1:40PM,day,9,2,true,,170,30810,unknown,none,sunny,89,fromrf,3,klonc701,,,ticht901,hamaa901,hanat901,cejan901,(none),(none),mizec001,kochj001,,regular,5,9,DET,ANA,y,both,y,y,y,2025
ANA202508110,LAN,ANA,ANA01,20250811,0,6:38PM,night,9,2,true,,170,44571,unknown,none,sunny,76,tocf,9,munse701,,,iassd901,barrs901,buckc901,becka901,(none),(none),sorij002,yamay001,jansk001,regular,4,7,ANA,LAN,y,both,y,y,y,2025
ANA202508120,LAN,ANA,ANA01,20250812,0,6:38PM,night,9,2,true,,194,44741,unknown,none,sunny,75,rtol,10,reevt701,,,barrs901,buckc901,becka901,iassd901,(none),(none),brogc001,caspb001,,regular,6,7,ANA,LAN,y,both,y,y,y,2025
ANA202508130,LAN,ANA,ANA01,20250813,0,6:38PM,night,9,2,true,,180,44893,unknown,none,sunny,76,tocf,10,munse701,,,buckc901,becka901,iassd901,barrs901,(none),(none),burkb001,wrobj001,jansk001,regular,5,6,ANA,LAN,y,both,y,y,y,2025
ATH202508150,ANA,ATH,SAC01,20250815,0,7:05PM,night,9,2,true,,181,8484,unknown,none,sunny,88,tocf,13,honbm701,,,arrid901,barkl901,littw901,addir901,(none),(none),perkj001,kikuy001,,regular,3,10,ATH,ANA,y,both,y,y,y,2025
ATH202508160,ANA,ATH,SAC01,20250816,0,7:05PM,night,9,2,true,,166,10035,unknown,none,sunny,80,tolf,12,honbm701,,,barkl901,littw901,addir901,arrid901,(none),(none),moral001,andet002,newcs001,regular,2,7,ATH,ANA,y,both,y,y,y,2025
ATH202508170,ANA,ATH,SAC01,20250817,0,1:05PM,day,9,2,true,,209,8876,unknown,none,sunny,78,tolf,11,honbm701,,,littw901,addir901,arrid901,barkl901,(none),(none),jansk001,kellm004,,regular,11,5,ANA,ATH,y,both,y,y,y,2025
ANA202508180,CIN,ANA,ANA01,20250818,0,6:38PM,night,9,2,true,,160,25421,unknown,none,sunny,78,tocf,4,johnc701,,,conrc901,tumpj901,millb903,rehaj901,(none),(none),singb001,medev001,barls001,regular,4,1,CIN,ANA,y,both,y,y,y,2025
ANA202508190,CIN,ANA,ANA01,20250819,0,6:38PM,night,9,2,true,,150,22276,unknown,none,sunny,82,tocf,6,reevt701,,,tumpj901,millb903,rehaj901,conrc901,(none),(none),mey-l001,jansk001,santt001,regular,6,4,CIN,ANA,y,both,y,y,y,2025
ANA202508200,CIN,ANA,ANA01,20250820,0,6:38PM,night,9,2,true,,137,27083,unknown,none,cloudy,87,torf,8,munse701,,,millb903,rehaj901,conrc901,tumpj901,(none),(none),detmr001,ashcg001,garcl005,regular,1,2,ANA,CIN,y,both,y,y,y,2025
ANA202508220,CHN,ANA,ANA01,20250822,0,6:38PM,night,9,2,true,,144,39872,unknown,none,cloudy,83,torf,7,johnc701,,,johna901,wolcq901,walsb901,clemp901,(none),(none),kellb003,jansk001,paled001,regular,3,2,CHN,ANA,y,both,y,y,y,2025
ANA202508230,CHN,ANA,ANA01,20250823,0,6:38PM,night,9,2,true,,143,44355,unknown,none,sunny,87,tocf,7,peted701,,,wolcq901,walsb901,clemp901,johna901,(none),(none),hortc001,medev001,browb006,regular,12,1,CHN,ANA,y,both,y,y,y,2025
ANA202508240,CHN,ANA,ANA01,20250824,0,1:07PM,day,9,2,true,,163,41206,unknown,none,sunny,88,tocf,4,munse701,,,walsb901,clemp901,johna901,wolcq901,(none),(none),tailj001,hendk001,paled001,regular,4,3,CHN,ANA,y,both,y,y,y,2025
TEX202508250,ANA,TEX,ARL03,20250825,0,7:05PM,night,9,2,true,,162,22949,unknown,none,dome,74,unknown,0,wells701,,,macka901,bacoj901,porta901,wolfj901,(none),(none),sorij002,degrj001,,regular,4,0,ANA,TEX,y,both,y,y,y,2025
TEX202508260,ANA,TEX,ARL03,20250826,0,7:05PM,night,9,2,true,,149,28485,unknown,none,dome,74,unknown,0,ruizc701,,,bacoj901,porta901,wolfj901,macka901,(none),(none),corbp001,kikuy001,,regular,3,7,TEX,ANA,y,both,y,y,y,2025
TEX202508270,ANA,TEX,ARL03,20250827,0,7:05PM,night,9,2,true,,168,22353,unknown,none,dome,74,unknown,0,clodt701,,,porta901,wolfj901,macka901,bacoj901,(none),(none),webbj002,kochj001,,regular,3,20,TEX,ANA,y,both,y,y,y,2025
HOU202508290,ANA,HOU,HOU03,20250829,0,7:10PM,night,9,2,true,,165,33841,unknown,none,dome,73,unknown,0,wilkt701,,,carav901,lentn901,rippm901,mahrn901,(none),(none),deloe001,garcl005,ort-k001,regular,0,2,HOU,ANA,y,both,y,y,y,2025
HOU202508300,ANA,HOU,HOU03,20250830,0,6:10PM,night,9,2,true,,164,38559,unknown,none,dome,73,unknown,0,johnf701,,,lentn901,rippm901,mahrn901,carav901,(none),(none),fermj002,abreb002,jansk001,regular,4,1,ANA,HOU,y,both,y,y,y,2025
HOU202508310,ANA,HOU,HOU03,20250831,0,1:10PM,day,9,2,true,,161,36811,unknown,none,dome,73,unknown,0,johnf701,,,rippm901,mahrn901,carav901,lentn901,(none),(none),sorij002,browh001,jansk001,regular,3,0,ANA,HOU,y,both,y,y,y,2025
HOU202509010,ANA,HOU,HOU03,20250901,0,1:10PM,day,9,2,true,,173,33247,unknown,none,dome,73,unknown,0,wilkt701,,,mahrn901,lentn901,metzj901,rippm901,(none),(none),garcl007,kikuy001,,regular,3,8,HOU,ANA,y,both,y,y,y,2025
KCA202509020,ANA,KCA,KAN06,20250902,0,6:40PM,night,9,2,true,,147,13685,unknown,none,cloudy,80,ltor,4,utslm701,,,rackd901,ballb901,mosce901,guccc901,(none),(none),farrm001,lorem002,,regular,5,1,ANA,KCA,y,both,y,y,y,2025
KCA202509030,ANA,KCA,KAN06,20250903,0,6:40PM,night,9,2,true,,161,15924,unknown,none,cloudy,83,ltor,6,utslm701,,,ballb901,mosce901,guccc901,rackd901,(none),(none),stepr002,ercel001,detmr001,regular,4,3,ANA,KCA,y,both,y,y,y,2025
KCA202509040,ANA,KCA,KAN06,20250904,0,6:40PM,night,9,2,true,,133,17352,unknown,none,sunny,75,tolf,5,utslm701,,,guccc901,jascs901,rackd901,ballb901,(none),(none),ercel001,zefer001,estec001,regular,3,4,KCA,ANA,y,both,y,y,y,2025
ANA202509050,ATH,ANA,ANA01,20250905,0,6:38PM,night,9,2,true,,177,30779,unknown,none,sunny,82,tocf,6,reevt701,,,jimee902,fairc901,millb901,ortir901,(none),(none),barnm002,sorij002,,regular,10,4,ATH,ANA,y,both,y,y,y,2025
ANA202509060,ATH,ANA,ANA01,20250906,0,6:38PM,night,9,2,true,,179,35816,unknown,none,sunny,87,rtol,3,peted701,,,fairc901,millb901,ortir901,jimee902,(none),(none),ginnj001,kikuy001,,regular,17,4,ATH,ANA,y,both,y,y,y,2025
ANA202509070,ATH,ANA,ANA01,20250907,0,1:07PM,day,9,2,true,,150,33053,unknown,none,sunny,88,rtol,8,munse701,,,millb901,ortir901,jimee902,fairc901,(none),(none),detmr001,bidoo001,jansk001,regular,3,4,ANA,ATH,y,both,y,y,y,2025
ANA202509080,MIN,ANA,ANA01,20250908,0,6:38PM,night,9,2,true,,190,28824,unknown,none,sunny,79,tocf,7,johnc701,,,blakr901,pawoj901,valej901,hudsm901,(none),(none),woods002,danac001,,regular,12,3,MIN,ANA,y,both,y,y,y,2025
ANA202509090,MIN,ANA,ANA01,20250909,0,6:38PM,night,9,2,true,,163,29694,unknown,none,sunny,75,tocf,10,johnc701,,,pawoj901,valej901,hudsm901,blakr901,(none),(none),hendk001,mattz001,,regular,2,12,ANA,MIN,y,both,y,y,y,2025
ANA202509100,MIN,ANA,ANA01,20250910,0,1:07PM,day,9,2,true,,149,20746,unknown,none,sunny,79,tocf,8,munse701,,,valej901,hudsm901,blakr901,pawoj901,(none),(none),stepr002,sandc001,jansk001,regular,3,4,ANA,MIN,y,both,y,y,y,2025
SEA202509110,ANA,SEA,SEA03,20250911,0,6:40PM,night,9,2,true,,240,19129,unknown,none,cloudy,67,unknown,0,broog701,,,muchm901,jimee901,eddid901,morag901,(none),(none),castj007,peras001,,regular,6,7,SEA,ANA,y,both,y,y,y,2025
SEA202509120,ANA,SEA,SEA03,20250912,0,7:10PM,night,9,2,true,,154,36143,unknown,none,sunny,70,ltor,3,radoe701,,,jimee901,eddid901,morag901,muchm901,(none),(none),vargc003,brogc001,munoa002,regular,1,2,SEA,ANA,y,both,y,y,y,2025
SEA202509130,ANA,SEA,SEA03,20250913,0,6:40PM,night,9,2,true,,147,38962,unknown,none,sunny,74,tocf,8,padud701,,,eddid901,morag901,muchm901,jimee901,(none),(none),woo-b001,farrm001,brasm001,regular,3,5,SEA,ANA,y,both,y,y,y,2025
SEA202509140,ANA,SEA,SEA03,20250914,0,1:10PM,day,9,2,true,,156,42513,unknown,none,cloudy,65,rtol,5,broog701,,,morag901,muchm901,jimee901,eddid901,(none),(none),kirbg001,hendk001,,regular,2,11,SEA,ANA,y,both,y,y,y,2025
MIL202509160,ANA,MIL,MIL06,20250916,0,6:40PM,night,9,2,true,,159,28566,unknown,none,sunny,75,fromlf,6,quesd701,,,lives901,tomln901,drecb901,muchm901,(none),(none),peraf001,danac001,,regular,2,9,MIL,ANA,y,both,y,y,y,2025
MIL202509170,ANA,MIL,MIL06,20250917,0,6:40PM,night,9,2,true,,141,28493,unknown,none,sunny,78,fromcf,5,odrit701,,,tomln901,drecb901,muchm901,lives901,(none),(none),woodb005,sorij002,,regular,2,9,MIL,ANA,y,both,y,y,y,2025
MIL202509180,ANA,MIL,MIL06,20250918,0,6:40PM,night,9,2,true,,155,34261,unknown,none,sunny,74,fromrf,8,odrit701,,,drecb901,muchm901,lives901,tomln901,(none),(none),ashba003,garcl005,koenj001,regular,2,5,MIL,ANA,y,both,y,y,y,2025
COL202509190,ANA,COL,DEN02,20250919,0,6:10PM,night,9,2,true,,152,47587,unknown,none,cloudy,78,tolf,7,geibj701,,,ballb901,fairc901,millb901,ortir901,(none),(none),blalb001,farrm001,vodnv001,regular,6,7,COL,ANA,y,both,y,y,y,2025
COL202509200,ANA,COL,DEN02,20250920,0,6:10PM,night,9,2,true,,132,36407,unknown,none,cloudy,77,rtol,2,smytd701,,,fairc901,millb901,ortir901,ballb901,(none),(none),hendk001,marqg001,garcl005,regular,3,0,ANA,COL,y,both,y,y,y,2025
COL202509210,ANA,COL,DEN02,20250921,0,1:10PM,day,9,2,true,,135,28516,unknown,none,cloudy,74,ltor,3,smytd701,,,millb901,ortir901,ballb901,fairc901,(none),(none),freek001,danac001,vodnv001,regular,1,3,COL,ANA,y,both,y,y,y,2025
ANA202509230,KCA,ANA,ANA01,20250923,0,6:38PM,night,9,2,true,,162,30861,unknown,none,cloudy,78,rtol,7,reevt701,,,barkl901,littw901,walsb901,addir901,(none),(none),ragac001,aldes001,,regular,8,4,KCA,ANA,y,both,y,y,y,2025
ANA202509240,KCA,ANA,ANA01,20250924,0,6:38PM,night,9,2,true,,143,29266,unknown,none,sunny,79,tocf,7,johnc701,,,littw901,walsb901,addir901,barkl901,(none),(none),kikuy001,koles001,jansk001,regular,2,3,ANA,KCA,y,both,y,y,y,2025
ANA202509250,KCA,ANA,ANA01,20250925,0,6:38PM,night,9,2,true,,153,35752,unknown,none,sunny,72,tocf,6,johnc701,,,walsb901,trayw901,barkl901,littw901,(none),(none),lorem002,farrm001,,regular,9,4,KCA,ANA,y,both,y,y,y,2025
ANA202509260,HOU,ANA,ANA01,20250926,0,6:38PM,night,9,2,true,,161,37448,unknown,none,cloudy,71,tocf,2,munse701,,,viscj901,fleta901,moorm901,clemp901,(none),(none),burkb001,kingb001,jansk001,regular,3,4,ANA,HOU,y,both,y,y,y,2025
ANA202509270,HOU,ANA,ANA01,20250927,0,6:38PM,night,9,2,true,,146,36487,unknown,none,cloudy,70,rtol,9,johnc701,,,fleta901,moorm901,clemp901,viscj901,(none),(none),franj006,danac001,,regular,6,1,HOU,ANA,y,both,y,y,y,2025
ANA202509280,HOU,ANA,ANA01,20250928,0,12:07PM,day,9,2,true,,163,30609,unknown,none,cloudy,78,tocf,4,munse701,,,moorm901,clemp901,viscj901,fleta901,(none),(none),gordc001,aldes001,,regular,6,2,HOU,ANA,y,both,y,y,y,2025
